off_rtg_diff,def_rtg_diff,net_rtg_diff,pace_diff,ts_pct_diff,rest_diff,last15_win_diff,last15_pm_diff,fg3_diff,reb_diff,ast_diff,tov_diff,stl_diff,win_pct_diff,home_court,home_win
4.799999999999997,-4.0,8.9,0.9699999999999989,0.03399999999999992,0.0,1.0,14.0,-0.03345833333333337,-0.8125,2.145833333333332,-1.875,1.0,0.16666666666666669,1,1
4.799999999999997,-4.0,8.9,0.9699999999999989,0.03399999999999992,0.0,0.0,-0.5,-0.03345833333333337,-0.8125,2.145833333333332,-1.875,1.0,0.16666666666666669,1,1
5.200000000000003,-0.10000000000000853,5.300000000000001,0.36999999999999034,0.028999999999999915,-5.0,-0.33333333333333337,-8.5,-0.07902499999999996,-3.512500000000003,0.7124999999999986,-1.375,1.4000000000000004,-0.09999999999999998,1,0
5.200000000000003,-0.10000000000000853,5.300000000000001,0.36999999999999034,0.028999999999999915,0.0,-0.4285714285714286,-8.542857142857143,-0.07902499999999996,-3.512500000000003,0.7124999999999986,-1.375,1.4000000000000004,-0.09999999999999998,1,1
5.200000000000003,-0.10000000000000853,5.300000000000001,0.36999999999999034,0.028999999999999915,0.0,-0.15000000000000002,-0.7750000000000004,-0.07902499999999996,-3.512500000000003,0.7124999999999986,-1.375,1.4000000000000004,-0.09999999999999998,1,1
-1.8999999999999915,-3.0,1.1000000000000005,1.4299999999999926,0.005999999999999894,-1.0,-0.13333333333333341,-2.833333333333333,-0.02427499999999999,-3.4125000000000014,5.8125,0.4250000000000007,2.2,-0.19999999999999996,1,0
-1.8999999999999915,-3.0,1.1000000000000005,1.4299999999999926,0.005999999999999894,0.0,-0.2027972027972028,-3.86013986013986,-0.02427499999999999,-3.4125000000000014,5.8125,0.4250000000000007,2.2,-0.19999999999999996,1,0
-1.2000000000000028,-1.7000000000000028,0.6000000000000001,-1.8000000000000114,0.02100000000000002,-30.0,0.4666666666666667,8.583333333333334,0.06153333333333333,-1.7000000000000028,1.6000000000000014,-0.4666666666666668,1.166666666666667,0.06666666666666671,1,1
-1.2000000000000028,-1.7000000000000028,0.6000000000000001,-1.8000000000000114,0.02100000000000002,0.0,0.4666666666666667,6.666666666666666,0.06153333333333333,-1.7000000000000028,1.6000000000000014,-0.4666666666666668,1.166666666666667,0.06666666666666671,1,1
-1.2000000000000028,-1.7000000000000028,0.6000000000000001,-1.8000000000000114,0.02100000000000002,0.0,0.21666666666666667,4.016666666666667,0.06153333333333333,-1.7000000000000028,1.6000000000000014,-0.4666666666666668,1.166666666666667,0.06666666666666671,1,1
-5.6000000000000085,-3.1000000000000085,-2.4,3.8100000000000023,-0.006000000000000005,0.0,-0.2666666666666666,-7.466666666666667,-0.06280000000000002,1.0142857142857125,1.3619047619047642,2.128571428571428,-0.26190476190476186,-0.36190476190476184,1,0
-5.6000000000000085,-3.1000000000000085,-2.4,3.8100000000000023,-0.006000000000000005,0.0,-0.33333333333333326,-8.733333333333333,-0.06280000000000002,1.0142857142857125,1.3619047619047642,2.128571428571428,-0.26190476190476186,-0.36190476190476184,1,0
-5.900000000000006,-3.5999999999999943,-2.4,-0.1799999999999926,-0.02299999999999991,0.0,-0.39999999999999997,-9.166666666666668,-0.02110256410256406,1.3333333333333357,-0.4358974358974379,2.4230769230769234,-1.9230769230769234,-0.20512820512820512,1,1
-5.900000000000006,-3.5999999999999943,-2.4,-0.1799999999999926,-0.02299999999999991,0.0,-0.2820512820512821,-5.435897435897436,-0.02110256410256406,1.3333333333333357,-0.4358974358974379,2.4230769230769234,-1.9230769230769234,-0.20512820512820512,1,1
-5.900000000000006,-3.5999999999999943,-2.4,-0.1799999999999926,-0.02299999999999991,0.0,-0.19999999999999996,-2.066666666666667,-0.02110256410256406,1.3333333333333357,-0.4358974358974379,2.4230769230769234,-1.9230769230769234,-0.20512820512820512,1,0
4.099999999999994,4.299999999999997,-0.19999999999999973,2.3600000000000136,0.02199999999999991,0.0,-0.16666666666666669,-5.766666666666667,0.0012666666666666382,-4.011111111111113,1.62222222222222,0.48888888888888893,0.9222222222222225,0.35555555555555557,1,1
4.099999999999994,4.299999999999997,-0.19999999999999973,2.3600000000000136,0.02199999999999991,0.0,0.06666666666666671,0.3999999999999999,0.0012666666666666382,-4.011111111111113,1.62222222222222,0.48888888888888893,0.9222222222222225,0.35555555555555557,1,1
1.7999999999999972,5.099999999999994,-3.3,-1.4399999999999977,0.0020000000000000018,0.0,0.06666666666666665,-0.06666666666666668,-0.054333333333333345,-2.2777777777777786,-4.694444444444446,-0.3611111111111107,-1.2777777777777777,-0.02777777777777779,1,0
1.7999999999999972,5.099999999999994,-3.3,-1.4399999999999977,0.0020000000000000018,0.0,0.0,-1.6666666666666667,-0.054333333333333345,-2.2777777777777786,-4.694444444444446,-0.3611111111111107,-1.2777777777777777,-0.02777777777777779,1,1
1.7999999999999972,5.099999999999994,-3.3,-1.4399999999999977,0.0020000000000000018,0.0,0.19999999999999996,-2.0,-0.054333333333333345,-2.2777777777777786,-4.694444444444446,-0.3611111111111107,-1.2777777777777777,-0.02777777777777779,1,0
-2.200000000000003,1.3999999999999915,-3.5999999999999996,-4.1699999999999875,-0.01200000000000001,0.0,-0.06666666666666665,-7.933333333333334,0.027101449275362344,-6.5676328502415515,-2.603864734299517,-0.19806763285024154,-1.103864734299517,-0.14009661835748788,1,0
-2.200000000000003,1.3999999999999915,-3.5999999999999996,-4.1699999999999875,-0.01200000000000001,0.0,-0.06666666666666665,-8.133333333333333,0.027101449275362344,-6.5676328502415515,-2.603864734299517,-0.19806763285024154,-1.103864734299517,-0.14009661835748788,1,1
-2.200000000000003,1.3999999999999915,-3.5999999999999996,-4.1699999999999875,-0.01200000000000001,0.0,-0.06666666666666665,-6.666666666666666,0.027101449275362344,-6.5676328502415515,-2.603864734299517,-0.19806763285024154,-1.103864734299517,-0.14009661835748788,1,0
2.4000000000000057,5.299999999999997,-2.9,2.1400000000000006,-0.0030000000000000027,0.0,0.0,-1.1333333333333337,0.011888888888888838,-1.6555555555555586,-3.288888888888888,4.399999999999999,-2.533333333333334,-0.41111111111111115,1,1
2.4000000000000057,5.299999999999997,-2.9,2.1400000000000006,-0.0030000000000000027,0.0,0.06666666666666671,-1.0666666666666664,0.011888888888888838,-1.6555555555555586,-3.288888888888888,4.399999999999999,-2.533333333333334,-0.41111111111111115,1,0
-1.7999999999999972,4.800000000000011,-6.6000000000000005,2.4099999999999966,-0.02100000000000002,0.0,-0.26666666666666666,-11.0,0.005933333333333346,0.7833333333333385,0.3500000000000014,0.2833333333333332,1.666666666666667,-0.21666666666666673,1,1
-1.7999999999999972,4.800000000000011,-6.6000000000000005,2.4099999999999966,-0.02100000000000002,0.0,-0.2,-10.333333333333332,0.005933333333333346,0.7833333333333385,0.3500000000000014,0.2833333333333332,1.666666666666667,-0.21666666666666673,1,0
-1.7999999999999972,4.800000000000011,-6.6000000000000005,2.4099999999999966,-0.02100000000000002,0.0,-0.26666666666666666,-10.533333333333333,0.005933333333333346,0.7833333333333385,0.3500000000000014,0.2833333333333332,1.666666666666667,-0.21666666666666673,1,0
-3.700000000000003,0.6000000000000085,-4.2,4.790000000000006,-0.006000000000000005,0.0,-0.26666666666666666,-8.600000000000001,-0.06861111111111112,-7.611111111111107,-3.277777777777775,1.5555555555555554,-1.4444444444444455,-0.4444444444444445,1,1
-3.700000000000003,0.6000000000000085,-4.2,4.790000000000006,-0.006000000000000005,0.0,-0.13333333333333336,-7.533333333333333,-0.06861111111111112,-7.611111111111107,-3.277777777777775,1.5555555555555554,-1.4444444444444455,-0.4444444444444445,1,0
-3.700000000000003,0.6000000000000085,-4.2,4.790000000000006,-0.006000000000000005,0.0,-0.13333333333333336,-10.933333333333334,-0.06861111111111112,-7.611111111111107,-3.277777777777775,1.5555555555555554,-1.4444444444444455,-0.4444444444444445,1,0
-6.299999999999997,-1.7999999999999972,-4.5,3.4799999999999898,-0.03400000000000003,0.0,-1.0,-21.0,-0.08115,-6.350000000000001,2.0,1.8000000000000007,-1.0499999999999998,-0.7,1,0
-6.299999999999997,-1.7999999999999972,-4.5,3.4799999999999898,-0.03400000000000003,0.0,-1.0,-19.333333333333332,-0.08115,-6.350000000000001,2.0,1.8000000000000007,-1.0499999999999998,-0.7,1,0
1.2000000000000028,1.7000000000000028,-0.6000000000000001,1.8000000000000114,-0.02100000000000002,0.0,-0.5333333333333333,-9.899999999999999,-0.06153333333333333,1.7000000000000028,-1.6000000000000014,0.4666666666666668,-1.166666666666667,-0.06666666666666671,1,1
1.2000000000000028,1.7000000000000028,-0.6000000000000001,1.8000000000000114,-0.02100000000000002,0.0,-0.3904761904761905,-7.247619047619048,-0.06153333333333333,1.7000000000000028,-1.6000000000000014,0.4666666666666668,-1.166666666666667,-0.06666666666666671,1,1
1.2000000000000028,1.7000000000000028,-0.6000000000000001,1.8000000000000114,-0.02100000000000002,0.0,-0.24444444444444446,-6.688888888888889,-0.06153333333333333,1.7000000000000028,-1.6000000000000014,0.4666666666666668,-1.166666666666667,-0.06666666666666671,1,0
4.099999999999994,1.7999999999999972,2.3000000000000003,1.1899999999999977,0.03699999999999992,-350.0,-0.3,-11.116666666666667,0.07666666666666672,-8.722222222222221,6.944444444444443,-1.0,0.5555555555555554,0.16666666666666669,1,0
4.099999999999994,1.7999999999999972,2.3000000000000003,1.1899999999999977,0.03699999999999992,0.0,-0.3566433566433566,-10.825174825174825,0.07666666666666672,-8.722222222222221,6.944444444444443,-1.0,0.5555555555555554,0.16666666666666669,1,0
4.099999999999994,1.7999999999999972,2.3000000000000003,1.1899999999999977,0.03699999999999992,0.0,-0.18095238095238098,-6.328571428571429,0.07666666666666672,-8.722222222222221,6.944444444444443,-1.0,0.5555555555555554,0.16666666666666669,1,1
0.19999999999998863,-0.7999999999999972,0.9000000000000001,-0.730000000000004,0.0030000000000000027,0.0,-0.19999999999999996,-4.133333333333334,0.049064102564102596,-5.055555555555557,4.175213675213673,-0.07692307692307665,-0.20085470085470103,-0.038461538461538436,1,1
0.19999999999998863,-0.7999999999999972,0.9000000000000001,-0.730000000000004,0.0030000000000000027,0.0,-0.06666666666666665,-1.2666666666666666,0.049064102564102596,-5.055555555555557,4.175213675213673,-0.07692307692307665,-0.20085470085470103,-0.038461538461538436,1,1
0.19999999999998863,-0.7999999999999972,0.9000000000000001,-0.730000000000004,0.0030000000000000027,0.0,0.06666666666666665,-2.0,0.049064102564102596,-5.055555555555557,4.175213675213673,-0.07692307692307665,-0.20085470085470103,-0.038461538461538436,1,1
0.19999999999998863,-0.7999999999999972,0.9000000000000001,-0.730000000000004,0.0030000000000000027,0.0,0.06666666666666665,0.4666666666666667,0.049064102564102596,-5.055555555555557,4.175213675213673,-0.07692307692307665,-0.20085470085470103,-0.038461538461538436,1,1
-2.200000000000003,-1.7000000000000028,-0.5,0.46999999999999886,-0.013000000000000012,-8.0,-0.2666666666666667,-4.800000000000001,-0.04994444444444446,-4.222222222222221,4.888888888888886,0.22222222222222143,0.33333333333333304,-0.2222222222222222,1,0
-2.200000000000003,-1.7000000000000028,-0.5,0.46999999999999886,-0.013000000000000012,0.0,-0.33333333333333337,-5.733333333333333,-0.04994444444444446,-4.222222222222221,4.888888888888886,0.22222222222222143,0.33333333333333304,-0.2222222222222222,1,0
-2.200000000000003,-1.7000000000000028,-0.5,0.46999999999999886,-0.013000000000000012,0.0,-0.33333333333333337,-11.866666666666667,-0.04994444444444446,-4.222222222222221,4.888888888888886,0.22222222222222143,0.33333333333333304,-0.2222222222222222,1,0
-2.200000000000003,-5.8999999999999915,3.8000000000000003,-0.28000000000000114,-0.018999999999999906,-28.0,0.2,3.1,-0.030443609022556384,3.112781954887218,-0.7894736842105274,-1.7819548872180455,0.2706766917293235,0.1503759398496241,1,1
-2.200000000000003,-5.8999999999999915,3.8000000000000003,-0.28000000000000114,-0.018999999999999906,0.0,0.22564102564102562,2.8615384615384616,-0.030443609022556384,3.112781954887218,-0.7894736842105274,-1.7819548872180455,0.2706766917293235,0.1503759398496241,1,1
-2.200000000000003,-5.8999999999999915,3.8000000000000003,-0.28000000000000114,-0.018999999999999906,0.0,0.0,-3.4000000000000004,-0.030443609022556384,3.112781954887218,-0.7894736842105274,-1.7819548872180455,0.2706766917293235,0.1503759398496241,1,1
-2.200000000000003,-5.8999999999999915,3.8000000000000003,-0.28000000000000114,-0.018999999999999906,0.0,-0.06666666666666665,-4.133333333333334,-0.030443609022556384,3.112781954887218,-0.7894736842105274,-1.7819548872180455,0.2706766917293235,0.1503759398496241,1,1
-1.7000000000000028,-0.7000000000000028,-0.9999999999999996,-4.0,-0.015999999999999903,-4.0,-0.33333333333333337,-15.133333333333333,0.007042105263157905,-7.815789473684212,-4.589473684210528,-2.810526315789474,-0.9578947368421051,0.07894736842105265,1,1
-1.7000000000000028,-0.7000000000000028,-0.9999999999999996,-4.0,-0.015999999999999903,0.0,-0.19999999999999996,-11.066666666666666,0.007042105263157905,-7.815789473684212,-4.589473684210528,-2.810526315789474,-0.9578947368421051,0.07894736842105265,1,1
-1.7000000000000028,-0.7000000000000028,-0.9999999999999996,-4.0,-0.015999999999999903,0.0,-0.022222222222222254,-9.222222222222221,0.007042105263157905,-7.815789473684212,-4.589473684210528,-2.810526315789474,-0.9578947368421051,0.07894736842105265,1,1
-5.200000000000003,-7.8999999999999915,2.6,-1.9699999999999989,-0.03199999999999992,-2.0,0.0,-1.4666666666666666,0.011205741626794274,0.32057416267942074,1.983253588516746,-1.1650717703349294,0.8875598086124405,0.03349282296650724,1,1
-5.200000000000003,-7.8999999999999915,2.6,-1.9699999999999989,-0.03199999999999992,0.0,0.0,0.4,0.011205741626794274,0.32057416267942074,1.983253588516746,-1.1650717703349294,0.8875598086124405,0.03349282296650724,1,1
-5.200000000000003,-7.8999999999999915,2.6,-1.9699999999999989,-0.03199999999999992,0.0,-0.06666666666666665,-0.06666666666666665,0.011205741626794274,0.32057416267942074,1.983253588516746,-1.1650717703349294,0.8875598086124405,0.03349282296650724,1,1
-5.200000000000003,-7.8999999999999915,2.6,-1.9699999999999989,-0.03199999999999992,0.0,-0.06666666666666665,0.0,0.011205741626794274,0.32057416267942074,1.983253588516746,-1.1650717703349294,0.8875598086124405,0.03349282296650724,1,0
1.8999999999999915,1.0,0.8999999999999999,1.7900000000000063,0.005999999999999894,-28.0,0.26666666666666666,-1.8666666666666665,0.019000000000000017,7.527777777777779,0.6944444444444429,2.6388888888888893,-2.3611111111111107,0.5555555555555556,1,1
1.8999999999999915,1.0,0.8999999999999999,1.7900000000000063,0.005999999999999894,0.0,0.3333333333333333,0.2666666666666666,0.019000000000000017,7.527777777777779,0.6944444444444429,2.6388888888888893,-2.3611111111111107,0.5555555555555556,1,1
-2.200000000000003,2.0999999999999943,-4.3,-3.1399999999999864,-0.016000000000000014,0.0,0.06666666666666665,-2.8000000000000007,0.012933333333333352,-4.1555555555555515,-3.555555555555557,1.488888888888889,-0.7777777777777777,-0.11111111111111105,1,0
-2.200000000000003,2.0999999999999943,-4.3,-3.1399999999999864,-0.016000000000000014,0.0,0.0,-4.666666666666666,0.012933333333333352,-4.1555555555555515,-3.555555555555557,1.488888888888889,-0.7777777777777777,-0.11111111111111105,1,0
2.0999999999999943,-1.9000000000000057,4.0,0.3299999999999983,0.0040000000000000036,4.0,-0.06666666666666665,-5.7333333333333325,0.07048529411764698,-0.764705882352942,5.147058823529413,1.4264705882352935,1.7058823529411766,0.5882352941176471,1,1
2.0999999999999943,-1.9000000000000057,4.0,0.3299999999999983,0.0040000000000000036,0.0,-0.06666666666666665,-5.733333333333333,0.07048529411764698,-0.764705882352942,5.147058823529413,1.4264705882352935,1.7058823529411766,0.5882352941176471,1,1
2.0,1.7999999999999972,0.20000000000000018,-1.269999999999996,-0.0040000000000000036,0.0,0.0,-4.666666666666668,-0.01958288770053479,0.5989304812834249,-2.1711229946524035,0.7219251336898385,-0.3850267379679142,-0.048128342245989275,1,0
2.0,1.7999999999999972,0.20000000000000018,-1.269999999999996,-0.0040000000000000036,0.0,-0.06666666666666665,-4.2666666666666675,-0.01958288770053479,0.5989304812834249,-2.1711229946524035,0.7219251336898385,-0.3850267379679142,-0.048128342245989275,1,0
2.0,1.7999999999999972,0.20000000000000018,-1.269999999999996,-0.0040000000000000036,0.0,-0.06666666666666665,-2.5333333333333337,-0.01958288770053479,0.5989304812834249,-2.1711229946524035,0.7219251336898385,-0.3850267379679142,-0.048128342245989275,1,0
0.8999999999999915,-2.799999999999997,3.5999999999999996,1.2199999999999989,-0.017000000000000015,-3.0,-0.06666666666666665,1.5999999999999999,-0.02457422969187678,3.9019607843137223,-2.257703081232492,0.8431372549019596,-0.19887955182072847,-0.07843137254901955,1,0
0.8999999999999915,-2.799999999999997,3.5999999999999996,1.2199999999999989,-0.017000000000000015,0.0,-0.1333333333333333,0.7866666666666664,-0.02457422969187678,3.9019607843137223,-2.257703081232492,0.8431372549019596,-0.19887955182072847,-0.07843137254901955,1,0
0.8999999999999915,-2.799999999999997,3.5999999999999996,1.2199999999999989,-0.017000000000000015,0.0,-0.1333333333333333,1.6533333333333338,-0.02457422969187678,3.9019607843137223,-2.257703081232492,0.8431372549019596,-0.19887955182072847,-0.07843137254901955,1,1
-4.200000000000003,-1.2999999999999972,-3.0,-1.3299999999999983,-0.03600000000000003,0.0,0.06666666666666671,8.653333333333334,-0.030916666666666703,-1.1833333333333371,-1.5833333333333321,1.4499999999999993,-0.6833333333333327,-0.38333333333333336,1,1
-4.200000000000003,-1.2999999999999972,-3.0,-1.3299999999999983,-0.03600000000000003,0.0,0.13333333333333336,8.786666666666667,-0.030916666666666703,-1.1833333333333371,-1.5833333333333321,1.4499999999999993,-0.6833333333333327,-0.38333333333333336,1,0
0.3999999999999915,-6.099999999999994,6.5,-2.1400000000000006,0.0020000000000000018,18.0,-0.13333333333333336,-3.746666666666667,-0.06079166666666663,8.916666666666664,2.25,-0.5,-1.583333333333333,0.5833333333333334,1,1
0.3999999999999915,-6.099999999999994,6.5,-2.1400000000000006,0.0020000000000000018,0.0,-0.06666666666666665,-3.4799999999999995,-0.06079166666666663,8.916666666666664,2.25,-0.5,-1.583333333333333,0.5833333333333334,1,1
-0.7000000000000028,-4.8999999999999915,4.2,-3.3299999999999983,-0.0020000000000000018,2.0,-0.2666666666666666,-9.013333333333334,0.04812499999999997,-7.5,3.666666666666668,0.9166666666666661,0.08333333333333393,0.0,1,0
-0.7000000000000028,-4.8999999999999915,4.2,-3.3299999999999983,-0.0020000000000000018,0.0,-0.2666666666666666,-9.666666666666666,0.04812499999999997,-7.5,3.666666666666668,0.9166666666666661,0.08333333333333393,0.0,1,1
-0.7000000000000028,-4.8999999999999915,4.2,-3.3299999999999983,-0.0020000000000000018,0.0,-0.1333333333333333,-6.0,0.04812499999999997,-7.5,3.666666666666668,0.9166666666666661,0.08333333333333393,0.0,1,0
-0.7000000000000028,-4.8999999999999915,4.2,-3.3299999999999983,-0.0020000000000000018,0.0,-0.19999999999999996,-6.266666666666667,0.04812499999999997,-7.5,3.666666666666668,0.9166666666666661,0.08333333333333393,0.0,1,1
0.5999999999999943,-2.200000000000003,2.9000000000000004,0.730000000000004,-0.006000000000000005,0.0,0.0,0.7999999999999998,0.054847222222222214,1.8611111111111072,2.6111111111111107,2.0,-1.916666666666667,-0.02777777777777779,1,0
0.5999999999999943,-2.200000000000003,2.9000000000000004,0.730000000000004,-0.006000000000000005,0.0,-0.06666666666666665,-0.9333333333333336,0.054847222222222214,1.8611111111111072,2.6111111111111107,2.0,-1.916666666666667,-0.02777777777777779,1,1
0.5999999999999943,-2.200000000000003,2.9000000000000004,0.730000000000004,-0.006000000000000005,0.0,0.06666666666666665,4.8,0.054847222222222214,1.8611111111111072,2.6111111111111107,2.0,-1.916666666666667,-0.02777777777777779,1,0
1.5,-0.3999999999999915,1.9000000000000004,-1.4799999999999898,-0.0040000000000000036,0.0,-0.06666666666666665,2.9333333333333336,-0.007859848484848442,-0.9924242424242422,-2.5,0.22727272727272663,-1.3106060606060606,-0.14393939393939392,1,1
1.5,-0.3999999999999915,1.9000000000000004,-1.4799999999999898,-0.0040000000000000036,0.0,-0.06666666666666665,3.2,-0.007859848484848442,-0.9924242424242422,-2.5,0.22727272727272663,-1.3106060606060606,-0.14393939393939392,1,0
1.5,-0.3999999999999915,1.9000000000000004,-1.4799999999999898,-0.0040000000000000036,0.0,-0.1333333333333333,0.4666666666666668,-0.007859848484848442,-0.9924242424242422,-2.5,0.22727272727272663,-1.3106060606060606,-0.14393939393939392,1,0
1.7999999999999972,-4.800000000000011,6.6000000000000005,-2.4099999999999966,0.02100000000000002,-51.0,0.1333333333333333,9.866666666666667,-0.005933333333333346,-0.7833333333333385,-0.3500000000000014,-0.2833333333333332,-1.666666666666667,0.21666666666666673,1,1
1.7999999999999972,-4.800000000000011,6.6000000000000005,-2.4099999999999966,0.02100000000000002,0.0,0.2,10.933333333333334,-0.005933333333333346,-0.7833333333333385,-0.3500000000000014,-0.2833333333333332,-1.666666666666667,0.21666666666666673,1,1
1.7999999999999972,-4.800000000000011,6.6000000000000005,-2.4099999999999966,0.02100000000000002,0.0,0.26666666666666666,10.2,-0.005933333333333346,-0.7833333333333385,-0.3500000000000014,-0.2833333333333332,-1.666666666666667,0.21666666666666673,1,0
0.29999999999999716,-2.1000000000000085,2.3,1.710000000000008,-0.008000000000000007,-5.0,-0.06666666666666665,-0.8,0.00812727272727276,0.04999999999999716,5.059090909090909,1.322727272727274,-1.6363636363636367,-0.08636363636363631,1,0
0.29999999999999716,-2.1000000000000085,2.3,1.710000000000008,-0.008000000000000007,0.0,-0.1333333333333333,-1.2,0.00812727272727276,0.04999999999999716,5.059090909090909,1.322727272727274,-1.6363636363636367,-0.08636363636363631,1,1
0.29999999999999716,-2.1000000000000085,2.3,1.710000000000008,-0.008000000000000007,0.0,-0.1333333333333333,2.9333333333333336,0.00812727272727276,0.04999999999999716,5.059090909090909,1.322727272727274,-1.6363636363636367,-0.08636363636363631,1,0
0.29999999999999716,-2.1000000000000085,2.3,1.710000000000008,-0.008000000000000007,0.0,-0.1333333333333333,4.133333333333334,0.00812727272727276,0.04999999999999716,5.059090909090909,1.322727272727274,-1.6363636363636367,-0.08636363636363631,1,1
5.0,-2.200000000000003,7.2,2.3900000000000006,0.026000000000000023,-2.0,-0.06666666666666665,3.4000000000000004,-0.02046956521739135,2.7891304347826065,0.5847826086956509,1.0500000000000007,-1.0,-0.015217391304347738,1,0
5.0,-2.200000000000003,7.2,2.3900000000000006,0.026000000000000023,0.0,-0.1333333333333333,1.8000000000000003,-0.02046956521739135,2.7891304347826065,0.5847826086956509,1.0500000000000007,-1.0,-0.015217391304347738,1,0
5.0,-2.200000000000003,7.2,2.3900000000000006,0.026000000000000023,0.0,-0.2666666666666666,-1.6666666666666665,-0.02046956521739135,2.7891304347826065,0.5847826086956509,1.0500000000000007,-1.0,-0.015217391304347738,1,1
5.0,-2.200000000000003,7.2,2.3900000000000006,0.026000000000000023,0.0,-0.1333333333333333,0.0,-0.02046956521739135,2.7891304347826065,0.5847826086956509,1.0500000000000007,-1.0,-0.015217391304347738,1,0
8.900000000000006,-0.9000000000000057,9.899999999999999,1.1000000000000085,0.031000000000000028,14.0,0.06666666666666665,3.6,0.04685263157894731,6.852631578947367,2.589473684210528,-0.18947368421052602,1.6631578947368428,0.6421052631578947,1,1
8.900000000000006,-0.9000000000000057,9.899999999999999,1.1000000000000085,0.031000000000000028,0.0,0.1333333333333333,6.266666666666667,0.04685263157894731,6.852631578947367,2.589473684210528,-0.18947368421052602,1.6631578947368428,0.6421052631578947,1,0
8.900000000000006,-0.9000000000000057,9.899999999999999,1.1000000000000085,0.031000000000000028,0.0,0.2,6.8,0.04685263157894731,6.852631578947367,2.589473684210528,-0.18947368421052602,1.6631578947368428,0.6421052631578947,1,1
7.5,-1.5,9.2,0.35999999999999943,0.02300000000000002,4.0,0.26666666666666666,12.0,0.043885964912280695,4.30263157894737,2.5394736842105274,-1.2894736842105257,-0.4035087719298245,0.425438596491228,1,1
7.5,-1.5,9.2,0.35999999999999943,0.02300000000000002,0.0,0.3333333333333333,14.866666666666667,0.043885964912280695,4.30263157894737,2.5394736842105274,-1.2894736842105257,-0.4035087719298245,0.425438596491228,1,0
7.5,-1.5,9.2,0.35999999999999943,0.02300000000000002,0.0,0.2666666666666666,10.266666666666666,0.043885964912280695,4.30263157894737,2.5394736842105274,-1.2894736842105257,-0.4035087719298245,0.425438596491228,1,1
1.7000000000000028,-7.0,8.799999999999999,-4.179999999999993,0.0030000000000000027,4.0,0.19999999999999996,5.066666666666666,-0.01724148606811149,1.699690402476783,-6.092879256965944,-1.201238390092879,0.7925696594427247,0.37151702786377705,1,1
1.7000000000000028,-7.0,8.799999999999999,-4.179999999999993,0.0030000000000000027,0.0,0.2666666666666667,6.866666666666665,-0.01724148606811149,1.699690402476783,-6.092879256965944,-1.201238390092879,0.7925696594427247,0.37151702786377705,1,1
5.200000000000003,-4.300000000000011,9.6,-2.6199999999999903,0.017000000000000015,3.0,0.06666666666666676,2.9333333333333327,0.0010071770334927899,-0.038277511961723576,2.6531100478468908,-1.653110047846889,-0.009569377990430006,0.25119617224880375,1,1
5.200000000000003,-4.300000000000011,9.6,-2.6199999999999903,0.017000000000000015,0.0,0.20000000000000007,7.333333333333333,0.0010071770334927899,-0.038277511961723576,2.6531100478468908,-1.653110047846889,-0.009569377990430006,0.25119617224880375,1,1
5.200000000000003,-4.300000000000011,9.6,-2.6199999999999903,0.017000000000000015,0.0,0.2666666666666667,4.666666666666666,0.0010071770334927899,-0.038277511961723576,2.6531100478468908,-1.653110047846889,-0.009569377990430006,0.25119617224880375,1,1
10.599999999999994,1.0,9.6,0.0799999999999983,0.040999999999999925,-43.0,0.6000000000000001,11.333333333333332,0.09992727272727275,3.2909090909090963,1.3999999999999986,1.1090909090909076,0.32727272727272716,0.3454545454545454,1,1
10.599999999999994,1.0,9.6,0.0799999999999983,0.040999999999999925,0.0,0.6000000000000001,11.0,0.09992727272727275,3.2909090909090963,1.3999999999999986,1.1090909090909076,0.32727272727272716,0.3454545454545454,1,1
10.599999999999994,1.0,9.6,0.0799999999999983,0.040999999999999925,0.0,0.6000000000000001,10.266666666666666,0.09992727272727275,3.2909090909090963,1.3999999999999986,1.1090909090909076,0.32727272727272716,0.3454545454545454,1,1
2.200000000000003,-3.200000000000003,5.4,-1.0499999999999972,0.0020000000000000018,2.0,0.33333333333333337,9.4,0.020505050505050526,0.4797979797979792,0.16666666666666785,-1.146464646464647,-1.1616161616161618,-0.010101010101010166,1,0
2.200000000000003,-3.200000000000003,5.4,-1.0499999999999972,0.0020000000000000018,0.0,0.20000000000000007,7.6000000000000005,0.020505050505050526,0.4797979797979792,0.16666666666666785,-1.146464646464647,-1.1616161616161618,-0.010101010101010166,1,0
2.200000000000003,-3.200000000000003,5.4,-1.0499999999999972,0.0020000000000000018,0.0,0.1333333333333333,8.8,0.020505050505050526,0.4797979797979792,0.16666666666666785,-1.146464646464647,-1.1616161616161618,-0.010101010101010166,1,1
5.700000000000003,-2.700000000000003,8.4,-4.810000000000002,0.01100000000000001,-379.0,0.1333333333333333,7.0,-0.006985714285714317,8.057142857142857,2.7142857142857153,-0.4571428571428573,0.02857142857142847,0.028571428571428525,1,1
5.700000000000003,-2.700000000000003,8.4,-4.810000000000002,0.01100000000000001,0.0,0.19999999999999996,11.133333333333333,-0.006985714285714317,8.057142857142857,2.7142857142857153,-0.4571428571428573,0.02857142857142847,0.028571428571428525,1,0
5.700000000000003,-2.700000000000003,8.4,-4.810000000000002,0.01100000000000001,0.0,0.26666666666666666,14.0,-0.006985714285714317,8.057142857142857,2.7142857142857153,-0.4571428571428573,0.02857142857142847,0.028571428571428525,1,0
5.700000000000003,-2.700000000000003,8.4,-4.810000000000002,0.01100000000000001,0.0,0.06666666666666665,7.666666666666666,-0.006985714285714317,8.057142857142857,2.7142857142857153,-0.4571428571428573,0.02857142857142847,0.028571428571428525,1,0
6.299999999999997,1.7999999999999972,4.5,-3.4799999999999898,0.03400000000000003,0.0,1.0,26.0,0.08115,6.350000000000001,-2.0,-1.8000000000000007,1.0499999999999998,0.7,1,1
3.799999999999997,2.0,1.7999999999999998,-0.5699999999999932,0.02100000000000002,4.0,0.33333333333333337,-3.083333333333334,-0.03384999999999999,1.6833333333333371,-4.166666666666668,-0.8000000000000007,-0.8666666666666671,0.19999999999999996,1,0
3.799999999999997,2.0,1.7999999999999998,-0.5699999999999932,0.02100000000000002,0.0,0.08571428571428574,-5.571428571428571,-0.03384999999999999,1.6833333333333371,-4.166666666666668,-0.8000000000000007,-0.8666666666666671,0.19999999999999996,1,1
3.799999999999997,2.0,1.7999999999999998,-0.5699999999999932,0.02100000000000002,0.0,0.15000000000000002,-1.2000000000000002,-0.03384999999999999,1.6833333333333371,-4.166666666666668,-0.8000000000000007,-0.8666666666666671,0.19999999999999996,1,1
1.8999999999999915,3.0,-1.1000000000000005,-1.4299999999999926,-0.005999999999999894,0.0,0.261904761904762,5.357142857142858,0.02427499999999999,3.4125000000000014,-5.8125,-0.4250000000000007,-2.2,0.19999999999999996,1,1
1.8999999999999915,3.0,-1.1000000000000005,-1.4299999999999926,-0.005999999999999894,0.0,0.3128205128205128,5.353846153846154,0.02427499999999999,3.4125000000000014,-5.8125,-0.4250000000000007,-2.2,0.19999999999999996,1,1
-0.30000000000001137,4.8999999999999915,-5.1000000000000005,-6.049999999999997,-0.013999999999999901,0.0,0.06666666666666676,-0.39999999999999947,-0.03563571428571427,1.480952380952381,-6.5238095238095255,-2.442857142857143,-1.7000000000000002,-0.06190476190476191,1,1
-0.30000000000001137,4.8999999999999915,-5.1000000000000005,-6.049999999999997,-0.013999999999999901,0.0,0.13333333333333341,0.0,-0.03563571428571427,1.480952380952381,-6.5238095238095255,-2.442857142857143,-1.7000000000000002,-0.06190476190476191,1,0
-0.30000000000001137,4.8999999999999915,-5.1000000000000005,-6.049999999999997,-0.013999999999999901,0.0,0.0,-3.8666666666666667,-0.03563571428571427,1.480952380952381,-6.5238095238095255,-2.442857142857143,-1.7000000000000002,-0.06190476190476191,1,0
4.900000000000006,-1.0,6.0,-1.9300000000000068,0.03600000000000003,0.0,0.6666666666666666,7.666666666666666,0.038500000000000034,5.535714285714285,-0.5119047619047628,2.071428571428571,2.511904761904762,0.7619047619047619,1,1
5.6000000000000085,3.1000000000000085,2.4,-3.8100000000000023,0.006000000000000005,4.0,0.19999999999999996,3.6666666666666665,0.06280000000000002,-1.0142857142857125,-1.3619047619047642,-2.128571428571428,0.26190476190476186,0.36190476190476184,1,1
5.6000000000000085,3.1000000000000085,2.4,-3.8100000000000023,0.006000000000000005,0.0,0.2666666666666666,4.8,0.06280000000000002,-1.0142857142857125,-1.3619047619047642,-2.128571428571428,0.26190476190476186,0.36190476190476184,1,1
0.9000000000000057,-0.8999999999999915,1.8999999999999995,0.46999999999999886,0.006000000000000005,7.0,0.19999999999999996,6.266666666666667,0.09845000000000004,2.9357142857142833,5.538095238095238,-0.47857142857142954,0.26190476190476186,0.26190476190476186,1,1
0.9000000000000057,-0.8999999999999915,1.8999999999999995,0.46999999999999886,0.006000000000000005,0.0,0.19999999999999996,6.333333333333333,0.09845000000000004,2.9357142857142833,5.538095238095238,-0.47857142857142954,0.26190476190476186,0.26190476190476186,1,1
0.9000000000000057,-0.8999999999999915,1.8999999999999995,0.46999999999999886,0.006000000000000005,0.0,0.1333333333333333,7.266666666666667,0.09845000000000004,2.9357142857142833,5.538095238095238,-0.47857142857142954,0.26190476190476186,0.26190476190476186,1,1
-3.299999999999997,1.1000000000000085,-4.3,-6.420000000000002,-0.03499999999999992,0.0,0.0,1.8666666666666671,0.007625000000000048,0.077380952380949,-3.0535714285714306,-2.0119047619047628,-0.19642857142857117,0.13690476190476186,1,1
-3.299999999999997,1.1000000000000085,-4.3,-6.420000000000002,-0.03499999999999992,0.0,0.06666666666666665,6.933333333333333,0.007625000000000048,0.077380952380949,-3.0535714285714306,-2.0119047619047628,-0.19642857142857117,0.13690476190476186,1,0
-3.299999999999997,1.1000000000000085,-4.3,-6.420000000000002,-0.03499999999999992,0.0,0.06666666666666665,8.2,0.007625000000000048,0.077380952380949,-3.0535714285714306,-2.0119047619047628,-0.19642857142857117,0.13690476190476186,1,1
4.8999999999999915,1.6000000000000085,3.3000000000000003,0.14999999999999147,0.02199999999999991,-49.0,0.23809523809523808,5.9714285714285715,0.024527777777777815,0.1666666666666643,-0.44444444444444287,0.5277777777777786,-0.6111111111111107,0.7222222222222222,1,1
4.8999999999999915,1.6000000000000085,3.3000000000000003,0.14999999999999147,0.02199999999999991,0.0,0.29166666666666663,5.475,0.024527777777777815,0.1666666666666643,-0.44444444444444287,0.5277777777777786,-0.6111111111111107,0.7222222222222222,1,1
1.3999999999999915,2.6000000000000085,-1.1999999999999997,1.3299999999999983,0.018999999999999906,4.0,0.1333333333333333,8.600000000000001,0.10097777777777783,2.866666666666667,2.4555555555555557,0.7777777777777786,-0.011111111111111072,0.3222222222222222,1,1
1.3999999999999915,2.6000000000000085,-1.1999999999999997,1.3299999999999983,0.018999999999999906,0.0,0.2666666666666666,11.600000000000001,0.10097777777777783,2.866666666666667,2.4555555555555557,0.7777777777777786,-0.011111111111111072,0.3222222222222222,1,1
2.200000000000003,1.7000000000000028,0.5,-0.46999999999999886,0.013000000000000012,0.0,0.4,13.0,0.04994444444444446,4.222222222222221,-4.888888888888886,-0.22222222222222143,-0.33333333333333304,0.2222222222222222,1,0
2.200000000000003,1.7000000000000028,0.5,-0.46999999999999886,0.013000000000000012,0.0,0.2666666666666667,10.333333333333332,0.04994444444444446,4.222222222222221,-4.888888888888886,-0.22222222222222143,-0.33333333333333304,0.2222222222222222,1,1
-2.0,6.299999999999997,-8.3,-3.6300000000000097,-0.017000000000000015,0.0,-0.1333333333333333,-6.466666666666667,0.032013071895424905,-3.5980392156862777,-6.179738562091501,-0.8692810457516327,-1.3169934640522865,-0.21895424836601307,1,0
-2.0,6.299999999999997,-8.3,-3.6300000000000097,-0.017000000000000015,0.0,-0.2666666666666667,-7.466666666666667,0.032013071895424905,-3.5980392156862777,-6.179738562091501,-0.8692810457516327,-1.3169934640522865,-0.21895424836601307,1,1
3.5,3.799999999999997,-0.30000000000000004,1.8799999999999955,0.026999999999999913,-50.0,0.3939393939393939,9.145454545454545,-0.017935064935064915,1.3636363636363669,-1.9155844155844157,-0.18831168831168732,-2.188311688311688,0.11688311688311687,1,0
3.5,3.799999999999997,-0.30000000000000004,1.8799999999999955,0.026999999999999913,0.0,0.26666666666666666,6.133333333333334,-0.017935064935064915,1.3636363636363669,-1.9155844155844157,-0.18831168831168732,-2.188311688311688,0.11688311688311687,1,1
3.5,3.799999999999997,-0.30000000000000004,1.8799999999999955,0.026999999999999913,0.0,0.2,3.4,-0.017935064935064915,1.3636363636363669,-1.9155844155844157,-0.18831168831168732,-2.188311688311688,0.11688311688311687,1,1
3.5,3.799999999999997,-0.30000000000000004,1.8799999999999955,0.026999999999999913,0.0,0.13333333333333336,-2.1333333333333333,-0.017935064935064915,1.3636363636363669,-1.9155844155844157,-0.18831168831168732,-2.188311688311688,0.11688311688311687,1,1
-1.0,5.799999999999997,-6.7,0.7000000000000028,0.009000000000000008,0.0,0.06666666666666665,0.33333333333333326,-0.0487636363636364,1.2636363636363654,-2.572727272727274,-1.7454545454545443,0.25454545454545396,0.1454545454545454,1,1
-1.0,5.799999999999997,-6.7,0.7000000000000028,0.009000000000000008,0.0,0.1333333333333333,-0.8666666666666667,-0.0487636363636364,1.2636363636363654,-2.572727272727274,-1.7454545454545443,0.25454545454545396,0.1454545454545454,1,1
5.200000000000003,7.8999999999999915,-2.6,1.9699999999999989,0.03199999999999992,0.0,-0.06666666666666665,-2.666666666666667,-0.011205741626794274,-0.32057416267942074,-1.983253588516746,1.1650717703349294,-0.8875598086124405,-0.03349282296650724,1,1
5.200000000000003,7.8999999999999915,-2.6,1.9699999999999989,0.03199999999999992,0.0,-0.06666666666666665,-2.1333333333333337,-0.011205741626794274,-0.32057416267942074,-1.983253588516746,1.1650717703349294,-0.8875598086124405,-0.03349282296650724,1,1
5.200000000000003,7.8999999999999915,-2.6,1.9699999999999989,0.03199999999999992,0.0,0.06666666666666665,0.46666666666666656,-0.011205741626794274,-0.32057416267942074,-1.983253588516746,1.1650717703349294,-0.8875598086124405,-0.03349282296650724,1,1
-0.7999999999999972,4.299999999999997,-4.9,-1.6299999999999955,-0.019000000000000017,0.0,-0.1333333333333333,-9.333333333333334,-0.020744588744588788,-3.636363636363633,-6.820346320346321,-0.3787878787878789,-1.9025974025974026,-0.21645021645021645,1,0
-0.7999999999999972,4.299999999999997,-4.9,-1.6299999999999955,-0.019000000000000017,0.0,-0.1333333333333333,-7.6,-0.020744588744588788,-3.636363636363633,-6.820346320346321,-0.3787878787878789,-1.9025974025974026,-0.21645021645021645,1,0
-1.5,-4.299999999999997,2.8,-1.480000000000004,0.013000000000000012,1090.0,0.3333333333333333,7.133333333333334,0.031799999999999995,-8.163636363636364,3.2727272727272734,1.927272727272726,-0.20000000000000018,-0.3454545454545454,1,0
-1.5,-4.299999999999997,2.8,-1.480000000000004,0.013000000000000012,0.0,0.13333333333333336,4.966666666666667,0.031799999999999995,-8.163636363636364,3.2727272727272734,1.927272727272726,-0.20000000000000018,-0.3454545454545454,1,1
-1.5,-4.299999999999997,2.8,-1.480000000000004,0.013000000000000012,0.0,-0.1111111111111111,-2.555555555555556,0.031799999999999995,-8.163636363636364,3.2727272727272734,1.927272727272726,-0.20000000000000018,-0.3454545454545454,1,0
1.7999999999999972,1.2999999999999972,0.2999999999999998,0.25,0.009000000000000008,-970.0,0.1333333333333333,8.066666666666666,-0.0008333333333333526,-6.25,1.9642857142857153,-2.3571428571428577,-1.333333333333333,-0.011904761904761862,1,1
1.7999999999999972,1.2999999999999972,0.2999999999999998,0.25,0.009000000000000008,0.0,0.2181818181818182,10.066666666666666,-0.0008333333333333526,-6.25,1.9642857142857153,-2.3571428571428577,-1.333333333333333,-0.011904761904761862,1,1
1.7999999999999972,1.2999999999999972,0.2999999999999998,0.25,0.009000000000000008,0.0,0.047619047619047616,-1.2809523809523808,-0.0008333333333333526,-6.25,1.9642857142857153,-2.3571428571428577,-1.333333333333333,-0.011904761904761862,1,1
1.7999999999999972,1.2999999999999972,0.2999999999999998,0.25,0.009000000000000008,0.0,0.0,-3.466666666666666,-0.0008333333333333526,-6.25,1.9642857142857153,-2.3571428571428577,-1.333333333333333,-0.011904761904761862,1,1
-7.5,1.5,-9.2,-0.35999999999999943,-0.02300000000000002,0.0,-0.19999999999999996,-10.533333333333333,-0.043885964912280695,-4.30263157894737,-2.5394736842105274,1.2894736842105257,0.4035087719298245,-0.425438596491228,1,0
-7.5,1.5,-9.2,-0.35999999999999943,-0.02300000000000002,0.0,-0.19999999999999996,-9.133333333333333,-0.043885964912280695,-4.30263157894737,-2.5394736842105274,1.2894736842105257,0.4035087719298245,-0.425438596491228,1,0
8.599999999999994,-0.20000000000000284,8.799999999999999,3.230000000000004,0.031000000000000028,-14.0,0.06666666666666665,-0.13333333333333375,-0.004166666666666652,7.416666666666664,1.6388888888888893,-4.166666666666666,4.388888888888889,0.5555555555555556,1,1
8.599999999999994,-0.20000000000000284,8.799999999999999,3.230000000000004,0.031000000000000028,0.0,0.2,5.7333333333333325,-0.004166666666666652,7.416666666666664,1.6388888888888893,-4.166666666666666,4.388888888888889,0.5555555555555556,1,1
5.599999999999994,-1.5,7.1,-0.45000000000000284,0.013000000000000012,1.0,0.0,-0.1333333333333333,-0.028971014492753577,4.05797101449275,-3.545893719806763,-2.1884057971014492,0.8454106280193248,-0.09661835748792269,1,0
5.599999999999994,-1.5,7.1,-0.45000000000000284,0.013000000000000012,0.0,-0.1333333333333333,-2.5999999999999996,-0.028971014492753577,4.05797101449275,-3.545893719806763,-2.1884057971014492,0.8454106280193248,-0.09661835748792269,1,0
5.599999999999994,-1.5,7.1,-0.45000000000000284,0.013000000000000012,0.0,-0.1333333333333333,2.0,-0.028971014492753577,4.05797101449275,-3.545893719806763,-2.1884057971014492,0.8454106280193248,-0.09661835748792269,1,0
3.299999999999997,2.0,1.1999999999999997,1.480000000000004,0.014000000000000012,-1111.0,0.0,7.666666666666667,-0.022199999999999998,2.0142857142857125,-4.785714285714285,0.8428571428571416,-1.6428571428571423,0.07142857142857145,1,1
3.299999999999997,2.0,1.1999999999999997,1.480000000000004,0.014000000000000012,0.0,0.06666666666666665,10.266666666666666,-0.022199999999999998,2.0142857142857125,-4.785714285714285,0.8428571428571416,-1.6428571428571423,0.07142857142857145,1,1
3.299999999999997,2.0,1.1999999999999997,1.480000000000004,0.014000000000000012,0.0,0.0,9.533333333333333,-0.022199999999999998,2.0142857142857125,-4.785714285714285,0.8428571428571416,-1.6428571428571423,0.07142857142857145,1,1
3.299999999999997,2.0,1.1999999999999997,1.480000000000004,0.014000000000000012,0.0,0.1333333333333333,11.933333333333334,-0.022199999999999998,2.0142857142857125,-4.785714285714285,0.8428571428571416,-1.6428571428571423,0.07142857142857145,1,1
1.0,5.199999999999989,-4.300000000000001,0.8200000000000074,0.01200000000000001,0.0,-0.1333333333333333,-1.0,-0.01100000000000001,-3.3000000000000043,-0.10000000000000142,0.8999999999999986,-1.0999999999999996,-0.09999999999999998,1,1
-3.3000000000000114,5.8999999999999915,-9.1,-6.989999999999995,-0.03399999999999992,0.0,-1.0,-17.0,-0.05628571428571427,-3.6190476190476204,-1.2738095238095255,-1.1428571428571423,-0.5,-0.7619047619047619,1,0
-3.3000000000000114,5.8999999999999915,-9.1,-6.989999999999995,-0.03399999999999992,0.0,-1.0,-14.0,-0.05628571428571427,-3.6190476190476204,-1.2738095238095255,-1.1428571428571423,-0.5,-0.7619047619047619,1,0
0.09999999999999432,1.7000000000000028,-1.6,4.3700000000000045,0.02399999999999991,0.0,0.0,1.166666666666667,0.03025,2.055555555555557,7.888888888888889,-0.3888888888888893,-0.13888888888888928,0.5555555555555556,1,1
0.09999999999999432,1.7000000000000028,-1.6,4.3700000000000045,0.02399999999999991,0.0,0.16190476190476188,5.761904761904762,0.03025,2.055555555555557,7.888888888888889,-0.3888888888888893,-0.13888888888888928,0.5555555555555556,1,1
-4.299999999999997,0.6000000000000085,-4.800000000000001,1.1300000000000097,-0.030000000000000027,0.0,-0.4666666666666667,-13.566666666666666,0.011619047619047584,0.5555555555555571,0.8412698412698418,1.7777777777777768,0.25396825396825395,-0.20634920634920628,1,1
-4.299999999999997,0.6000000000000085,-4.800000000000001,1.1300000000000097,-0.030000000000000027,0.0,-0.3454545454545455,-7.963636363636363,0.011619047619047584,0.5555555555555571,0.8412698412698418,1.7777777777777768,0.25396825396825395,-0.20634920634920628,1,0
-3.0,5.200000000000003,-8.3,-2.240000000000009,-0.02399999999999991,0.0,-0.1333333333333333,-2.8000000000000003,-0.014730769230769214,5.512820512820511,-4.358974358974361,1.0641025641025639,-0.28205128205128194,-0.20512820512820512,1,0
-3.0,5.200000000000003,-8.3,-2.240000000000009,-0.02399999999999991,0.0,-0.1333333333333333,-2.2666666666666666,-0.014730769230769214,5.512820512820511,-4.358974358974361,1.0641025641025639,-0.28205128205128194,-0.20512820512820512,1,1
-3.0,5.200000000000003,-8.3,-2.240000000000009,-0.02399999999999991,0.0,0.0,-0.8666666666666666,-0.014730769230769214,5.512820512820511,-4.358974358974361,1.0641025641025639,-0.28205128205128194,-0.20512820512820512,1,0
-1.7999999999999972,0.9000000000000057,-2.7,-2.1499999999999915,-0.017000000000000015,0.0,-0.06666666666666671,-0.6666666666666665,-0.08984999999999999,4.0,-3.6000000000000014,6.85,0.9500000000000002,-0.6,1,0
-1.7999999999999972,0.9000000000000057,-2.7,-2.1499999999999915,-0.017000000000000015,0.0,-0.2,-4.933333333333333,-0.08984999999999999,4.0,-3.6000000000000014,6.85,0.9500000000000002,-0.6,1,0
4.299999999999997,1.8999999999999915,2.4,-1.019999999999996,0.0,0.0,1.0,24.0,0.07316666666666666,1.75,1.8333333333333357,-0.3333333333333339,-3.666666666666667,0.16666666666666669,1,1
4.299999999999997,1.8999999999999915,2.4,-1.019999999999996,0.0,0.0,0.5,13.0,0.07316666666666666,1.75,1.8333333333333357,-0.3333333333333339,-3.666666666666667,0.16666666666666669,1,0
-3.799999999999997,-2.0,-1.7999999999999998,0.5699999999999932,-0.02100000000000002,0.0,-0.20833333333333337,0.75,0.03384999999999999,-1.6833333333333371,4.166666666666668,0.8000000000000007,0.8666666666666671,-0.19999999999999996,1,1
-3.799999999999997,-2.0,-1.7999999999999998,0.5699999999999932,-0.02100000000000002,0.0,-0.04761904761904767,1.666666666666667,0.03384999999999999,-1.6833333333333371,4.166666666666668,0.8000000000000007,0.8666666666666671,-0.19999999999999996,1,0
-3.799999999999997,-2.0,-1.7999999999999998,0.5699999999999932,-0.02100000000000002,0.0,-0.23232323232323238,0.19191919191919204,0.03384999999999999,-1.6833333333333371,4.166666666666668,0.8000000000000007,0.8666666666666671,-0.19999999999999996,1,0
-4.099999999999994,-1.7999999999999972,-2.3000000000000003,-1.1899999999999977,-0.03699999999999992,0.0,0.40476190476190477,12.130952380952381,-0.07666666666666672,8.722222222222221,-6.944444444444443,1.0,-0.5555555555555554,-0.16666666666666669,1,0
-4.099999999999994,-1.7999999999999972,-2.3000000000000003,-1.1899999999999977,-0.03699999999999992,0.0,0.30256410256410254,8.8,-0.07666666666666672,8.722222222222221,-6.944444444444443,1.0,-0.5555555555555554,-0.16666666666666669,1,0
-4.099999999999994,-1.7999999999999972,-2.3000000000000003,-1.1899999999999977,-0.03699999999999992,0.0,0.06666666666666671,3.9333333333333336,-0.07666666666666672,8.722222222222221,-6.944444444444443,1.0,-0.5555555555555554,-0.16666666666666669,1,0
-1.5999999999999943,2.1000000000000085,-3.7,-1.8299999999999983,-0.0010000000000000009,0.0,-0.2666666666666666,-5.733333333333333,-0.026433333333333364,-6.416666666666664,2.166666666666668,-0.4833333333333343,1.4666666666666668,-0.38333333333333336,1,0
-1.5999999999999943,2.1000000000000085,-3.7,-1.8299999999999983,-0.0010000000000000009,0.0,-0.3333333333333333,-13.066666666666666,-0.026433333333333364,-6.416666666666664,2.166666666666668,-0.4833333333333343,1.4666666666666668,-0.38333333333333336,1,0
2.200000000000003,2.3000000000000114,-0.19999999999999973,-0.9599999999999937,0.0020000000000000018,0.0,-1.0,-22.0,-0.03043529411764706,1.6941176470588246,-0.6823529411764717,-1.1647058823529424,-1.3529411764705888,-0.32941176470588235,1,0
2.200000000000003,2.3000000000000114,-0.19999999999999973,-0.9599999999999937,0.0020000000000000018,0.0,-1.0,-16.0,-0.03043529411764706,1.6941176470588246,-0.6823529411764717,-1.1647058823529424,-1.3529411764705888,-0.32941176470588235,1,1
-6.599999999999994,1.1000000000000085,-7.800000000000001,-2.200000000000003,-0.020999999999999908,0.0,-0.2142857142857143,-26.785714285714285,-0.049211111111111094,-11.944444444444443,0.10000000000000142,-2.2444444444444454,-1.7222222222222223,-0.41111111111111115,1,0
-6.599999999999994,1.1000000000000085,-7.800000000000001,-2.200000000000003,-0.020999999999999908,0.0,-0.41666666666666663,-32.875,-0.049211111111111094,-11.944444444444443,0.10000000000000142,-2.2444444444444454,-1.7222222222222223,-0.41111111111111115,1,0
2.6000000000000085,4.299999999999997,-1.5,-2.269999999999996,0.0040000000000000036,0.0,-0.15000000000000002,-4.116666666666666,-0.004666666666666652,-0.8333333333333357,0.3461538461538467,0.26923076923077005,-0.9615384615384617,-0.20512820512820512,1,0
2.6000000000000085,4.299999999999997,-1.5,-2.269999999999996,0.0040000000000000036,0.0,-0.2358974358974359,-4.712820512820513,-0.004666666666666652,-0.8333333333333357,0.3461538461538467,0.26923076923077005,-0.9615384615384617,-0.20512820512820512,1,1
2.6000000000000085,4.299999999999997,-1.5,-2.269999999999996,0.0040000000000000036,0.0,-0.13333333333333336,-8.133333333333333,-0.004666666666666652,-0.8333333333333357,0.3461538461538467,0.26923076923077005,-0.9615384615384617,-0.20512820512820512,1,0
-2.1000000000000085,1.7000000000000028,-3.8,0.3100000000000023,-0.017000000000000015,0.0,-0.06666666666666665,-11.266666666666666,0.004556390977443592,-0.5864661654135332,-0.07518796992481214,0.8120300751879714,-1.2180451127819554,-0.09774436090225563,1,0
-2.1000000000000085,1.7000000000000028,-3.8,0.3100000000000023,-0.017000000000000015,0.0,-0.13333333333333336,-12.866666666666667,0.004556390977443592,-0.5864661654135332,-0.07518796992481214,0.8120300751879714,-1.2180451127819554,-0.09774436090225563,1,0
-2.1000000000000085,1.7000000000000028,-3.8,0.3100000000000023,-0.017000000000000015,0.0,-0.06666666666666665,-12.733333333333334,0.004556390977443592,-0.5864661654135332,-0.07518796992481214,0.8120300751879714,-1.2180451127819554,-0.09774436090225563,1,0
-3.700000000000003,-0.9000000000000057,-2.7,-1.8599999999999994,-0.017000000000000015,12.0,-0.13333333333333336,-5.866666666666667,0.10138888888888892,-8.333333333333336,2.0,-2.277777777777777,3.166666666666667,0.16666666666666669,1,0
-3.700000000000003,-0.9000000000000057,-2.7,-1.8599999999999994,-0.017000000000000015,0.0,-0.13333333333333336,-5.8,0.10138888888888892,-8.333333333333336,2.0,-2.277777777777777,3.166666666666667,0.16666666666666669,1,1
-3.700000000000003,-0.9000000000000057,-2.7,-1.8599999999999994,-0.017000000000000015,0.0,-0.1333333333333333,-5.066666666666667,0.10138888888888892,-8.333333333333336,2.0,-2.277777777777777,3.166666666666667,0.16666666666666669,1,1
-1.7000000000000028,2.299999999999997,-4.0,-4.6200000000000045,-0.009000000000000008,0.0,-0.1333333333333333,-5.2,0.015991452991453048,-3.6538461538461533,-6.5256410256410255,-3.3803418803418808,0.551282051282052,-0.038461538461538436,1,1
-1.7000000000000028,2.299999999999997,-4.0,-4.6200000000000045,-0.009000000000000008,0.0,-0.06666666666666665,-2.8666666666666667,0.015991452991453048,-3.6538461538461533,-6.5256410256410255,-3.3803418803418808,0.551282051282052,-0.038461538461538436,1,1
-1.7000000000000028,2.299999999999997,-4.0,-4.6200000000000045,-0.009000000000000008,0.0,0.0,-3.7333333333333334,0.015991452991453048,-3.6538461538461533,-6.5256410256410255,-3.3803418803418808,0.551282051282052,-0.038461538461538436,1,1
0.4000000000000057,2.5,-2.0,-3.0999999999999943,-0.010000000000000009,0.0,-0.19999999999999996,-3.533333333333333,0.001404040404040463,-7.4090909090909065,-7.833333333333332,-4.383838383838384,-0.5606060606060606,-0.2272727272727273,1,0
0.4000000000000057,2.5,-2.0,-3.0999999999999943,-0.010000000000000009,0.0,-0.19999999999999996,-4.266666666666667,0.001404040404040463,-7.4090909090909065,-7.833333333333332,-4.383838383838384,-0.5606060606060606,-0.2272727272727273,1,1
-0.9000000000000057,0.30000000000001137,-1.2999999999999998,2.6699999999999875,-0.007000000000000006,0.0,0.06666666666666665,-1.0,-0.01762121212121215,1.0909090909090935,0.9696969696969688,-0.30303030303030276,0.10606060606060552,0.2575757575757576,1,1
-0.9000000000000057,0.30000000000001137,-1.2999999999999998,2.6699999999999875,-0.007000000000000006,0.0,0.13333333333333336,0.8666666666666667,-0.01762121212121215,1.0909090909090935,0.9696969696969688,-0.30303030303030276,0.10606060606060552,0.2575757575757576,1,0
-0.9000000000000057,0.30000000000001137,-1.2999999999999998,2.6699999999999875,-0.007000000000000006,0.0,0.2,6.4,-0.01762121212121215,1.0909090909090935,0.9696969696969688,-0.30303030303030276,0.10606060606060552,0.2575757575757576,1,1
-1.2999999999999972,3.9000000000000057,-5.199999999999999,-0.25,-0.016000000000000014,0.0,0.0,2.333333333333333,0.0004454545454545822,1.5909090909090935,-1.9636363636363647,1.463636363636363,-1.5272727272727273,-0.009090909090909038,1,1
-1.2999999999999972,3.9000000000000057,-5.199999999999999,-0.25,-0.016000000000000014,0.0,0.0,0.19999999999999996,0.0004454545454545822,1.5909090909090935,-1.9636363636363647,1.463636363636363,-1.5272727272727273,-0.009090909090909038,1,0
-1.2999999999999972,3.9000000000000057,-5.199999999999999,-0.25,-0.016000000000000014,0.0,-0.06666666666666665,-0.8666666666666667,0.0004454545454545822,1.5909090909090935,-1.9636363636363647,1.463636363636363,-1.5272727272727273,-0.009090909090909038,1,1
2.4000000000000057,6.5,-4.199999999999999,2.809999999999988,-0.0020000000000000018,0.0,0.06666666666666665,-4.066666666666666,-0.0025795454545454177,0.6534090909090935,-2.8011363636363633,0.5511363636363633,-0.9772727272727275,0.02840909090909094,1,1
2.4000000000000057,6.5,-4.199999999999999,2.809999999999988,-0.0020000000000000018,0.0,0.19999999999999996,-1.7999999999999998,-0.0025795454545454177,0.6534090909090935,-2.8011363636363633,0.5511363636363633,-0.9772727272727275,0.02840909090909094,1,0
-5.200000000000003,4.300000000000011,-9.6,2.6199999999999903,-0.017000000000000015,0.0,-0.20000000000000007,-6.6,-0.0010071770334927899,0.038277511961723576,-2.6531100478468908,1.653110047846889,0.009569377990430006,-0.25119617224880375,1,0
-5.200000000000003,4.300000000000011,-9.6,2.6199999999999903,-0.017000000000000015,0.0,-0.33333333333333337,-10.200000000000001,-0.0010071770334927899,0.038277511961723576,-2.6531100478468908,1.653110047846889,0.009569377990430006,-0.25119617224880375,1,1
-0.10000000000000853,-2.5,2.4,-0.39000000000000057,-0.013999999999999901,0.0,-0.4,-1.9333333333333331,-0.011357142857142899,2.5714285714285694,2.8571428571428577,1.2142857142857135,1.1428571428571432,0.07142857142857145,1,1
-0.10000000000000853,-2.5,2.4,-0.39000000000000057,-0.013999999999999901,0.0,0.16666666666666669,6.933333333333334,-0.011357142857142899,2.5714285714285694,2.8571428571428577,1.2142857142857135,1.1428571428571432,0.07142857142857145,1,1
-0.10000000000000853,-2.5,2.4,-0.39000000000000057,-0.013999999999999901,0.0,0.23333333333333334,9.3,-0.011357142857142899,2.5714285714285694,2.8571428571428577,1.2142857142857135,1.1428571428571432,0.07142857142857145,1,1
-1.6000000000000085,-1.4000000000000057,-0.20000000000000018,-1.4699999999999989,-0.009999999999999898,-4.0,0.30476190476190473,7.857142857142858,-0.02703571428571433,2.5267857142857153,4.25,-3.2857142857142865,-1.1607142857142856,0.0,1,1
-1.6000000000000085,-1.4000000000000057,-0.20000000000000018,-1.4699999999999989,-0.009999999999999898,0.0,0.35833333333333334,8.691666666666666,-0.02703571428571433,2.5267857142857153,4.25,-3.2857142857142865,-1.1607142857142856,0.0,1,0
-1.6000000000000085,-1.4000000000000057,-0.20000000000000018,-1.4699999999999989,-0.009999999999999898,0.0,0.1454545454545454,4.03030303030303,-0.02703571428571433,2.5267857142857153,4.25,-3.2857142857142865,-1.1607142857142856,0.0,1,1
-1.6000000000000085,-1.4000000000000057,-0.20000000000000018,-1.4699999999999989,-0.009999999999999898,0.0,0.07179487179487176,3.9076923076923076,-0.02703571428571433,2.5267857142857153,4.25,-3.2857142857142865,-1.1607142857142856,0.0,1,0
0.7999999999999972,1.1000000000000085,-0.2999999999999998,-1.5100000000000051,-0.018000000000000016,-18.0,0.09999999999999998,5.9904761904761905,-0.046706766917293197,-0.5112781954887282,1.097744360902258,2.067669172932332,0.015037593984962072,0.045112781954887216,1,1
0.7999999999999972,1.1000000000000085,-0.2999999999999998,-1.5100000000000051,-0.018000000000000016,0.0,0.2,7.666666666666666,-0.046706766917293197,-0.5112781954887282,1.097744360902258,2.067669172932332,0.015037593984962072,0.045112781954887216,1,0
0.7999999999999972,1.1000000000000085,-0.2999999999999998,-1.5100000000000051,-0.018000000000000016,0.0,0.06666666666666665,1.8,-0.046706766917293197,-0.5112781954887282,1.097744360902258,2.067669172932332,0.015037593984962072,0.045112781954887216,1,1
0.7999999999999972,1.1000000000000085,-0.2999999999999998,-1.5100000000000051,-0.018000000000000016,0.0,0.13333333333333336,2.0,-0.046706766917293197,-0.5112781954887282,1.097744360902258,2.067669172932332,0.015037593984962072,0.045112781954887216,1,1
-0.7000000000000028,3.5,-4.1,-4.519999999999996,-0.010000000000000009,0.0,0.0,-2.2,0.010578947368421077,-3.3684210526315823,1.3724696356275317,0.9797570850202444,-1.3036437246963564,-0.06477732793522267,1,0
-0.7000000000000028,3.5,-4.1,-4.519999999999996,-0.010000000000000009,0.0,-0.06666666666666665,-3.4,0.010578947368421077,-3.3684210526315823,1.3724696356275317,0.9797570850202444,-1.3036437246963564,-0.06477732793522267,1,0
-0.7000000000000028,3.5,-4.1,-4.519999999999996,-0.010000000000000009,0.0,-0.06666666666666665,-5.0,0.010578947368421077,-3.3684210526315823,1.3724696356275317,0.9797570850202444,-1.3036437246963564,-0.06477732793522267,1,1
0.8999999999999915,4.300000000000011,-3.3999999999999995,-3.5600000000000023,-0.006000000000000005,0.0,-0.3666666666666667,-11.583333333333334,0.025483709273182942,-3.463659147869677,-3.0927318295739354,-1.2180451127819545,-1.8897243107769421,-0.2882205513784461,1,1
0.8999999999999915,4.300000000000011,-3.3999999999999995,-3.5600000000000023,-0.006000000000000005,0.0,-0.23589743589743595,-8.507692307692308,0.025483709273182942,-3.463659147869677,-3.0927318295739354,-1.2180451127819545,-1.8897243107769421,-0.2882205513784461,1,0
-0.7999999999999972,-3.799999999999997,3.0,-1.230000000000004,0.01100000000000001,-28.0,0.2,6.733333333333333,-0.030299999999999994,1.9333333333333371,2.0666666666666664,-0.9666666666666668,0.9333333333333327,0.06666666666666671,1,0
-0.7999999999999972,-3.799999999999997,3.0,-1.230000000000004,0.01100000000000001,0.0,0.13333333333333336,4.666666666666667,-0.030299999999999994,1.9333333333333371,2.0666666666666664,-0.9666666666666668,0.9333333333333327,0.06666666666666671,1,1
-0.7999999999999972,-3.799999999999997,3.0,-1.230000000000004,0.01100000000000001,0.0,0.13333333333333336,4.0,-0.030299999999999994,1.9333333333333371,2.0666666666666664,-0.9666666666666668,0.9333333333333327,0.06666666666666671,1,1
0.0,1.0999999999999943,-1.1000000000000005,-0.2600000000000051,-0.009000000000000008,0.0,-0.2833333333333333,-11.991666666666667,0.011563636363636387,0.9181818181818215,1.672727272727272,-0.663636363636364,-0.3545454545454545,-0.23636363636363633,1,0
0.0,1.0999999999999943,-1.1000000000000005,-0.2600000000000051,-0.009000000000000008,0.0,-0.37777777777777777,-14.222222222222221,0.011563636363636387,0.9181818181818215,1.672727272727272,-0.663636363636364,-0.3545454545454545,-0.23636363636363633,1,0
1.7000000000000028,4.900000000000006,-3.2,-0.3299999999999983,0.008000000000000007,0.0,-0.3333333333333333,-9.666666666666666,-0.019018181818181767,-2.1090909090909093,-2.0,1.627272727272727,-0.7272727272727275,-0.5272727272727273,1,0
1.7000000000000028,4.900000000000006,-3.2,-0.3299999999999983,0.008000000000000007,0.0,-0.4666666666666666,-11.133333333333333,-0.019018181818181767,-2.1090909090909093,-2.0,1.627272727272727,-0.7272727272727275,-0.5272727272727273,1,1
3.5,0.4000000000000057,3.0999999999999996,-2.8100000000000023,0.009000000000000008,2.0,0.06060606060606061,0.666666666666667,0.02040000000000003,5.549999999999997,3.1499999999999986,-1.8499999999999996,0.25,0.6000000000000001,1,1
3.5,0.4000000000000057,3.0999999999999996,-2.8100000000000023,0.009000000000000008,0.0,0.15000000000000002,5.366666666666667,0.02040000000000003,5.549999999999997,3.1499999999999986,-1.8499999999999996,0.25,0.6000000000000001,1,1
3.5,0.4000000000000057,3.0999999999999996,-2.8100000000000023,0.009000000000000008,0.0,0.13333333333333336,4.933333333333334,0.02040000000000003,5.549999999999997,3.1499999999999986,-1.8499999999999996,0.25,0.6000000000000001,1,1
2.299999999999997,1.2000000000000028,1.0999999999999996,-0.09000000000000341,0.031000000000000028,0.0,-0.19999999999999996,-4.266666666666667,0.006709090909090942,4.75,1.2045454545454533,-0.8136363636363626,0.5772727272727272,0.25454545454545463,1,1
2.299999999999997,1.2000000000000028,1.0999999999999996,-0.09000000000000341,0.031000000000000028,0.0,-0.19999999999999996,-3.6,0.006709090909090942,4.75,1.2045454545454533,-0.8136363636363626,0.5772727272727272,0.25454545454545463,1,1
2.299999999999997,1.2000000000000028,1.0999999999999996,-0.09000000000000341,0.031000000000000028,0.0,-0.06666666666666665,1.7333333333333334,0.006709090909090942,4.75,1.2045454545454533,-0.8136363636363626,0.5772727272727272,0.25454545454545463,1,1
2.8999999999999915,0.29999999999999716,2.5999999999999996,-3.180000000000007,0.019000000000000017,1.0,0.06666666666666665,4.4,0.0338,0.125,0.8125,-0.6999999999999993,0.037499999999999645,0.30000000000000004,1,1
2.8999999999999915,0.29999999999999716,2.5999999999999996,-3.180000000000007,0.019000000000000017,0.0,0.1333333333333333,6.0,0.0338,0.125,0.8125,-0.6999999999999993,0.037499999999999645,0.30000000000000004,1,1
4.5,0.7000000000000028,3.8,1.9799999999999898,0.027000000000000024,7.0,0.13333333333333341,4.533333333333334,-0.013069565217391332,4.489130434782609,2.1847826086956523,-0.4499999999999993,-0.15000000000000036,0.23478260869565226,1,1
4.5,0.7000000000000028,3.8,1.9799999999999898,0.027000000000000024,0.0,0.20000000000000007,4.4,-0.013069565217391332,4.489130434782609,2.1847826086956523,-0.4499999999999993,-0.15000000000000036,0.23478260869565226,1,0
4.5,0.7000000000000028,3.8,1.9799999999999898,0.027000000000000024,0.0,0.2666666666666667,7.133333333333333,-0.013069565217391332,4.489130434782609,2.1847826086956523,-0.4499999999999993,-0.15000000000000036,0.23478260869565226,1,1
2.3999999999999915,-2.5,4.9,-3.9499999999999886,-0.01200000000000001,-21.0,0.33333333333333337,6.666666666666666,0.04006666666666664,1.8999999999999986,0.5166666666666693,0.9333333333333336,0.41666666666666696,0.38333333333333336,1,1
2.3999999999999915,-2.5,4.9,-3.9499999999999886,-0.01200000000000001,0.0,0.33333333333333337,6.2666666666666675,0.04006666666666664,1.8999999999999986,0.5166666666666693,0.9333333333333336,0.41666666666666696,0.38333333333333336,1,1
2.3999999999999915,-2.5,4.9,-3.9499999999999886,-0.01200000000000001,0.0,0.4666666666666667,6.066666666666666,0.04006666666666664,1.8999999999999986,0.5166666666666693,0.9333333333333336,0.41666666666666696,0.38333333333333336,1,1
3.200000000000003,3.8999999999999915,-0.7999999999999998,-0.35999999999999943,-0.0050000000000000044,-1.0,0.4,7.866666666666667,-0.021958333333333357,0.0625,0.9791666666666679,0.020833333333333925,-0.833333333333333,0.02083333333333337,1,0
3.200000000000003,3.8999999999999915,-0.7999999999999998,-0.35999999999999943,-0.0050000000000000044,0.0,0.33333333333333337,6.133333333333333,-0.021958333333333357,0.0625,0.9791666666666679,0.020833333333333925,-0.833333333333333,0.02083333333333337,1,0
3.200000000000003,3.8999999999999915,-0.7999999999999998,-0.35999999999999943,-0.0050000000000000044,0.0,0.2666666666666666,3.466666666666667,-0.021958333333333357,0.0625,0.9791666666666679,0.020833333333333925,-0.833333333333333,0.02083333333333337,1,1
3.200000000000003,3.8999999999999915,-0.7999999999999998,-0.35999999999999943,-0.0050000000000000044,0.0,0.1333333333333333,-2.0666666666666664,-0.021958333333333357,0.0625,0.9791666666666679,0.020833333333333925,-0.833333333333333,0.02083333333333337,1,0
4.6000000000000085,5.699999999999989,-1.1000000000000005,2.430000000000007,0.015000000000000013,-16.0,0.3333333333333333,5.533333333333333,-0.00821428571428573,7.0,-3.3571428571428577,3.2857142857142865,-0.4285714285714288,0.07142857142857145,1,1
4.6000000000000085,5.699999999999989,-1.1000000000000005,2.430000000000007,0.015000000000000013,0.0,0.39999999999999997,5.733333333333333,-0.00821428571428573,7.0,-3.3571428571428577,3.2857142857142865,-0.4285714285714288,0.07142857142857145,1,0
4.6000000000000085,5.699999999999989,-1.1000000000000005,2.430000000000007,0.015000000000000013,0.0,0.2,-1.9999999999999996,-0.00821428571428573,7.0,-3.3571428571428577,3.2857142857142865,-0.4285714285714288,0.07142857142857145,1,1
4.6000000000000085,5.699999999999989,-1.1000000000000005,2.430000000000007,0.015000000000000013,0.0,0.13333333333333336,-1.8666666666666667,-0.00821428571428573,7.0,-3.3571428571428577,3.2857142857142865,-0.4285714285714288,0.07142857142857145,1,1
-0.29999999999999716,8.5,-8.899999999999999,-0.23000000000000398,0.01100000000000001,0.0,-0.1333333333333333,-16.933333333333334,0.011226708074534186,2.8633540372670794,-0.31366459627329135,3.29192546583851,-3.167701863354038,-0.19565217391304346,1,1
-0.29999999999999716,8.5,-8.899999999999999,-0.23000000000000398,0.01100000000000001,0.0,0.0,-11.866666666666667,0.011226708074534186,2.8633540372670794,-0.31366459627329135,3.29192546583851,-3.167701863354038,-0.19565217391304346,1,0
-0.29999999999999716,8.5,-8.899999999999999,-0.23000000000000398,0.01100000000000001,0.0,-0.1333333333333333,-13.866666666666667,0.011226708074534186,2.8633540372670794,-0.31366459627329135,3.29192546583851,-3.167701863354038,-0.19565217391304346,1,1
5.6000000000000085,3.5,2.1,-2.010000000000005,0.02400000000000002,10.0,-0.1333333333333333,-7.7333333333333325,-0.031166666666666676,-9.0,0.3888888888888893,-1.8333333333333321,1.1111111111111107,-0.22222222222222227,1,1
5.6000000000000085,3.5,2.1,-2.010000000000005,0.02400000000000002,0.0,0.0,-4.266666666666667,-0.031166666666666676,-9.0,0.3888888888888893,-1.8333333333333321,1.1111111111111107,-0.22222222222222227,1,0
5.6000000000000085,3.5,2.1,-2.010000000000005,0.02400000000000002,0.0,-0.1333333333333333,-6.6,-0.031166666666666676,-9.0,0.3888888888888893,-1.8333333333333321,1.1111111111111107,-0.22222222222222227,1,1
3.3000000000000114,-5.8999999999999915,9.1,6.989999999999995,0.03399999999999992,0.0,1.0,14.0,0.05628571428571427,3.6190476190476204,1.2738095238095255,1.1428571428571423,0.5,0.7619047619047619,1,1
5.6000000000000085,-0.7999999999999972,6.4,6.460000000000008,0.039999999999999925,4.0,0.19999999999999996,1.2000000000000002,0.05764935064935062,2.164502164502167,4.160173160173162,3.6883116883116873,-0.6363636363636367,0.21645021645021645,1,1
5.6000000000000085,-0.7999999999999972,6.4,6.460000000000008,0.039999999999999925,0.0,0.33333333333333337,6.233333333333334,0.05764935064935062,2.164502164502167,4.160173160173162,3.6883116883116873,-0.6363636363636367,0.21645021645021645,1,0
5.6000000000000085,-0.7999999999999972,6.4,6.460000000000008,0.039999999999999925,0.0,0.08333333333333337,3.763888888888889,0.05764935064935062,2.164502164502167,4.160173160173162,3.6883116883116873,-0.6363636363636367,0.21645021645021645,1,1
4.400000000000006,-2.1999999999999886,6.5,1.9200000000000017,0.02299999999999991,2.0,0.13333333333333341,8.083333333333334,0.033050420168067196,-0.08683473389355356,2.6414565826330545,-0.6218487394957997,-0.35294117647058876,0.2324929971988795,1,1
4.400000000000006,-2.1999999999999886,6.5,1.9200000000000017,0.02299999999999991,0.0,0.2027972027972028,8.020979020979022,0.033050420168067196,-0.08683473389355356,2.6414565826330545,-0.6218487394957997,-0.35294117647058876,0.2324929971988795,1,1
4.400000000000006,-2.1999999999999886,6.5,1.9200000000000017,0.02299999999999991,0.0,0.2523809523809524,10.176190476190477,0.033050420168067196,-0.08683473389355356,2.6414565826330545,-0.6218487394957997,-0.35294117647058876,0.2324929971988795,1,1
0.30000000000001137,-4.8999999999999915,5.1000000000000005,6.049999999999997,0.013999999999999901,-1.0,-0.05714285714285705,-0.71904761904762,0.03563571428571427,-1.480952380952381,6.5238095238095255,2.442857142857143,1.7000000000000002,0.06190476190476191,1,1
0.30000000000001137,-4.8999999999999915,5.1000000000000005,6.049999999999997,0.013999999999999901,0.0,0.0,0.4666666666666659,0.03563571428571427,-1.480952380952381,6.5238095238095255,2.442857142857143,1.7000000000000002,0.06190476190476191,1,0
0.30000000000001137,-4.8999999999999915,5.1000000000000005,6.049999999999997,0.013999999999999901,0.0,-0.06666666666666665,2.6000000000000005,0.03563571428571427,-1.480952380952381,6.5238095238095255,2.442857142857143,1.7000000000000002,0.06190476190476191,1,1
6.200000000000003,-4.5,10.6,1.8199999999999932,0.039999999999999925,-20.0,0.2666666666666666,12.533333333333335,0.11797499999999994,-4.191666666666663,6.291666666666668,-5.216666666666667,-0.4416666666666673,0.425,1,1
6.200000000000003,-4.5,10.6,1.8199999999999932,0.039999999999999925,0.0,0.4,16.8,0.11797499999999994,-4.191666666666663,6.291666666666668,-5.216666666666667,-0.4416666666666673,0.425,1,1
6.200000000000003,-4.5,10.6,1.8199999999999932,0.039999999999999925,0.0,0.33333333333333326,16.866666666666667,0.11797499999999994,-4.191666666666663,6.291666666666668,-5.216666666666667,-0.4416666666666673,0.425,1,1
5.900000000000006,-4.0,9.799999999999999,3.1799999999999926,0.04499999999999993,2.0,0.27878787878787875,15.236363636363636,0.013193181818181798,-4.428030303030297,2.746212121212121,1.037878787878789,1.7765151515151514,0.17045454545454547,1,1
5.900000000000006,-4.0,9.799999999999999,3.1799999999999926,0.04499999999999993,0.0,0.3166666666666666,16.666666666666668,0.013193181818181798,-4.428030303030297,2.746212121212121,1.037878787878789,1.7765151515151514,0.17045454545454547,1,1
5.900000000000006,-4.0,9.799999999999999,3.1799999999999926,0.04499999999999993,0.0,0.33333333333333326,14.200000000000001,0.013193181818181798,-4.428030303030297,2.746212121212121,1.037878787878789,1.7765151515151514,0.17045454545454547,1,1
1.4000000000000057,-2.0,3.1999999999999993,2.6999999999999886,0.028000000000000025,1.0,0.006060606060605989,2.0666666666666664,0.05376388888888889,-3.736111111111107,3.791666666666668,0.13888888888888928,0.23611111111111072,0.01388888888888884,1,0
1.4000000000000057,-2.0,3.1999999999999993,2.6999999999999886,0.028000000000000025,0.0,-0.01666666666666672,1.9666666666666677,0.05376388888888889,-3.736111111111107,3.791666666666668,0.13888888888888928,0.23611111111111072,0.01388888888888884,1,1
1.4000000000000057,-2.0,3.1999999999999993,2.6999999999999886,0.028000000000000025,0.0,-0.06666666666666665,-1.7333333333333334,0.05376388888888889,-3.736111111111107,3.791666666666668,0.13888888888888928,0.23611111111111072,0.01388888888888884,1,1
1.4000000000000057,-2.0,3.1999999999999993,2.6999999999999886,0.028000000000000025,0.0,0.0,0.5999999999999996,0.05376388888888889,-3.736111111111107,3.791666666666668,0.13888888888888928,0.23611111111111072,0.01388888888888884,1,1
3.299999999999997,-1.1000000000000085,4.3,6.420000000000002,0.03499999999999992,-3.0,-0.13333333333333341,-6.333333333333334,-0.007625000000000048,-0.077380952380949,3.0535714285714306,2.0119047619047628,0.19642857142857117,-0.13690476190476186,1,1
3.299999999999997,-1.1000000000000085,4.3,6.420000000000002,0.03499999999999992,0.0,-0.06666666666666676,-4.800000000000001,-0.007625000000000048,-0.077380952380949,3.0535714285714306,2.0119047619047628,0.19642857142857117,-0.13690476190476186,1,1
3.299999999999997,-1.1000000000000085,4.3,6.420000000000002,0.03499999999999992,0.0,0.0,-5.6,-0.007625000000000048,-0.077380952380949,3.0535714285714306,2.0119047619047628,0.19642857142857117,-0.13690476190476186,1,0
3.299999999999997,-1.1000000000000085,4.3,6.420000000000002,0.03499999999999992,0.0,-0.06666666666666665,-8.533333333333333,-0.007625000000000048,-0.077380952380949,3.0535714285714306,2.0119047619047628,0.19642857142857117,-0.13690476190476186,1,0
5.3999999999999915,-6.599999999999994,12.0,2.990000000000009,0.03799999999999992,-39.0,0.1333333333333333,2.7333333333333334,0.06276470588235289,1.764705882352942,12.485294117647058,-1.1029411764705888,1.4558823529411757,0.9411764705882353,1,1
5.3999999999999915,-6.599999999999994,12.0,2.990000000000009,0.03799999999999992,0.0,0.1333333333333333,3.066666666666667,0.06276470588235289,1.764705882352942,12.485294117647058,-1.1029411764705888,1.4558823529411757,0.9411764705882353,1,1
5.799999999999997,-1.2999999999999972,7.1000000000000005,8.280000000000001,0.03400000000000003,6.0,0.09523809523809523,3.3904761904761904,0.01694652406417113,6.6737967914438485,8.508021390374331,2.828877005347593,1.3422459893048124,0.5775401069518716,1,1
5.799999999999997,-1.2999999999999972,7.1000000000000005,8.280000000000001,0.03400000000000003,0.0,0.23333333333333328,7.433333333333334,0.01694652406417113,6.6737967914438485,8.508021390374331,2.828877005347593,1.3422459893048124,0.5775401069518716,1,1
4.5,0.5,4.0,5.510000000000005,0.03300000000000003,3.0,0.19999999999999996,5.333333333333333,0.0367022058823529,1.327205882352942,6.922794117647058,1.7095588235294112,0.9558823529411757,0.4411764705882353,1,1
4.5,0.5,4.0,5.510000000000005,0.03300000000000003,0.0,0.19999999999999996,3.666666666666667,0.0367022058823529,1.327205882352942,6.922794117647058,1.7095588235294112,0.9558823529411757,0.4411764705882353,1,1
2.0,-6.299999999999997,8.3,3.6300000000000097,0.017000000000000015,3.0,-0.1333333333333333,-2.133333333333333,-0.032013071895424905,3.5980392156862777,6.179738562091501,0.8692810457516327,1.3169934640522865,0.21895424836601307,1,1
2.0,-6.299999999999997,8.3,3.6300000000000097,0.017000000000000015,0.0,0.0,2.7333333333333343,-0.032013071895424905,3.5980392156862777,6.179738562091501,0.8692810457516327,1.3169934640522865,0.21895424836601307,1,1
2.0,-6.299999999999997,8.3,3.6300000000000097,0.017000000000000015,0.0,0.20000000000000007,4.533333333333333,-0.032013071895424905,3.5980392156862777,6.179738562091501,0.8692810457516327,1.3169934640522865,0.21895424836601307,1,1
5.700000000000003,2.700000000000003,2.9000000000000004,4.6499999999999915,0.05999999999999994,-21.0,0.4666666666666667,13.6,0.04778095238095237,7.399999999999999,7.0476190476190474,1.9333333333333336,0.2571428571428571,0.5619047619047619,1,1
5.700000000000003,2.700000000000003,2.9000000000000004,4.6499999999999915,0.05999999999999994,0.0,0.5333333333333333,16.933333333333334,0.04778095238095237,7.399999999999999,7.0476190476190474,1.9333333333333336,0.2571428571428571,0.5619047619047619,1,1
5.700000000000003,2.700000000000003,2.9000000000000004,4.6499999999999915,0.05999999999999994,0.0,0.4666666666666667,15.733333333333334,0.04778095238095237,7.399999999999999,7.0476190476190474,1.9333333333333336,0.2571428571428571,0.5619047619047619,1,1
4.299999999999997,-0.6000000000000085,4.800000000000001,-1.1300000000000097,0.030000000000000027,-3.0,0.3666666666666667,10.833333333333334,-0.011619047619047584,-0.5555555555555571,-0.8412698412698418,-1.7777777777777768,-0.25396825396825395,0.20634920634920628,1,1
4.299999999999997,-0.6000000000000085,4.800000000000001,-1.1300000000000097,0.030000000000000027,0.0,0.4222222222222223,13.066666666666666,-0.011619047619047584,-0.5555555555555571,-0.8412698412698418,-1.7777777777777768,-0.25396825396825395,0.20634920634920628,1,1
4.299999999999997,-0.6000000000000085,4.800000000000001,-1.1300000000000097,0.030000000000000027,0.0,0.38333333333333336,11.033333333333333,-0.011619047619047584,-0.5555555555555571,-0.8412698412698418,-1.7777777777777768,-0.25396825396825395,0.20634920634920628,1,1
-1.2999999999999972,1.0999999999999943,-2.5,2.3299999999999983,0.013000000000000012,0.0,0.06666666666666665,-0.6000000000000005,0.014675070028011217,2.0,7.224089635854341,1.215686274509805,-0.26050420168067223,0.11484593837535007,1,1
-1.2999999999999972,1.0999999999999943,-2.5,2.3299999999999983,0.013000000000000012,0.0,0.1333333333333333,5.933333333333334,0.014675070028011217,2.0,7.224089635854341,1.215686274509805,-0.26050420168067223,0.11484593837535007,1,0
-1.2999999999999972,1.0999999999999943,-2.5,2.3299999999999983,0.013000000000000012,0.0,-0.06666666666666665,2.866666666666667,0.014675070028011217,2.0,7.224089635854341,1.215686274509805,-0.26050420168067223,0.11484593837535007,1,1
0.7999999999999972,-4.299999999999997,4.9,1.6299999999999955,0.019000000000000017,-1.0,-0.06666666666666665,5.0,0.020744588744588788,3.636363636363633,6.820346320346321,0.3787878787878789,1.9025974025974026,0.21645021645021645,1,1
0.7999999999999972,-4.299999999999997,4.9,1.6299999999999955,0.019000000000000017,0.0,0.0,5.733333333333333,0.020744588744588788,3.636363636363633,6.820346320346321,0.3787878787878789,1.9025974025974026,0.21645021645021645,1,1
3.5999999999999943,-1.8000000000000114,5.5,-0.9200000000000017,0.02100000000000002,-404.0,0.39999999999999997,11.4,0.005530303030303052,3.151515151515156,3.075757575757578,1.045454545454545,-0.5909090909090908,0.30303030303030304,1,1
3.5999999999999943,-1.8000000000000114,5.5,-0.9200000000000017,0.02100000000000002,0.0,0.39999999999999997,12.533333333333333,0.005530303030303052,3.151515151515156,3.075757575757578,1.045454545454545,-0.5909090909090908,0.30303030303030304,1,0
3.5999999999999943,-1.8000000000000114,5.5,-0.9200000000000017,0.02100000000000002,0.0,0.4666666666666666,17.46666666666667,0.005530303030303052,3.151515151515156,3.075757575757578,1.045454545454545,-0.5909090909090908,0.30303030303030304,1,0
0.09999999999999432,-1.5,1.7000000000000002,3.3499999999999943,0.015000000000000013,-2.0,0.06666666666666665,10.933333333333332,0.0015454545454545165,0.4090909090909136,10.136363636363637,0.0,-1.1363636363636358,0.09090909090909094,1,1
0.09999999999999432,-1.5,1.7000000000000002,3.3499999999999943,0.015000000000000013,0.0,0.1333333333333333,10.133333333333335,0.0015454545454545165,0.4090909090909136,10.136363636363637,0.0,-1.1363636363636358,0.09090909090909094,1,1
0.09999999999999432,-1.5,1.7000000000000002,3.3499999999999943,0.015000000000000013,0.0,0.1333333333333333,8.933333333333334,0.0015454545454545165,0.4090909090909136,10.136363636363637,0.0,-1.1363636363636358,0.09090909090909094,1,1
1.2999999999999972,-0.9000000000000057,2.3,1.7800000000000011,0.028000000000000025,2.0,0.19999999999999996,9.2,0.011113636363636326,-1.8693181818181799,8.65909090909091,2.045454545454545,0.5340909090909092,0.13636363636363635,1,1
1.2999999999999972,-0.9000000000000057,2.3,1.7800000000000011,0.028000000000000025,0.0,0.19999999999999996,10.266666666666666,0.011113636363636326,-1.8693181818181799,8.65909090909091,2.045454545454545,0.5340909090909092,0.13636363636363635,1,1
2.4000000000000057,1.7999999999999972,0.7000000000000002,1.2299999999999898,0.017000000000000015,0.0,0.1333333333333333,2.333333333333333,0.025321969696969704,0.9848484848484844,5.867424242424242,3.045454545454545,-0.6325757575757569,-0.030303030303030276,1,0
2.4000000000000057,1.7999999999999972,0.7000000000000002,1.2299999999999898,0.017000000000000015,0.0,0.06666666666666665,0.7999999999999998,0.025321969696969704,0.9848484848484844,5.867424242424242,3.045454545454545,-0.6325757575757569,-0.030303030303030276,1,0
2.4000000000000057,1.7999999999999972,0.7000000000000002,1.2299999999999898,0.017000000000000015,0.0,0.0,-3.2666666666666666,0.025321969696969704,0.9848484848484844,5.867424242424242,3.045454545454545,-0.6325757575757569,-0.030303030303030276,1,0
-1.7000000000000028,-4.900000000000006,3.2,0.3299999999999983,-0.008000000000000007,731.0,0.26666666666666666,5.866666666666667,0.019018181818181767,2.1090909090909093,2.0,-1.627272727272727,0.7272727272727275,0.5272727272727273,1,1
-1.7000000000000028,-4.900000000000006,3.2,0.3299999999999983,-0.008000000000000007,0.0,0.26666666666666666,6.800000000000001,0.019018181818181767,2.1090909090909093,2.0,-1.627272727272727,0.7272727272727275,0.5272727272727273,1,1
-1.7000000000000028,-4.900000000000006,3.2,0.3299999999999983,-0.008000000000000007,0.0,0.3333333333333333,9.733333333333334,0.019018181818181767,2.1090909090909093,2.0,-1.627272727272727,0.7272727272727275,0.5272727272727273,1,1
-2.200000000000003,-2.3000000000000114,0.20000000000000018,-1.7800000000000011,0.028999999999999915,0.0,0.19999999999999996,2.666666666666667,0.014734848484848462,-1.9242424242424292,1.8333333333333321,0.8560606060606073,-1.4393939393939386,0.2272727272727273,1,1
-2.200000000000003,-2.3000000000000114,0.20000000000000018,-1.7800000000000011,0.028999999999999915,0.0,0.19999999999999996,5.066666666666666,0.014734848484848462,-1.9242424242424292,1.8333333333333321,0.8560606060606073,-1.4393939393939386,0.2272727272727273,1,1
-2.200000000000003,-2.3000000000000114,0.20000000000000018,-1.7800000000000011,0.028999999999999915,0.0,0.19999999999999996,0.4666666666666667,0.014734848484848462,-1.9242424242424292,1.8333333333333321,0.8560606060606073,-1.4393939393939386,0.2272727272727273,1,1
-0.4000000000000057,-2.5,2.0,3.0999999999999943,0.010000000000000009,2.0,0.06666666666666665,-1.3333333333333333,-0.001404040404040463,7.4090909090909065,7.833333333333332,4.383838383838384,0.5606060606060606,0.2272727272727273,1,1
-0.4000000000000057,-2.5,2.0,3.0999999999999943,0.010000000000000009,0.0,0.1333333333333333,2.466666666666667,-0.001404040404040463,7.4090909090909065,7.833333333333332,4.383838383838384,0.5606060606060606,0.2272727272727273,1,1
-0.4000000000000057,-2.5,2.0,3.0999999999999943,0.010000000000000009,0.0,0.19999999999999996,3.6000000000000005,-0.001404040404040463,7.4090909090909065,7.833333333333332,4.383838383838384,0.5606060606060606,0.2272727272727273,1,1
-1.5,0.3999999999999915,-1.9000000000000004,1.4799999999999898,0.0040000000000000036,3.0,0.1333333333333333,-1.666666666666667,0.007859848484848442,0.9924242424242422,2.5,-0.22727272727272663,1.3106060606060606,0.14393939393939392,1,0
-1.5,0.3999999999999915,-1.9000000000000004,1.4799999999999898,0.0040000000000000036,0.0,0.06666666666666665,-4.333333333333334,0.007859848484848442,0.9924242424242422,2.5,-0.22727272727272663,1.3106060606060606,0.14393939393939392,1,1
-1.5,0.3999999999999915,-1.9000000000000004,1.4799999999999898,0.0040000000000000036,0.0,0.06666666666666665,-2.2666666666666666,0.007859848484848442,0.9924242424242422,2.5,-0.22727272727272663,1.3106060606060606,0.14393939393939392,1,1
-3.5,-2.5999999999999943,-0.9000000000000001,1.5500000000000114,-0.008000000000000007,0.0,-0.4,-3.433333333333333,0.03041758241758241,-0.6373626373626351,6.153846153846153,-0.3076923076923084,-0.4835164835164836,0.032967032967033016,1,1
-3.5,-2.5999999999999943,-0.9000000000000001,1.5500000000000114,-0.008000000000000007,0.0,0.0,7.8,0.03041758241758241,-0.6373626373626351,6.153846153846153,-0.3076923076923084,-0.4835164835164836,0.032967032967033016,1,1
-3.5,-2.5999999999999943,-0.9000000000000001,1.5500000000000114,-0.008000000000000007,0.0,0.2666666666666666,6.533333333333333,0.03041758241758241,-0.6373626373626351,6.153846153846153,-0.3076923076923084,-0.4835164835164836,0.032967032967033016,1,0
1.1999999999999886,0.20000000000000284,1.0,0.6200000000000045,0.018000000000000016,-2.0,0.06666666666666665,1.1333333333333335,0.0038461538461538325,2.45192307692308,3.2163461538461533,2.4423076923076916,0.41826923076923084,-0.038461538461538436,1,0
1.1999999999999886,0.20000000000000284,1.0,0.6200000000000045,0.018000000000000016,0.0,0.06666666666666665,1.5333333333333332,0.0038461538461538325,2.45192307692308,3.2163461538461533,2.4423076923076916,0.41826923076923084,-0.038461538461538436,1,1
1.1999999999999886,0.20000000000000284,1.0,0.6200000000000045,0.018000000000000016,0.0,-0.06666666666666665,-0.3333333333333335,0.0038461538461538325,2.45192307692308,3.2163461538461533,2.4423076923076916,0.41826923076923084,-0.038461538461538436,1,1
-0.7000000000000028,0.7000000000000028,-1.3999999999999995,0.3400000000000034,0.014999999999999902,0.0,0.06666666666666665,-1.0533333333333332,-0.020809523809523778,-6.523809523809518,3.678571428571427,0.5714285714285712,1.0595238095238093,-0.011904761904761862,1,1
-0.7000000000000028,0.7000000000000028,-1.3999999999999995,0.3400000000000034,0.014999999999999902,0.0,0.1333333333333333,0.2800000000000002,-0.020809523809523778,-6.523809523809518,3.678571428571427,0.5714285714285712,1.0595238095238093,-0.011904761904761862,1,1
-0.7000000000000028,0.7000000000000028,-1.3999999999999995,0.3400000000000034,0.014999999999999902,0.0,0.2,-0.05333333333333312,-0.020809523809523778,-6.523809523809518,3.678571428571427,0.5714285714285712,1.0595238095238093,-0.011904761904761862,1,0
-1.5,0.20000000000000284,-1.7999999999999998,1.4200000000000017,-0.020000000000000018,0.0,-0.06666666666666665,-5.8,-0.002866666666666684,-1.8666666666666671,-0.9499999999999993,-1.4666666666666668,1.6499999999999995,-0.1833333333333333,1,0
-1.5,0.20000000000000284,-1.7999999999999998,1.4200000000000017,-0.020000000000000018,0.0,-0.1333333333333333,-7.133333333333334,-0.002866666666666684,-1.8666666666666671,-0.9499999999999993,-1.4666666666666668,1.6499999999999995,-0.1833333333333333,1,0
-2.200000000000003,-2.3000000000000114,0.19999999999999973,0.9599999999999937,-0.0020000000000000018,0.0,1.0,20.0,0.03043529411764706,-1.6941176470588246,0.6823529411764717,1.1647058823529424,1.3529411764705888,0.32941176470588235,1,1
-2.200000000000003,-2.3000000000000114,0.19999999999999973,0.9599999999999937,-0.0020000000000000018,0.0,0.5,6.0,0.03043529411764706,-1.6941176470588246,0.6823529411764717,1.1647058823529424,1.3529411764705888,0.32941176470588235,1,1
-5.599999999999994,-2.1000000000000085,-3.5000000000000004,1.9599999999999937,-0.016999999999999904,4.0,0.22857142857142865,4.628571428571429,0.021021008403361352,1.063025210084028,-0.617647058823529,2.336134453781513,-0.21848739495798242,0.02941176470588236,1,0
-5.599999999999994,-2.1000000000000085,-3.5000000000000004,1.9599999999999937,-0.016999999999999904,0.0,0.04166666666666663,-0.7916666666666666,0.021021008403361352,1.063025210084028,-0.617647058823529,2.336134453781513,-0.21848739495798242,0.02941176470588236,1,1
-5.599999999999994,-2.1000000000000085,-3.5000000000000004,1.9599999999999937,-0.016999999999999904,0.0,-0.08080808080808077,-11.131313131313131,0.021021008403361352,1.063025210084028,-0.617647058823529,2.336134453781513,-0.21848739495798242,0.02941176470588236,1,1
-5.599999999999994,-2.1000000000000085,-3.5000000000000004,1.9599999999999937,-0.016999999999999904,0.0,0.09790209790209792,-3.734265734265734,0.021021008403361352,1.063025210084028,-0.617647058823529,2.336134453781513,-0.21848739495798242,0.02941176470588236,1,1
-4.400000000000006,2.1999999999999886,-6.5,-1.9200000000000017,-0.02299999999999991,0.0,-0.261904761904762,-7.511904761904762,-0.033050420168067196,0.08683473389355356,-2.6414565826330545,0.6218487394957997,0.35294117647058876,-0.2324929971988795,1,0
-4.400000000000006,2.1999999999999886,-6.5,-1.9200000000000017,-0.02299999999999991,0.0,-0.3128205128205128,-11.964102564102564,-0.033050420168067196,0.08683473389355356,-2.6414565826330545,0.6218487394957997,0.35294117647058876,-0.2324929971988795,1,1
-6.200000000000003,4.5,-10.6,-1.8199999999999932,-0.039999999999999925,0.0,-0.4,-16.066666666666666,-0.11797499999999994,4.191666666666663,-6.291666666666668,5.216666666666667,0.4416666666666673,-0.425,1,1
-6.200000000000003,4.5,-10.6,-1.8199999999999932,-0.039999999999999925,0.0,-0.33333333333333326,-15.2,-0.11797499999999994,4.191666666666663,-6.291666666666668,5.216666666666667,0.4416666666666673,-0.425,1,0
6.199999999999989,1.3000000000000114,4.9,2.3699999999999903,0.04299999999999993,33.0,-0.26666666666666666,-11.733333333333334,-0.0008727272727272473,-0.6909090909090949,-0.25454545454545396,0.49090909090909207,-0.6727272727272728,0.3454545454545454,1,1
6.199999999999989,1.3000000000000114,4.9,2.3699999999999903,0.04299999999999993,0.0,-0.1333333333333333,-5.199999999999999,-0.0008727272727272473,-0.6909090909090949,-0.25454545454545396,0.49090909090909207,-0.6727272727272728,0.3454545454545454,1,1
6.199999999999989,1.3000000000000114,4.9,2.3699999999999903,0.04299999999999993,0.0,-0.06666666666666665,-5.533333333333333,-0.0008727272727272473,-0.6909090909090949,-0.25454545454545396,0.49090909090909207,-0.6727272727272728,0.3454545454545454,1,1
3.799999999999997,5.5,-1.7000000000000002,5.689999999999998,0.019000000000000017,0.0,-0.06666666666666665,-10.466666666666667,-0.022335227272727243,-1.5284090909090935,-1.7670454545454533,1.1534090909090917,-0.022727272727272485,0.045454545454545414,1,0
3.799999999999997,5.5,-1.7000000000000002,5.689999999999998,0.019000000000000017,0.0,-0.06666666666666665,-8.2,-0.022335227272727243,-1.5284090909090935,-1.7670454545454533,1.1534090909090917,-0.022727272727272485,0.045454545454545414,1,1
3.799999999999997,5.5,-1.7000000000000002,5.689999999999998,0.019000000000000017,0.0,-0.06666666666666665,-3.6666666666666665,-0.022335227272727243,-1.5284090909090935,-1.7670454545454533,1.1534090909090917,-0.022727272727272485,0.045454545454545414,1,0
1.5999999999999943,-4.5,6.1000000000000005,1.269999999999996,0.02400000000000002,0.0,0.5333333333333333,0.1333333333333333,-0.06429411764705883,-2.200000000000003,-3.576470588235292,-0.882352941176471,3.117647058823529,0.4470588235294118,1,1
1.5999999999999943,-4.5,6.1000000000000005,1.269999999999996,0.02400000000000002,0.0,0.35,9.1,-0.06429411764705883,-2.200000000000003,-3.576470588235292,-0.882352941176471,3.117647058823529,0.4470588235294118,1,1
6.699999999999989,2.700000000000003,4.0,1.4399999999999977,0.026000000000000023,2.0,0.1333333333333333,3.0666666666666664,-0.017475935828876965,-2.0,-1.4491978609625669,-3.9732620320855627,0.5721925133689831,0.19251336898395727,1,1
6.699999999999989,2.700000000000003,4.0,1.4399999999999977,0.026000000000000023,0.0,0.1333333333333333,4.333333333333333,-0.017475935828876965,-2.0,-1.4491978609625669,-3.9732620320855627,0.5721925133689831,0.19251336898395727,1,0
6.699999999999989,2.700000000000003,4.0,1.4399999999999977,0.026000000000000023,0.0,0.19999999999999996,7.666666666666666,-0.017475935828876965,-2.0,-1.4491978609625669,-3.9732620320855627,0.5721925133689831,0.19251336898395727,1,1
1.2999999999999972,-1.0999999999999943,2.5,-2.3299999999999983,-0.013000000000000012,0.0,-0.20000000000000007,-5.7333333333333325,-0.014675070028011217,-2.0,-7.224089635854341,-1.215686274509805,0.26050420168067223,-0.11484593837535007,1,0
1.2999999999999972,-1.0999999999999943,2.5,-2.3299999999999983,-0.013000000000000012,0.0,-0.20000000000000007,-4.333333333333333,-0.014675070028011217,-2.0,-7.224089635854341,-1.215686274509805,0.26050420168067223,-0.11484593837535007,1,1
1.2999999999999972,-1.0999999999999943,2.5,-2.3299999999999983,-0.013000000000000012,0.0,-0.06666666666666665,-6.6000000000000005,-0.014675070028011217,-2.0,-7.224089635854341,-1.215686274509805,0.26050420168067223,-0.11484593837535007,1,1
1.2999999999999972,-1.0999999999999943,2.5,-2.3299999999999983,-0.013000000000000012,0.0,0.0,-5.533333333333333,-0.014675070028011217,-2.0,-7.224089635854341,-1.215686274509805,0.26050420168067223,-0.11484593837535007,1,0
4.6000000000000085,4.799999999999997,-0.20000000000000018,-2.450000000000003,0.009000000000000008,-20.0,0.26666666666666666,6.133333333333333,0.10501818181818179,-4.290909090909096,-4.727272727272727,-0.054545454545454675,-0.6545454545454543,0.3454545454545454,1,1
4.6000000000000085,4.799999999999997,-0.20000000000000018,-2.450000000000003,0.009000000000000008,0.0,0.3333333333333333,10.666666666666668,0.10501818181818179,-4.290909090909096,-4.727272727272727,-0.054545454545454675,-0.6545454545454543,0.3454545454545454,1,1
4.6000000000000085,4.799999999999997,-0.20000000000000018,-2.450000000000003,0.009000000000000008,0.0,0.19999999999999996,5.0,0.10501818181818179,-4.290909090909096,-4.727272727272727,-0.054545454545454675,-0.6545454545454543,0.3454545454545454,1,1
-0.09999999999999432,1.5,-1.7000000000000002,-3.3499999999999943,-0.015000000000000013,0.0,-0.2666666666666667,-12.0,-0.0015454545454545165,-0.4090909090909136,-10.136363636363637,0.0,1.1363636363636358,-0.09090909090909094,1,1
-0.09999999999999432,1.5,-1.7000000000000002,-3.3499999999999943,-0.015000000000000013,0.0,-0.2666666666666667,-12.266666666666667,-0.0015454545454545165,-0.4090909090909136,-10.136363636363637,0.0,1.1363636363636358,-0.09090909090909094,1,1
-0.09999999999999432,1.5,-1.7000000000000002,-3.3499999999999943,-0.015000000000000013,0.0,-0.19999999999999996,-10.466666666666667,-0.0015454545454545165,-0.4090909090909136,-10.136363636363637,0.0,1.1363636363636358,-0.09090909090909094,1,0
2.4000000000000057,1.7000000000000028,0.6000000000000001,4.6200000000000045,0.0050000000000000044,-17.0,0.26666666666666666,5.133333333333333,0.02742857142857147,-11.023809523809518,3.4761904761904745,-2.916666666666666,3.7976190476190483,-0.011904761904761862,1,1
2.4000000000000057,1.7000000000000028,0.6000000000000001,4.6200000000000045,0.0050000000000000044,0.0,0.26666666666666666,6.666666666666666,0.02742857142857147,-11.023809523809518,3.4761904761904745,-2.916666666666666,3.7976190476190483,-0.011904761904761862,1,1
2.4000000000000057,1.7000000000000028,0.6000000000000001,4.6200000000000045,0.0050000000000000044,0.0,0.2,8.133333333333333,0.02742857142857147,-11.023809523809518,3.4761904761904745,-2.916666666666666,3.7976190476190483,-0.011904761904761862,1,1
2.4000000000000057,1.7000000000000028,0.6000000000000001,4.6200000000000045,0.0050000000000000044,0.0,0.13333333333333336,8.719999999999999,0.02742857142857147,-11.023809523809518,3.4761904761904745,-2.916666666666666,3.7976190476190483,-0.011904761904761862,1,1
0.7999999999999972,3.700000000000003,-2.8999999999999995,2.8400000000000034,0.0050000000000000044,0.0,-0.24761904761904763,-3.8514285714285714,0.011904761904761918,-5.261904761904759,-4.285714285714288,-1.345238095238095,1.0357142857142865,-0.3452380952380952,1,0
0.7999999999999972,3.700000000000003,-2.8999999999999995,2.8400000000000034,0.0050000000000000044,0.0,-0.2833333333333333,-4.68,0.011904761904761918,-5.261904761904759,-4.285714285714288,-1.345238095238095,1.0357142857142865,-0.3452380952380952,1,0
0.7000000000000028,-0.7000000000000028,1.3999999999999995,-0.3400000000000034,-0.014999999999999902,972.0,-0.1333333333333333,-1.2133333333333334,0.020809523809523778,6.523809523809518,-3.678571428571427,-0.5714285714285712,-1.0595238095238093,0.011904761904761862,1,0
0.7000000000000028,-0.7000000000000028,1.3999999999999995,-0.3400000000000034,-0.014999999999999902,0.0,-0.2,-2.1466666666666665,0.020809523809523778,6.523809523809518,-3.678571428571427,-0.5714285714285712,-1.0595238095238093,0.011904761904761862,1,1
0.7000000000000028,-0.7000000000000028,1.3999999999999995,-0.3400000000000034,-0.014999999999999902,0.0,-0.26666666666666666,-2.2133333333333334,0.020809523809523778,6.523809523809518,-3.678571428571427,-0.5714285714285712,-1.0595238095238093,0.011904761904761862,1,1
0.7000000000000028,-0.7000000000000028,1.3999999999999995,-0.3400000000000034,-0.014999999999999902,0.0,-0.06666666666666665,1.9866666666666666,0.020809523809523778,6.523809523809518,-3.678571428571427,-0.5714285714285712,-1.0595238095238093,0.011904761904761862,1,0
0.5,-3.4000000000000057,3.9000000000000004,-2.239999999999995,-0.03300000000000003,0.0,0.06666666666666665,-0.1333333333333333,-0.09483333333333338,5.833333333333336,-0.5,-2.277777777777777,4.722222222222222,-0.1111111111111111,1,0
0.5,-3.4000000000000057,3.9000000000000004,-2.239999999999995,-0.03300000000000003,0.0,-0.06666666666666665,-1.1333333333333333,-0.09483333333333338,5.833333333333336,-0.5,-2.277777777777777,4.722222222222222,-0.1111111111111111,1,1
0.5,-3.4000000000000057,3.9000000000000004,-2.239999999999995,-0.03300000000000003,0.0,0.0,0.8666666666666667,-0.09483333333333338,5.833333333333336,-0.5,-2.277777777777777,4.722222222222222,-0.1111111111111111,1,0
4.0,3.299999999999997,0.6000000000000005,0.9500000000000028,0.009999999999999898,0.0,1.0,30.0,-0.04935714285714282,-1.7857142857142847,-1.6428571428571423,0.5714285714285712,2.428571428571428,0.07142857142857145,1,0
4.0,3.299999999999997,0.6000000000000005,0.9500000000000028,0.009999999999999898,0.0,0.0,-3.5,-0.04935714285714282,-1.7857142857142847,-1.6428571428571423,0.5714285714285712,2.428571428571428,0.07142857142857145,1,0
4.0,3.299999999999997,0.6000000000000005,0.9500000000000028,0.009999999999999898,0.0,0.0,-1.6666666666666667,-0.04935714285714282,-1.7857142857142847,-1.6428571428571423,0.5714285714285712,2.428571428571428,0.07142857142857145,1,1
5.599999999999994,2.1000000000000085,3.5000000000000004,-1.9599999999999937,0.016999999999999904,0.0,-0.15873015873015872,-0.7936507936507936,-0.021021008403361352,-1.063025210084028,0.617647058823529,-2.336134453781513,0.21848739495798242,-0.02941176470588236,1,1
5.599999999999994,2.1000000000000085,3.5000000000000004,-1.9599999999999937,0.016999999999999904,0.0,-0.025000000000000022,4.95,-0.021021008403361352,-1.063025210084028,0.617647058823529,-2.336134453781513,0.21848739495798242,-0.02941176470588236,1,1
5.599999999999994,2.1000000000000085,3.5000000000000004,-1.9599999999999937,0.016999999999999904,0.0,-0.016666666666666607,6.266666666666667,-0.021021008403361352,-1.063025210084028,0.617647058823529,-2.336134453781513,0.21848739495798242,-0.02941176470588236,1,0
-0.3999999999999915,-4.099999999999994,3.7,-0.25,0.008000000000000007,-18.0,0.3,8.157142857142857,-0.08668181818181814,-1.4696969696969688,-3.378787878787879,-3.378787878787879,2.3181818181818183,-0.12121212121212122,1,1
-0.3999999999999915,-4.099999999999994,3.7,-0.25,0.008000000000000007,0.0,0.3666666666666667,11.6,-0.08668181818181814,-1.4696969696969688,-3.378787878787879,-3.378787878787879,2.3181818181818183,-0.12121212121212122,1,1
-0.3999999999999915,-4.099999999999994,3.7,-0.25,0.008000000000000007,0.0,0.2,9.488888888888889,-0.08668181818181814,-1.4696969696969688,-3.378787878787879,-3.378787878787879,2.3181818181818183,-0.12121212121212122,1,0
2.799999999999997,2.799999999999997,0.10000000000000053,4.679999999999993,0.01100000000000001,0.0,-0.6,-0.1333333333333333,-0.020961038961038958,-1.3766233766233782,-1.2987012987012996,0.8961038961038952,-1.0779220779220777,0.0649350649350649,1,1
2.799999999999997,2.799999999999997,0.10000000000000053,4.679999999999993,0.01100000000000001,0.0,-0.09999999999999998,2.466666666666667,-0.020961038961038958,-1.3766233766233782,-1.2987012987012996,0.8961038961038952,-1.0779220779220777,0.0649350649350649,1,0
2.799999999999997,2.799999999999997,0.10000000000000053,4.679999999999993,0.01100000000000001,0.0,-0.16666666666666669,-1.5,-0.020961038961038958,-1.3766233766233782,-1.2987012987012996,0.8961038961038952,-1.0779220779220777,0.0649350649350649,1,0
-3.5999999999999943,1.8000000000000114,-5.5,0.9200000000000017,-0.02100000000000002,0.0,-0.33333333333333326,-12.4,-0.005530303030303052,-3.151515151515156,-3.075757575757578,-1.045454545454545,0.5909090909090908,-0.30303030303030304,1,0
-3.5999999999999943,1.8000000000000114,-5.5,0.9200000000000017,-0.02100000000000002,0.0,-0.39999999999999997,-15.600000000000001,-0.005530303030303052,-3.151515151515156,-3.075757575757578,-1.045454545454545,0.5909090909090908,-0.30303030303030304,1,0
-3.5999999999999943,1.8000000000000114,-5.5,0.9200000000000017,-0.02100000000000002,0.0,-0.3333333333333333,-15.0,-0.005530303030303052,-3.151515151515156,-3.075757575757578,-1.045454545454545,0.5909090909090908,-0.30303030303030304,1,0
-2.6000000000000085,-4.299999999999997,1.5,2.269999999999996,-0.0040000000000000036,-1096.0,0.1333333333333333,5.866666666666666,0.004666666666666652,0.8333333333333357,-0.3461538461538467,-0.26923076923077005,0.9615384615384617,0.20512820512820512,1,1
-2.6000000000000085,-4.299999999999997,1.5,2.269999999999996,-0.0040000000000000036,0.0,0.2181818181818182,6.7757575757575745,0.004666666666666652,0.8333333333333357,-0.3461538461538467,-0.26923076923077005,0.9615384615384617,0.20512820512820512,1,0
-2.6000000000000085,-4.299999999999997,1.5,2.269999999999996,-0.0040000000000000036,0.0,0.11428571428571432,3.2714285714285714,0.004666666666666652,0.8333333333333357,-0.3461538461538467,-0.26923076923077005,0.9615384615384617,0.20512820512820512,1,1
0.7000000000000028,-3.5,4.1,4.519999999999996,0.010000000000000009,2.0,-0.06666666666666665,-0.4,-0.010578947368421077,3.3684210526315823,-1.3724696356275317,-0.9797570850202444,1.3036437246963564,0.06477732793522267,1,1
0.7000000000000028,-3.5,4.1,4.519999999999996,0.010000000000000009,0.0,0.06666666666666665,3.2,-0.010578947368421077,3.3684210526315823,-1.3724696356275317,-0.9797570850202444,1.3036437246963564,0.06477732793522267,1,0
0.7000000000000028,-3.5,4.1,4.519999999999996,0.010000000000000009,0.0,0.1333333333333333,5.8,-0.010578947368421077,3.3684210526315823,-1.3724696356275317,-0.9797570850202444,1.3036437246963564,0.06477732793522267,1,0
0.7000000000000028,-3.5,4.1,4.519999999999996,0.010000000000000009,0.0,0.06666666666666665,6.8,-0.010578947368421077,3.3684210526315823,-1.3724696356275317,-0.9797570850202444,1.3036437246963564,0.06477732793522267,1,0
2.1000000000000085,-1.7000000000000028,3.8,-0.3100000000000023,0.017000000000000015,-16.0,0.26666666666666666,13.6,-0.004556390977443592,0.5864661654135332,0.07518796992481214,-0.8120300751879714,1.2180451127819554,0.09774436090225563,1,0
2.1000000000000085,-1.7000000000000028,3.8,-0.3100000000000023,0.017000000000000015,0.0,0.13333333333333336,10.933333333333334,-0.004556390977443592,0.5864661654135332,0.07518796992481214,-0.8120300751879714,1.2180451127819554,0.09774436090225563,1,0
2.1000000000000085,-1.7000000000000028,3.8,-0.3100000000000023,0.017000000000000015,0.0,0.2,16.466666666666665,-0.004556390977443592,0.5864661654135332,0.07518796992481214,-0.8120300751879714,1.2180451127819554,0.09774436090225563,1,0
2.1000000000000085,-1.7000000000000028,3.8,-0.3100000000000023,0.017000000000000015,0.0,0.2,13.866666666666667,-0.004556390977443592,0.5864661654135332,0.07518796992481214,-0.8120300751879714,1.2180451127819554,0.09774436090225563,1,1
0.20000000000000284,3.0999999999999943,-2.9000000000000004,-1.740000000000009,0.0020000000000000018,0.0,-0.19999999999999996,-4.466666666666667,-0.041660287081339675,-1.2057416267942642,1.1531100478468908,-2.98086124401914,1.607655502392345,-0.019138755980861233,1,1
0.20000000000000284,3.0999999999999943,-2.9000000000000004,-1.740000000000009,0.0020000000000000018,0.0,-0.1333333333333333,-0.8666666666666667,-0.041660287081339675,-1.2057416267942642,1.1531100478468908,-2.98086124401914,1.607655502392345,-0.019138755980861233,1,1
0.20000000000000284,3.0999999999999943,-2.9000000000000004,-1.740000000000009,0.0020000000000000018,0.0,-0.06666666666666665,1.5333333333333334,-0.041660287081339675,-1.2057416267942642,1.1531100478468908,-2.98086124401914,1.607655502392345,-0.019138755980861233,1,1
0.4000000000000057,0.19999999999998863,0.1999999999999993,-0.37000000000000455,0.0020000000000000018,0.0,-0.30000000000000004,-3.750000000000001,0.004021531100478537,-1.5239234449760772,-2.437799043062199,-1.8899521531100483,0.3349282296650724,-0.11004784688995217,1,1
0.4000000000000057,0.19999999999998863,0.1999999999999993,-0.37000000000000455,0.0020000000000000018,0.0,-0.1692307692307693,-0.3743589743589739,0.004021531100478537,-1.5239234449760772,-2.437799043062199,-1.8899521531100483,0.3349282296650724,-0.11004784688995217,1,0
0.4000000000000057,0.19999999999998863,0.1999999999999993,-0.37000000000000455,0.0020000000000000018,0.0,-0.1333333333333333,1.666666666666666,0.004021531100478537,-1.5239234449760772,-2.437799043062199,-1.8899521531100483,0.3349282296650724,-0.11004784688995217,1,0
-0.5,1.2999999999999972,-1.7000000000000002,0.010000000000005116,0.018000000000000016,0.0,0.0,3.4,-0.0032909090909090666,0.0,-2.9454545454545453,2.4363636363636374,0.32727272727272716,-0.3454545454545454,1,0
-0.5,1.2999999999999972,-1.7000000000000002,0.010000000000005116,0.018000000000000016,0.0,-0.06666666666666665,2.466666666666667,-0.0032909090909090666,0.0,-2.9454545454545453,2.4363636363636374,0.32727272727272716,-0.3454545454545454,1,0
0.9000000000000057,-0.30000000000001137,1.2999999999999998,-2.6699999999999875,0.007000000000000006,-334.0,0.0,0.8666666666666667,0.01762121212121215,-1.0909090909090935,-0.9696969696969688,0.30303030303030276,-0.10606060606060552,-0.2575757575757576,1,1
0.9000000000000057,-0.30000000000001137,1.2999999999999998,-2.6699999999999875,0.007000000000000006,0.0,0.0,0.6666666666666667,0.01762121212121215,-1.0909090909090935,-0.9696969696969688,0.30303030303030276,-0.10606060606060552,-0.2575757575757576,1,0
0.9000000000000057,-0.30000000000001137,1.2999999999999998,-2.6699999999999875,0.007000000000000006,0.0,-0.13333333333333336,-1.4666666666666668,0.01762121212121215,-1.0909090909090935,-0.9696969696969688,0.30303030303030276,-0.10606060606060552,-0.2575757575757576,1,0
-4.6000000000000085,-5.699999999999989,1.1000000000000005,-2.430000000000007,-0.015000000000000013,0.0,-0.26666666666666666,-4.199999999999999,0.00821428571428573,-7.0,3.3571428571428577,-3.2857142857142865,0.4285714285714288,-0.07142857142857145,1,1
-4.6000000000000085,-5.699999999999989,1.1000000000000005,-2.430000000000007,-0.015000000000000013,0.0,-0.2,-0.2666666666666666,0.00821428571428573,-7.0,3.3571428571428577,-3.2857142857142865,0.4285714285714288,-0.07142857142857145,1,0
-4.6000000000000085,-5.699999999999989,1.1000000000000005,-2.430000000000007,-0.015000000000000013,0.0,-0.26666666666666666,-0.3333333333333335,0.00821428571428573,-7.0,3.3571428571428577,-3.2857142857142865,0.4285714285714288,-0.07142857142857145,1,1
-1.5,-8.200000000000003,6.699999999999999,0.030000000000001137,0.0030000000000000027,0.0,-0.4666666666666667,-4.333333333333334,-0.030104761904761856,1.2952380952380977,7.81904761904762,-1.5714285714285712,0.6476190476190471,0.5619047619047619,1,1
-1.5,-8.200000000000003,6.699999999999999,0.030000000000001137,0.0030000000000000027,0.0,0.4166666666666667,17.333333333333332,-0.030104761904761856,1.2952380952380977,7.81904761904762,-1.5714285714285712,0.6476190476190471,0.5619047619047619,1,1
-0.7999999999999972,-3.700000000000003,2.8999999999999995,-2.8400000000000034,-0.0050000000000000044,4.0,0.33333333333333337,8.946666666666667,-0.011904761904761918,5.261904761904759,4.285714285714288,1.345238095238095,-1.0357142857142865,0.3452380952380952,1,0
-0.7999999999999972,-3.700000000000003,2.8999999999999995,-2.8400000000000034,-0.0050000000000000044,0.0,0.1333333333333333,2.6133333333333333,-0.011904761904761918,5.261904761904759,4.285714285714288,1.345238095238095,-1.0357142857142865,0.3452380952380952,1,1
-0.7999999999999972,-3.700000000000003,2.8999999999999995,-2.8400000000000034,-0.0050000000000000044,0.0,0.3111111111111111,5.279999999999999,-0.011904761904761918,5.261904761904759,4.285714285714288,1.345238095238095,-1.0357142857142865,0.3452380952380952,1,1
-0.8999999999999915,-4.300000000000011,3.3999999999999995,3.5600000000000023,0.006000000000000005,3.0,0.2666666666666667,10.566666666666666,-0.025483709273182942,3.463659147869677,3.0927318295739354,1.2180451127819545,1.8897243107769421,0.2882205513784461,1,1
-0.8999999999999915,-4.300000000000011,3.3999999999999995,3.5600000000000023,0.006000000000000005,0.0,0.2848484848484849,11.381818181818183,-0.025483709273182942,3.463659147869677,3.0927318295739354,1.2180451127819545,1.8897243107769421,0.2882205513784461,1,1
-0.8999999999999915,-4.300000000000011,3.3999999999999995,3.5600000000000023,0.006000000000000005,0.0,0.2523809523809524,6.347619047619048,-0.025483709273182942,3.463659147869677,3.0927318295739354,1.2180451127819545,1.8897243107769421,0.2882205513784461,1,1
-0.20000000000000284,-3.200000000000003,2.8999999999999995,2.5,-0.014000000000000012,1.0,0.0,2.4000000000000004,-0.009714285714285675,2.761904761904759,0.7142857142857153,2.095238095238095,1.1428571428571423,0.09523809523809523,1,1
-0.20000000000000284,-3.200000000000003,2.8999999999999995,2.5,-0.014000000000000012,0.0,0.13333333333333341,6.066666666666666,-0.009714285714285675,2.761904761904759,0.7142857142857153,2.095238095238095,1.1428571428571423,0.09523809523809523,1,1
-0.20000000000000284,-3.200000000000003,2.8999999999999995,2.5,-0.014000000000000012,0.0,0.20000000000000007,5.333333333333333,-0.009714285714285675,2.761904761904759,0.7142857142857153,2.095238095238095,1.1428571428571423,0.09523809523809523,1,0
-6.5,-3.6000000000000085,-3.0000000000000004,0.8499999999999943,-0.028000000000000025,0.0,0.23333333333333328,4.733333333333333,-0.07713636363636361,0.4848484848484844,-3.8939393939393945,1.8030303030303028,0.21212121212121282,-0.30303030303030304,1,1
-6.5,-3.6000000000000085,-3.0000000000000004,0.8499999999999943,-0.028000000000000025,0.0,0.39999999999999997,10.0,-0.07713636363636361,0.4848484848484844,-3.8939393939393945,1.8030303030303028,0.21212121212121282,-0.30303030303030304,1,0
-6.5,-3.6000000000000085,-3.0000000000000004,0.8499999999999943,-0.028000000000000025,0.0,0.0,-4.066666666666666,-0.07713636363636361,0.4848484848484844,-3.8939393939393945,1.8030303030303028,0.21212121212121282,-0.30303030303030304,1,0
-0.7999999999999972,2.5,-3.3,0.4200000000000017,0.01200000000000001,0.0,0.06666666666666665,0.19999999999999996,0.023666666666666725,-1.875,1.6041666666666679,-1.75,0.14583333333333304,0.16666666666666669,1,1
-0.7999999999999972,2.5,-3.3,0.4200000000000017,0.01200000000000001,0.0,0.06666666666666665,-0.20000000000000007,0.023666666666666725,-1.875,1.6041666666666679,-1.75,0.14583333333333304,0.16666666666666669,1,1
-0.7999999999999972,2.5,-3.3,0.4200000000000017,0.01200000000000001,0.0,0.0,-2.533333333333333,0.023666666666666725,-1.875,1.6041666666666679,-1.75,0.14583333333333304,0.16666666666666669,1,1
-1.1999999999999886,-0.20000000000000284,-1.0,-0.6200000000000045,-0.018000000000000016,0.0,-0.06666666666666665,-4.266666666666667,-0.0038461538461538325,-2.45192307692308,-3.2163461538461533,-2.4423076923076916,-0.41826923076923084,0.038461538461538436,1,1
-1.1999999999999886,-0.20000000000000284,-1.0,-0.6200000000000045,-0.018000000000000016,0.0,-0.06666666666666665,-1.9333333333333333,-0.0038461538461538325,-2.45192307692308,-3.2163461538461533,-2.4423076923076916,-0.41826923076923084,0.038461538461538436,1,1
-1.1999999999999886,-0.20000000000000284,-1.0,-0.6200000000000045,-0.018000000000000016,0.0,-0.06666666666666665,-3.2,-0.0038461538461538325,-2.45192307692308,-3.2163461538461533,-2.4423076923076916,-0.41826923076923084,0.038461538461538436,1,1
-2.8999999999999915,-0.29999999999999716,-2.5999999999999996,3.180000000000007,-0.019000000000000017,0.0,-0.19999999999999996,-5.0,-0.0338,-0.125,-0.8125,0.6999999999999993,-0.037499999999999645,-0.30000000000000004,1,0
-2.8999999999999915,-0.29999999999999716,-2.5999999999999996,3.180000000000007,-0.019000000000000017,0.0,-0.19999999999999996,-5.2666666666666675,-0.0338,-0.125,-0.8125,0.6999999999999993,-0.037499999999999645,-0.30000000000000004,1,0
-2.3999999999999915,2.5,-4.9,3.9499999999999886,0.01200000000000001,0.0,-0.4,-6.533333333333334,-0.04006666666666664,-1.8999999999999986,-0.5166666666666693,-0.9333333333333336,-0.41666666666666696,-0.38333333333333336,1,0
-2.3999999999999915,2.5,-4.9,3.9499999999999886,0.01200000000000001,0.0,-0.5333333333333334,-8.333333333333334,-0.04006666666666664,-1.8999999999999986,-0.5166666666666693,-0.9333333333333336,-0.41666666666666696,-0.38333333333333336,1,1
-0.7000000000000028,3.0,-3.8,0.39000000000000057,0.0050000000000000044,31.0,-0.2,-4.0,-0.016400000000000026,-3.200000000000003,-3.0,-1.2666666666666675,-2.2666666666666666,-0.39999999999999997,1,0
-0.7000000000000028,3.0,-3.8,0.39000000000000057,0.0050000000000000044,0.0,-0.26666666666666666,-6.466666666666667,-0.016400000000000026,-3.200000000000003,-3.0,-1.2666666666666675,-2.2666666666666666,-0.39999999999999997,1,1
-0.7000000000000028,3.0,-3.8,0.39000000000000057,0.0050000000000000044,0.0,-0.26666666666666666,-5.666666666666666,-0.016400000000000026,-3.200000000000003,-3.0,-1.2666666666666675,-2.2666666666666666,-0.39999999999999997,1,0
-0.5,3.4000000000000057,-3.9000000000000004,2.239999999999995,0.03300000000000003,4.0,-0.2,-2.9866666666666664,0.09483333333333338,-5.833333333333336,0.5,2.277777777777777,-4.722222222222222,0.1111111111111111,1,1
-0.5,3.4000000000000057,-3.9000000000000004,2.239999999999995,0.03300000000000003,0.0,-0.1333333333333333,-0.9333333333333331,0.09483333333333338,-5.833333333333336,0.5,2.277777777777777,-4.722222222222222,0.1111111111111111,1,1
-0.5,3.4000000000000057,-3.9000000000000004,2.239999999999995,0.03300000000000003,0.0,0.06666666666666665,0.3333333333333335,0.09483333333333338,-5.833333333333336,0.5,2.277777777777777,-4.722222222222222,0.1111111111111111,1,0
-0.5999999999999943,9.0,-9.6,-1.1500000000000057,0.010000000000000009,0.0,-0.4,-13.533333333333333,0.0637619047619048,-0.9047619047619051,-1.6666666666666679,5.5396825396825395,-1.6507936507936511,-0.4126984126984127,1,0
-0.9000000000000057,0.0,-1.0000000000000002,-2.0999999999999943,0.0,0.0,1.0,64.0,0.07664285714285712,7.357142857142861,2.7857142857142865,3.928571428571427,-0.2857142857142856,0.07142857142857145,1,1
-0.9000000000000057,0.0,-1.0000000000000002,-2.0999999999999943,0.0,0.0,0.0,12.0,0.07664285714285712,7.357142857142861,2.7857142857142865,3.928571428571427,-0.2857142857142856,0.07142857142857145,1,0
-0.9000000000000057,0.0,-1.0000000000000002,-2.0999999999999943,0.0,0.0,0.0,9.666666666666666,0.07664285714285712,7.357142857142861,2.7857142857142865,3.928571428571427,-0.2857142857142856,0.07142857142857145,1,1
-3.799999999999997,-1.0999999999999943,-2.7,0.7900000000000063,-0.007000000000000006,0.0,0.17094017094017094,12.34188034188034,0.07280714285714285,3.864285714285714,0.6571428571428584,0.1642857142857128,-2.071428571428571,0.0,1,0
-3.799999999999997,-1.0999999999999943,-2.7,0.7900000000000063,-0.007000000000000006,0.0,0.07142857142857145,10.571428571428571,0.07280714285714285,3.864285714285714,0.6571428571428584,0.1642857142857128,-2.071428571428571,0.0,1,1
-3.799999999999997,-1.0999999999999943,-2.7,0.7900000000000063,-0.007000000000000006,0.0,0.033333333333333326,8.65,0.07280714285714285,3.864285714285714,0.6571428571428584,0.1642857142857128,-2.071428571428571,0.0,1,1
-2.299999999999997,1.8999999999999915,-4.199999999999999,-4.650000000000006,-0.016999999999999904,0.0,-0.033333333333333326,-8.833333333333334,0.054400000000000004,-8.5,-2.0,1.5999999999999996,1.0000000000000009,-0.3,1,0
-2.299999999999997,1.8999999999999915,-4.199999999999999,-4.650000000000006,-0.016999999999999904,0.0,-0.2666666666666666,-14.8,0.054400000000000004,-8.5,-2.0,1.5999999999999996,1.0000000000000009,-0.3,1,0
2.4000000000000057,1.7999999999999972,0.8000000000000003,-0.7099999999999937,0.02200000000000002,0.0,0.26666666666666666,0.1333333333333333,-0.0161904761904762,4.833333333333336,2.404761904761905,-2.166666666666666,-2.345238095238095,0.6666666666666666,1,1
2.4000000000000057,1.7999999999999972,0.8000000000000003,-0.7099999999999937,0.02200000000000002,0.0,0.26666666666666666,-1.1999999999999997,-0.0161904761904762,4.833333333333336,2.404761904761905,-2.166666666666666,-2.345238095238095,0.6666666666666666,1,1
0.0,6.799999999999997,-6.7,-6.810000000000002,0.0040000000000000036,0.0,0.06666666666666665,-5.266666666666667,0.006809523809523821,-5.366666666666667,0.6047619047619044,-2.2666666666666657,-0.2952380952380951,0.16666666666666663,1,1
0.0,6.799999999999997,-6.7,-6.810000000000002,0.0040000000000000036,0.0,0.1333333333333333,-2.9333333333333336,0.006809523809523821,-5.366666666666667,0.6047619047619044,-2.2666666666666657,-0.2952380952380951,0.16666666666666663,1,0
-0.8999999999999915,2.799999999999997,-3.5999999999999996,-1.2199999999999989,0.017000000000000015,0.0,0.19999999999999996,1.2133333333333334,0.02457422969187678,-3.9019607843137223,2.257703081232492,-0.8431372549019596,0.19887955182072847,0.07843137254901955,1,0
-0.8999999999999915,2.799999999999997,-3.5999999999999996,-1.2199999999999989,0.017000000000000015,0.0,0.06666666666666665,-1.7200000000000002,0.02457422969187678,-3.9019607843137223,2.257703081232492,-0.8431372549019596,0.19887955182072847,0.07843137254901955,1,1
-0.8999999999999915,2.799999999999997,-3.5999999999999996,-1.2199999999999989,0.017000000000000015,0.0,0.1333333333333333,-2.5866666666666664,0.02457422969187678,-3.9019607843137223,2.257703081232492,-0.8431372549019596,0.19887955182072847,0.07843137254901955,1,1
0.20000000000000284,3.200000000000003,-2.8999999999999995,-2.5,0.014000000000000012,0.0,-0.20000000000000007,-6.466666666666666,0.009714285714285675,-2.761904761904759,-0.7142857142857153,-2.095238095238095,-1.1428571428571423,-0.09523809523809523,1,1
0.20000000000000284,3.200000000000003,-2.8999999999999995,-2.5,0.014000000000000012,0.0,-0.13333333333333341,-5.066666666666666,0.009714285714285675,-2.761904761904759,-0.7142857142857153,-2.095238095238095,-1.1428571428571423,-0.09523809523809523,1,0
0.20000000000000284,3.200000000000003,-2.8999999999999995,-2.5,0.014000000000000012,0.0,-0.1333333333333333,-5.066666666666666,0.009714285714285675,-2.761904761904759,-0.7142857142857153,-2.095238095238095,-1.1428571428571423,-0.09523809523809523,1,0
-5.900000000000006,0.0,-5.8999999999999995,-5.759999999999991,-0.01200000000000001,0.0,0.0,-5.266666666666667,0.00943478260869568,-6.706521739130437,-1.3260869565217384,1.6630434782608692,-0.5760869565217392,-0.6956521739130435,1,0
-5.900000000000006,0.0,-5.8999999999999995,-5.759999999999991,-0.01200000000000001,0.0,-0.1333333333333333,-10.933333333333334,0.00943478260869568,-6.706521739130437,-1.3260869565217384,1.6630434782608692,-0.5760869565217392,-0.6956521739130435,1,0
-2.4000000000000057,-5.299999999999997,2.9,-2.1400000000000006,0.0030000000000000027,35.0,-0.2,-5.866666666666667,-0.011888888888888838,1.6555555555555586,3.288888888888888,-4.399999999999999,2.533333333333334,0.41111111111111115,1,1
-2.4000000000000057,-5.299999999999997,2.9,-2.1400000000000006,0.0030000000000000027,0.0,-0.13333333333333336,-1.8666666666666671,-0.011888888888888838,1.6555555555555586,3.288888888888888,-4.399999999999999,2.533333333333334,0.41111111111111115,1,1
-2.4000000000000057,-5.299999999999997,2.9,-2.1400000000000006,0.0030000000000000027,0.0,0.0,4.066666666666666,-0.011888888888888838,1.6555555555555586,3.288888888888888,-4.399999999999999,2.533333333333334,0.41111111111111115,1,1
0.0,-1.7999999999999972,1.7000000000000002,-0.1799999999999926,0.006000000000000005,2.0,-0.1333333333333333,-8.933333333333334,-0.06030555555555556,2.055555555555557,0.13888888888888928,-1.666666666666666,2.250000000000001,0.11111111111111116,1,1
0.0,-1.7999999999999972,1.7000000000000002,-0.1799999999999926,0.006000000000000005,0.0,-0.06666666666666665,-6.3999999999999995,-0.06030555555555556,2.055555555555557,0.13888888888888928,-1.666666666666666,2.250000000000001,0.11111111111111116,1,1
0.0,-1.7999999999999972,1.7000000000000002,-0.1799999999999926,0.006000000000000005,0.0,-0.06666666666666665,-5.733333333333333,-0.06030555555555556,2.055555555555557,0.13888888888888928,-1.666666666666666,2.250000000000001,0.11111111111111116,1,1
-0.5999999999999943,2.200000000000003,-2.9000000000000004,-0.730000000000004,0.006000000000000005,3.0,-0.06666666666666665,-0.2666666666666666,-0.054847222222222214,-1.8611111111111072,-2.6111111111111107,-2.0,1.916666666666667,0.02777777777777779,1,1
-0.5999999999999943,2.200000000000003,-2.9000000000000004,-0.730000000000004,0.006000000000000005,0.0,0.0,-0.1333333333333333,-0.054847222222222214,-1.8611111111111072,-2.6111111111111107,-2.0,1.916666666666667,0.02777777777777779,1,0
-0.5999999999999943,2.200000000000003,-2.9000000000000004,-0.730000000000004,0.006000000000000005,0.0,0.0,-1.5333333333333332,-0.054847222222222214,-1.8611111111111072,-2.6111111111111107,-2.0,1.916666666666667,0.02777777777777779,1,0
-0.5999999999999943,2.200000000000003,-2.9000000000000004,-0.730000000000004,0.006000000000000005,0.0,0.0,-3.933333333333333,-0.054847222222222214,-1.8611111111111072,-2.6111111111111107,-2.0,1.916666666666667,0.02777777777777779,1,0
-2.0,1.8999999999999915,-3.9,-4.689999999999998,-0.009000000000000008,0.0,-0.06666666666666665,-1.4666666666666668,0.00626956521739136,-4.139130434782608,-3.234782608695653,-3.1999999999999993,0.40000000000000036,0.36521739130434777,1,1
-2.0,1.8999999999999915,-3.9,-4.689999999999998,-0.009000000000000008,0.0,0.0,1.0,0.00626956521739136,-4.139130434782608,-3.234782608695653,-3.1999999999999993,0.40000000000000036,0.36521739130434777,1,1
-4.700000000000003,-1.4000000000000057,-3.3,-0.9899999999999949,-0.0030000000000000027,0.0,0.09999999999999998,0.6833333333333333,0.09286956521739137,-5.102766798418976,4.837944664031621,-2.2727272727272734,0.0,0.01976284584980237,1,1
-4.700000000000003,-1.4000000000000057,-3.3,-0.9899999999999949,-0.0030000000000000027,0.0,0.1384615384615384,2.753846153846154,0.09286956521739137,-5.102766798418976,4.837944664031621,-2.2727272727272734,0.0,0.01976284584980237,1,1
-4.700000000000003,-1.4000000000000057,-3.3,-0.9899999999999949,-0.0030000000000000027,0.0,0.1333333333333333,3.2666666666666666,0.09286956521739137,-5.102766798418976,4.837944664031621,-2.2727272727272734,0.0,0.01976284584980237,1,1
-5.0,2.200000000000003,-7.2,-2.3900000000000006,-0.026000000000000023,0.0,0.19999999999999996,-1.0,0.02046956521739135,-2.7891304347826065,-0.5847826086956509,-1.0500000000000007,1.0,0.015217391304347738,1,1
-5.0,2.200000000000003,-7.2,-2.3900000000000006,-0.026000000000000023,0.0,0.2666666666666666,2.8,0.02046956521739135,-2.7891304347826065,-0.5847826086956509,-1.0500000000000007,1.0,0.015217391304347738,1,0
-5.0,2.200000000000003,-7.2,-2.3900000000000006,-0.026000000000000023,0.0,0.1333333333333333,-1.4666666666666668,0.02046956521739135,-2.7891304347826065,-0.5847826086956509,-1.0500000000000007,1.0,0.015217391304347738,1,0
-4.5,-0.7000000000000028,-3.8,-1.9799999999999898,-0.027000000000000024,0.0,-0.1333333333333333,-3.533333333333333,0.013069565217391332,-4.489130434782609,-2.1847826086956523,0.4499999999999993,0.15000000000000036,-0.23478260869565226,1,0
-4.5,-0.7000000000000028,-3.8,-1.9799999999999898,-0.027000000000000024,0.0,-0.19999999999999996,-5.4,0.013069565217391332,-4.489130434782609,-2.1847826086956523,0.4499999999999993,0.15000000000000036,-0.23478260869565226,1,0
-8.900000000000006,0.9000000000000057,-9.899999999999999,-1.1000000000000085,-0.031000000000000028,0.0,-0.06666666666666665,-4.6,-0.04685263157894731,-6.852631578947367,-2.589473684210528,0.18947368421052602,-1.6631578947368428,-0.6421052631578947,1,0
-8.900000000000006,0.9000000000000057,-9.899999999999999,-1.1000000000000085,-0.031000000000000028,0.0,-0.1333333333333333,-5.266666666666667,-0.04685263157894731,-6.852631578947367,-2.589473684210528,0.18947368421052602,-1.6631578947368428,-0.6421052631578947,1,0
-8.599999999999994,0.20000000000000284,-8.799999999999999,-3.230000000000004,-0.031000000000000028,0.0,-0.26666666666666666,-6.3999999999999995,0.004166666666666652,-7.416666666666664,-1.6388888888888893,4.166666666666666,-4.388888888888889,-0.5555555555555556,1,0
-8.599999999999994,0.20000000000000284,-8.799999999999999,-3.230000000000004,-0.031000000000000028,0.0,-0.3333333333333333,-11.2,0.004166666666666652,-7.416666666666664,-1.6388888888888893,4.166666666666666,-4.388888888888889,-0.5555555555555556,1,0
-4.299999999999997,-1.8999999999999915,-2.4,1.019999999999996,0.0,0.0,-1.0,-21.0,-0.07316666666666666,-1.75,-1.8333333333333357,0.3333333333333339,3.666666666666667,-0.16666666666666669,1,0
-4.299999999999997,-1.8999999999999915,-2.4,1.019999999999996,0.0,0.0,-1.0,-18.666666666666668,-0.07316666666666666,-1.75,-1.8333333333333357,0.3333333333333339,3.666666666666667,-0.16666666666666669,1,1
-4.299999999999997,-1.8999999999999915,-2.4,1.019999999999996,0.0,0.0,-0.19999999999999996,-8.0,-0.07316666666666666,-1.75,-1.8333333333333357,0.3333333333333339,3.666666666666667,-0.16666666666666669,1,0
-2.9000000000000057,1.6000000000000085,-4.5,-0.4200000000000017,0.0039999999999998925,0.0,-0.09166666666666667,-2.716666666666667,0.09336666666666665,-1.2999999999999972,1.5666666666666664,1.0,0.7666666666666657,-0.06666666666666671,1,1
-2.9000000000000057,1.6000000000000085,-4.5,-0.4200000000000017,0.0039999999999998925,0.0,-0.022222222222222254,2.6000000000000005,0.09336666666666665,-1.2999999999999972,1.5666666666666664,1.0,0.7666666666666657,-0.06666666666666671,1,0
-2.9000000000000057,1.6000000000000085,-4.5,-0.4200000000000017,0.0039999999999998925,0.0,-0.10303030303030303,-1.751515151515152,0.09336666666666665,-1.2999999999999972,1.5666666666666664,1.0,0.7666666666666657,-0.06666666666666671,1,0
2.200000000000003,5.8999999999999915,-3.8000000000000003,0.28000000000000114,0.018999999999999906,0.0,-0.24761904761904763,-3.6,0.030443609022556384,-3.112781954887218,0.7894736842105274,1.7819548872180455,-0.2706766917293235,-0.1503759398496241,1,1
2.200000000000003,5.8999999999999915,-3.8000000000000003,0.28000000000000114,0.018999999999999906,0.0,-0.13333333333333336,1.5333333333333332,0.030443609022556384,-3.112781954887218,0.7894736842105274,1.7819548872180455,-0.2706766917293235,-0.1503759398496241,1,1
2.200000000000003,5.8999999999999915,-3.8000000000000003,0.28000000000000114,0.018999999999999906,0.0,0.0,4.0,0.030443609022556384,-3.112781954887218,0.7894736842105274,1.7819548872180455,-0.2706766917293235,-0.1503759398496241,1,1
5.099999999999994,-3.799999999999997,8.9,5.689999999999998,0.038999999999999924,-734.0,0.4,4.766666666666667,0.00881666666666664,9.68333333333333,2.0,2.4000000000000004,-0.583333333333333,0.6666666666666666,1,1
5.099999999999994,-3.799999999999997,8.9,5.689999999999998,0.038999999999999924,0.0,0.4,12.0,0.00881666666666664,9.68333333333333,2.0,2.4000000000000004,-0.583333333333333,0.6666666666666666,1,1
2.200000000000003,-2.0999999999999943,4.3,3.1399999999999864,0.016000000000000014,-1.0,-0.1333333333333333,3.466666666666667,-0.012933333333333352,4.1555555555555515,3.555555555555557,-1.488888888888889,0.7777777777777777,0.11111111111111105,1,0
2.200000000000003,-2.0999999999999943,4.3,3.1399999999999864,0.016000000000000014,0.0,-0.19999999999999996,-0.9333333333333331,-0.012933333333333352,4.1555555555555515,3.555555555555557,-1.488888888888889,0.7777777777777777,0.11111111111111105,1,1
2.200000000000003,-2.0999999999999943,4.3,3.1399999999999864,0.016000000000000014,0.0,0.1333333333333333,6.866666666666666,-0.012933333333333352,4.1555555555555515,3.555555555555557,-1.488888888888889,0.7777777777777777,0.11111111111111105,1,1
0.9000000000000057,-1.8999999999999915,2.8,3.059999999999988,0.0040000000000000036,4.0,0.19999999999999996,6.933333333333334,-0.005975000000000008,9.599999999999994,2.458333333333332,0.9000000000000004,-1.3749999999999991,0.0,1,1
0.9000000000000057,-1.8999999999999915,2.8,3.059999999999988,0.0040000000000000036,0.0,0.2666666666666667,7.733333333333334,-0.005975000000000008,9.599999999999994,2.458333333333332,0.9000000000000004,-1.3749999999999991,0.0,1,1
0.9000000000000057,-1.8999999999999915,2.8,3.059999999999988,0.0040000000000000036,0.0,0.06666666666666665,3.4000000000000012,-0.005975000000000008,9.599999999999994,2.458333333333332,0.9000000000000004,-1.3749999999999991,0.0,1,0
4.0,-6.700000000000003,10.700000000000001,6.52000000000001,0.038999999999999924,-32.0,0.4666666666666666,23.200000000000003,-0.016000000000000014,3.700000000000003,0.5,0.40000000000000036,0.40000000000000036,0.3,1,0
4.0,-6.700000000000003,10.700000000000001,6.52000000000001,0.038999999999999924,0.0,0.26666666666666666,15.666666666666668,-0.016000000000000014,3.700000000000003,0.5,0.40000000000000036,0.40000000000000036,0.3,1,1
4.0,-6.700000000000003,10.700000000000001,6.52000000000001,0.038999999999999924,0.0,0.37777777777777777,16.155555555555555,-0.016000000000000014,3.700000000000003,0.5,0.40000000000000036,0.40000000000000036,0.3,1,1
0.0,-6.799999999999997,6.7,6.810000000000002,-0.0040000000000000036,-5.0,0.19999999999999996,9.4,-0.006809523809523821,5.366666666666667,-0.6047619047619044,2.2666666666666657,0.2952380952380951,-0.16666666666666663,1,0
0.0,-6.799999999999997,6.7,6.810000000000002,-0.0040000000000000036,0.0,0.06666666666666665,6.266666666666666,-0.006809523809523821,5.366666666666667,-0.6047619047619044,2.2666666666666657,0.2952380952380951,-0.16666666666666663,1,0
0.0,-6.799999999999997,6.7,6.810000000000002,-0.0040000000000000036,0.0,-0.1333333333333333,1.1333333333333333,-0.006809523809523821,5.366666666666667,-0.6047619047619044,2.2666666666666657,0.2952380952380951,-0.16666666666666663,1,0
5.900000000000006,0.0,5.8999999999999995,5.759999999999991,0.01200000000000001,33.0,-0.1333333333333333,0.7333333333333334,-0.00943478260869568,6.706521739130437,1.3260869565217384,-1.6630434782608692,0.5760869565217392,0.6956521739130435,1,1
5.900000000000006,0.0,5.8999999999999995,5.759999999999991,0.01200000000000001,0.0,-0.06666666666666665,0.5333333333333334,-0.00943478260869568,6.706521739130437,1.3260869565217384,-1.6630434782608692,0.5760869565217392,0.6956521739130435,1,1
-0.7999999999999972,-2.3999999999999915,1.5999999999999996,2.5799999999999983,-0.017000000000000015,0.0,0.19999999999999996,6.8,-0.06635144927536235,6.3731884057971016,0.2427536231884062,1.3369565217391308,0.7427536231884062,0.11231884057971009,1,1
-0.7999999999999972,-2.3999999999999915,1.5999999999999996,2.5799999999999983,-0.017000000000000015,0.0,0.19999999999999996,4.733333333333333,-0.06635144927536235,6.3731884057971016,0.2427536231884062,1.3369565217391308,0.7427536231884062,0.11231884057971009,1,1
-0.7999999999999972,-2.3999999999999915,1.5999999999999996,2.5799999999999983,-0.017000000000000015,0.0,0.06666666666666665,2.1333333333333333,-0.06635144927536235,6.3731884057971016,0.2427536231884062,1.3369565217391308,0.7427536231884062,0.11231884057971009,1,1
2.200000000000003,-1.3999999999999915,3.5999999999999996,4.1699999999999875,0.01200000000000001,1.0,0.0,2.2666666666666666,-0.027101449275362344,6.5676328502415515,2.603864734299517,0.19806763285024154,1.103864734299517,0.14009661835748788,1,0
2.200000000000003,-1.3999999999999915,3.5999999999999996,4.1699999999999875,0.01200000000000001,0.0,0.0,2.6666666666666665,-0.027101449275362344,6.5676328502415515,2.603864734299517,0.19806763285024154,1.103864734299517,0.14009661835748788,1,1
2.200000000000003,-1.3999999999999915,3.5999999999999996,4.1699999999999875,0.01200000000000001,0.0,0.06666666666666665,5.933333333333334,-0.027101449275362344,6.5676328502415515,2.603864734299517,0.19806763285024154,1.103864734299517,0.14009661835748788,1,1
0.20000000000000284,0.29999999999999716,-0.10000000000000053,4.849999999999994,-0.0040000000000000036,0.0,-0.33333333333333337,-9.866666666666667,-0.05757114624505927,6.274703557312257,-0.40118577075098827,0.7233201581027675,1.371541501976285,0.059288537549407105,1,1
0.20000000000000284,0.29999999999999716,-0.10000000000000053,4.849999999999994,-0.0040000000000000036,0.0,-0.20000000000000007,-6.133333333333334,-0.05757114624505927,6.274703557312257,-0.40118577075098827,0.7233201581027675,1.371541501976285,0.059288537549407105,1,1
0.20000000000000284,0.29999999999999716,-0.10000000000000053,4.849999999999994,-0.0040000000000000036,0.0,0.0,0.4666666666666659,-0.05757114624505927,6.274703557312257,-0.40118577075098827,0.7233201581027675,1.371541501976285,0.059288537549407105,1,1
1.5999999999999943,-2.1000000000000085,3.7,1.8299999999999983,0.0010000000000000009,-1544.0,0.3333333333333333,6.466666666666667,0.026433333333333364,6.416666666666664,-2.166666666666668,0.4833333333333343,-1.4666666666666668,0.38333333333333336,1,1
1.5999999999999943,-2.1000000000000085,3.7,1.8299999999999983,0.0010000000000000009,0.0,0.39999999999999997,7.666666666666667,0.026433333333333364,6.416666666666664,-2.166666666666668,0.4833333333333343,-1.4666666666666668,0.38333333333333336,1,0
1.5999999999999943,-2.1000000000000085,3.7,1.8299999999999983,0.0010000000000000009,0.0,0.4666666666666666,16.933333333333334,0.026433333333333364,6.416666666666664,-2.166666666666668,0.4833333333333343,-1.4666666666666668,0.38333333333333336,1,1
0.7000000000000028,4.8999999999999915,-4.2,3.3299999999999983,0.0020000000000000018,0.0,0.19999999999999996,7.733333333333333,-0.04812499999999997,7.5,-3.666666666666668,-0.9166666666666661,-0.08333333333333393,0.0,1,1
0.7000000000000028,4.8999999999999915,-4.2,3.3299999999999983,0.0020000000000000018,0.0,0.2666666666666666,8.0,-0.04812499999999997,7.5,-3.666666666666668,-0.9166666666666661,-0.08333333333333393,0.0,1,0
0.7000000000000028,4.8999999999999915,-4.2,3.3299999999999983,0.0020000000000000018,0.0,0.2666666666666666,8.133333333333333,-0.04812499999999997,7.5,-3.666666666666668,-0.9166666666666661,-0.08333333333333393,0.0,1,0
2.0,-1.8999999999999915,3.9,4.689999999999998,0.009000000000000008,14.0,0.06666666666666665,-0.06666666666666643,-0.00626956521739136,4.139130434782608,3.234782608695653,3.1999999999999993,-0.40000000000000036,-0.36521739130434777,1,0
2.0,-1.8999999999999915,3.9,4.689999999999998,0.009000000000000008,0.0,0.0,-0.6000000000000001,-0.00626956521739136,4.139130434782608,3.234782608695653,3.1999999999999993,-0.40000000000000036,-0.36521739130434777,1,1
2.0,-1.8999999999999915,3.9,4.689999999999998,0.009000000000000008,0.0,-0.06666666666666665,-1.0666666666666667,-0.00626956521739136,4.139130434782608,3.234782608695653,3.1999999999999993,-0.40000000000000036,-0.36521739130434777,1,0
-2.9000000000000057,-2.5999999999999943,-0.2999999999999998,-1.6499999999999915,-0.0050000000000000044,-975.0,0.26666666666666666,1.4,-0.023794117647058854,1.3137254901960773,-7.715686274509803,-1.5784313725490193,-0.13725490196078471,-0.13725490196078433,1,1
-2.9000000000000057,-2.5999999999999943,-0.2999999999999998,-1.6499999999999915,-0.0050000000000000044,0.0,0.33333333333333337,2.5999999999999996,-0.023794117647058854,1.3137254901960773,-7.715686274509803,-1.5784313725490193,-0.13725490196078471,-0.13725490196078433,1,0
-2.9000000000000057,-2.5999999999999943,-0.2999999999999998,-1.6499999999999915,-0.0050000000000000044,0.0,0.0,-5.6000000000000005,-0.023794117647058854,1.3137254901960773,-7.715686274509803,-1.5784313725490193,-0.13725490196078471,-0.13725490196078433,1,1
-0.30000000000001137,-0.5999999999999943,0.2999999999999998,-0.8400000000000034,0.0040000000000000036,0.0,-0.26666666666666666,-9.200000000000001,-0.00950434782608689,2.9913043478260875,-2.6347826086956516,-1.1217391304347828,-2.0434782608695645,-0.45217391304347826,1,1
-0.30000000000001137,-0.5999999999999943,0.2999999999999998,-0.8400000000000034,0.0040000000000000036,0.0,-0.2,-7.733333333333333,-0.00950434782608689,2.9913043478260875,-2.6347826086956516,-1.1217391304347828,-2.0434782608695645,-0.45217391304347826,1,0
-1.5999999999999943,4.5,-6.1000000000000005,-1.269999999999996,-0.02400000000000002,0.0,-0.5333333333333333,-9.9,0.06429411764705883,2.200000000000003,3.576470588235292,0.882352941176471,-3.117647058823529,-0.4470588235294118,1,1
-1.5999999999999943,4.5,-6.1000000000000005,-1.269999999999996,-0.02400000000000002,0.0,-0.2,-1.4666666666666668,0.06429411764705883,2.200000000000003,3.576470588235292,0.882352941176471,-3.117647058823529,-0.4470588235294118,1,0
-0.5,2.0999999999999943,-2.5999999999999996,0.9500000000000028,0.019999999999999907,0.0,0.019047619047619035,-1.295238095238095,0.02675000000000005,-5.833333333333336,-2.3333333333333357,3.916666666666666,-1.0,-0.16666666666666669,1,0
-0.5,2.0999999999999943,-2.5999999999999996,0.9500000000000028,0.019999999999999907,0.0,-0.08333333333333331,-2.5666666666666664,0.02675000000000005,-5.833333333333336,-2.3333333333333357,3.916666666666666,-1.0,-0.16666666666666669,1,1
-0.5,2.0999999999999943,-2.5999999999999996,0.9500000000000028,0.019999999999999907,0.0,-0.10000000000000003,-4.366666666666667,0.02675000000000005,-5.833333333333336,-2.3333333333333357,3.916666666666666,-1.0,-0.16666666666666669,1,0
-3.5,-0.4000000000000057,-3.0999999999999996,2.8100000000000023,-0.009000000000000008,0.0,-0.16923076923076924,-4.712820512820513,-0.02040000000000003,-5.549999999999997,-3.1499999999999986,1.8499999999999996,-0.25,-0.6000000000000001,1,0
-3.5,-0.4000000000000057,-3.0999999999999996,2.8100000000000023,-0.009000000000000008,0.0,-0.18571428571428575,-4.9904761904761905,-0.02040000000000003,-5.549999999999997,-3.1499999999999986,1.8499999999999996,-0.25,-0.6000000000000001,1,1
-2.200000000000003,-5.299999999999997,3.1999999999999997,-1.2099999999999937,-0.009000000000000008,16.0,-0.2,-3.533333333333333,-0.006125000000000047,9.9375,4.1875,-2.1875,-0.25,0.5625,1,1
-2.200000000000003,-5.299999999999997,3.1999999999999997,-1.2099999999999937,-0.009000000000000008,0.0,-0.13333333333333336,0.4666666666666668,-0.006125000000000047,9.9375,4.1875,-2.1875,-0.25,0.5625,1,1
-3.200000000000003,-3.8999999999999915,0.7999999999999998,0.35999999999999943,0.0050000000000000044,0.0,-0.19999999999999996,-0.3999999999999999,0.021958333333333357,-0.0625,-0.9791666666666679,-0.020833333333333925,0.833333333333333,-0.02083333333333337,1,0
-3.200000000000003,-3.8999999999999915,0.7999999999999998,0.35999999999999943,0.0050000000000000044,0.0,-0.19999999999999996,-3.0666666666666664,0.021958333333333357,-0.0625,-0.9791666666666679,-0.020833333333333925,0.833333333333333,-0.02083333333333337,1,0
-3.200000000000003,-3.8999999999999915,0.7999999999999998,0.35999999999999943,0.0050000000000000044,0.0,-0.2666666666666666,-5.199999999999999,0.021958333333333357,-0.0625,-0.9791666666666679,-0.020833333333333925,0.833333333333333,-0.02083333333333337,1,1
-2.4000000000000057,-6.5,4.199999999999999,-2.809999999999988,0.0020000000000000018,-1.0,0.0,3.3333333333333335,0.0025795454545454177,-0.6534090909090935,2.8011363636363633,-0.5511363636363633,0.9772727272727275,-0.02840909090909094,1,0
-2.4000000000000057,-6.5,4.199999999999999,-2.809999999999988,0.0020000000000000018,0.0,-0.06666666666666665,2.933333333333333,0.0025795454545454177,-0.6534090909090935,2.8011363636363633,-0.5511363636363633,0.9772727272727275,-0.02840909090909094,1,0
-2.4000000000000057,-6.5,4.199999999999999,-2.809999999999988,0.0020000000000000018,0.0,-0.1333333333333333,1.8666666666666663,0.0025795454545454177,-0.6534090909090935,2.8011363636363633,-0.5511363636363633,0.9772727272727275,-0.02840909090909094,1,0
0.7000000000000028,-3.0,3.8,-0.39000000000000057,-0.0050000000000000044,0.0,0.13333333333333336,2.3333333333333335,0.016400000000000026,3.200000000000003,3.0,1.2666666666666675,2.2666666666666666,0.39999999999999997,1,1
0.7000000000000028,-3.0,3.8,-0.39000000000000057,-0.0050000000000000044,0.0,0.2,5.533333333333333,0.016400000000000026,3.200000000000003,3.0,1.2666666666666675,2.2666666666666666,0.39999999999999997,1,1
1.5,-0.20000000000000284,1.7999999999999998,-1.4200000000000017,0.020000000000000018,4.0,0.0,1.6666666666666665,0.002866666666666684,1.8666666666666671,0.9499999999999993,1.4666666666666668,-1.6499999999999995,0.1833333333333333,1,0
1.5,-0.20000000000000284,1.7999999999999998,-1.4200000000000017,0.020000000000000018,0.0,-0.06666666666666665,0.7333333333333334,0.002866666666666684,1.8666666666666671,0.9499999999999993,1.4666666666666668,-1.6499999999999995,0.1833333333333333,1,1
1.5,-0.20000000000000284,1.7999999999999998,-1.4200000000000017,0.020000000000000018,0.0,0.19999999999999996,6.866666666666667,0.002866666666666684,1.8666666666666671,0.9499999999999993,1.4666666666666668,-1.6499999999999995,0.1833333333333333,1,1
-3.5,4.200000000000003,-7.699999999999999,-2.950000000000003,-0.0050000000000000044,0.0,-0.06666666666666665,-11.0,0.015069565217391334,-1.3652173913043484,1.2434782608695656,2.901449275362319,-3.4724637681159427,-0.09565217391304348,1,1
-3.5,4.200000000000003,-7.699999999999999,-2.950000000000003,-0.0050000000000000044,0.0,0.0,-5.6000000000000005,0.015069565217391334,-1.3652173913043484,1.2434782608695656,2.901449275362319,-3.4724637681159427,-0.09565217391304348,1,0
-5.6000000000000085,-3.5,-2.1,2.010000000000005,-0.02400000000000002,0.0,0.1333333333333333,5.666666666666666,0.031166666666666676,9.0,-0.3888888888888893,1.8333333333333321,-1.1111111111111107,0.22222222222222227,1,1
-5.6000000000000085,-3.5,-2.1,2.010000000000005,-0.02400000000000002,0.0,0.1333333333333333,6.933333333333334,0.031166666666666676,9.0,-0.3888888888888893,1.8333333333333321,-1.1111111111111107,0.22222222222222227,1,1
-5.6000000000000085,-3.5,-2.1,2.010000000000005,-0.02400000000000002,0.0,0.06666666666666665,4.666666666666667,0.031166666666666676,9.0,-0.3888888888888893,1.8333333333333321,-1.1111111111111107,0.22222222222222227,1,1
-3.1000000000000085,2.0999999999999943,-5.300000000000001,0.7800000000000011,-0.0030000000000000027,0.0,0.0,-6.6000000000000005,-0.04783333333333334,0.8333333333333357,-1.1388888888888893,0.5416666666666661,-2.2777777777777777,-0.19444444444444442,1,0
-4.799999999999997,4.0,-8.9,-0.9699999999999989,-0.03399999999999992,0.0,-1.0,-12.0,0.03345833333333337,0.8125,-2.145833333333332,1.875,-1.0,-0.16666666666666669,1,1
-4.799999999999997,4.0,-8.9,-0.9699999999999989,-0.03399999999999992,0.0,-0.3333333333333333,-2.6666666666666665,0.03345833333333337,0.8125,-2.145833333333332,1.875,-1.0,-0.16666666666666669,1,1
-4.799999999999997,4.0,-8.9,-0.9699999999999989,-0.03399999999999992,0.0,-0.19999999999999996,-3.6,0.03345833333333337,0.8125,-2.145833333333332,1.875,-1.0,-0.16666666666666669,1,0
-2.6999999999999886,0.0,-2.7,-1.0700000000000074,-0.017999999999999905,0.0,-0.125,-10.083333333333332,-0.0007166666666666988,-8.100000000000001,-5.216666666666669,-2.1500000000000004,1.2666666666666666,-0.38333333333333336,1,0
-2.6999999999999886,0.0,-2.7,-1.0700000000000074,-0.017999999999999905,0.0,-0.20512820512820512,-12.11965811965812,-0.0007166666666666988,-8.100000000000001,-5.216666666666669,-2.1500000000000004,1.2666666666666666,-0.38333333333333336,1,0
-2.0999999999999943,4.5,-6.6,0.5100000000000051,-0.019999999999999907,0.0,-0.5025641025641026,-13.733333333333334,-0.02056818181818182,-0.38636363636363313,0.9318181818181834,2.045454545454545,-2.090909090909091,-0.6363636363636364,1,0
-2.0999999999999943,4.5,-6.6,0.5100000000000051,-0.019999999999999907,0.0,-0.519047619047619,-16.409523809523808,-0.02056818181818182,-0.38636363636363313,0.9318181818181834,2.045454545454545,-2.090909090909091,-0.6363636363636364,1,0
4.200000000000003,1.2999999999999972,3.0,1.3299999999999983,0.03600000000000003,35.0,-0.3333333333333333,-14.653333333333334,0.030916666666666703,1.1833333333333371,1.5833333333333321,-1.4499999999999993,0.6833333333333327,0.38333333333333336,1,1
4.200000000000003,1.2999999999999972,3.0,1.3299999999999983,0.03600000000000003,0.0,-0.2,-12.186666666666666,0.030916666666666703,1.1833333333333371,1.5833333333333321,-1.4499999999999993,0.6833333333333327,0.38333333333333336,1,1
4.200000000000003,1.2999999999999972,3.0,1.3299999999999983,0.03600000000000003,0.0,-0.06666666666666665,-6.92,0.030916666666666703,1.1833333333333371,1.5833333333333321,-1.4499999999999993,0.6833333333333327,0.38333333333333336,1,1
0.7999999999999972,2.3999999999999915,-1.5999999999999996,-2.5799999999999983,0.017000000000000015,-3.0,-0.26666666666666666,-12.866666666666667,0.06635144927536235,-6.3731884057971016,-0.2427536231884062,-1.3369565217391308,-0.7427536231884062,-0.11231884057971009,1,1
0.7999999999999972,2.3999999999999915,-1.5999999999999996,-2.5799999999999983,0.017000000000000015,0.0,-0.19999999999999996,-10.6,0.06635144927536235,-6.3731884057971016,-0.2427536231884062,-1.3369565217391308,-0.7427536231884062,-0.11231884057971009,1,1
0.7999999999999972,2.3999999999999915,-1.5999999999999996,-2.5799999999999983,0.017000000000000015,0.0,-0.19999999999999996,-4.199999999999999,0.06635144927536235,-6.3731884057971016,-0.2427536231884062,-1.3369565217391308,-0.7427536231884062,-0.11231884057971009,1,1
0.7999999999999972,2.3999999999999915,-1.5999999999999996,-2.5799999999999983,0.017000000000000015,0.0,-0.06666666666666665,-1.7333333333333334,0.06635144927536235,-6.3731884057971016,-0.2427536231884062,-1.3369565217391308,-0.7427536231884062,-0.11231884057971009,1,0
-0.3999999999999915,6.099999999999994,-6.5,2.1400000000000006,-0.0020000000000000018,0.0,0.06666666666666665,5.68,0.06079166666666663,-8.916666666666664,-2.25,0.5,1.583333333333333,-0.5833333333333334,1,0
-0.3999999999999915,6.099999999999994,-6.5,2.1400000000000006,-0.0020000000000000018,0.0,0.0,6.546666666666667,0.06079166666666663,-8.916666666666664,-2.25,0.5,1.583333333333333,-0.5833333333333334,1,0
-2.4000000000000057,0.7999999999999972,-3.3000000000000003,1.3299999999999983,-0.010000000000000009,0.0,-0.2,-2.0,-0.02177272727272722,-8.0,3.15909090909091,0.7727272727272734,-2.3863636363636367,-0.6363636363636364,1,0
-2.4000000000000057,0.7999999999999972,-3.3000000000000003,1.3299999999999983,-0.010000000000000009,0.0,-0.3333333333333333,-4.133333333333333,-0.02177272727272722,-8.0,3.15909090909091,0.7727272727272734,-2.3863636363636367,-0.6363636363636364,1,0
-4.099999999999994,-4.299999999999997,0.19999999999999973,-2.3600000000000136,-0.02199999999999991,0.0,-0.3333333333333333,0.20000000000000018,-0.0012666666666666382,4.011111111111113,-1.62222222222222,-0.48888888888888893,-0.9222222222222225,-0.35555555555555557,1,1
-4.099999999999994,-4.299999999999997,0.19999999999999973,-2.3600000000000136,-0.02199999999999991,0.0,-0.15000000000000002,-3.65,-0.0012666666666666382,4.011111111111113,-1.62222222222222,-0.48888888888888893,-0.9222222222222225,-0.35555555555555557,1,0
1.5,4.299999999999997,-2.8,1.480000000000004,-0.013000000000000012,0.0,-0.18095238095238098,-6.59047619047619,-0.031799999999999995,8.163636363636364,-3.2727272727272734,-1.927272727272726,0.20000000000000018,0.3454545454545454,1,1
1.5,4.299999999999997,-2.8,1.480000000000004,-0.013000000000000012,0.0,-0.025000000000000022,-1.7666666666666666,-0.031799999999999995,8.163636363636364,-3.2727272727272734,-1.927272727272726,0.20000000000000018,0.3454545454545454,1,1
4.700000000000003,1.4000000000000057,3.3,0.9899999999999949,0.0030000000000000027,0.0,-0.09999999999999998,-2.466666666666667,-0.09286956521739137,5.102766798418976,-4.837944664031621,2.2727272727272734,0.0,-0.01976284584980237,1,0
4.700000000000003,1.4000000000000057,3.3,0.9899999999999949,0.0030000000000000027,0.0,-0.2121212121212121,-4.03030303030303,-0.09286956521739137,5.102766798418976,-4.837944664031621,2.2727272727272734,0.0,-0.01976284584980237,1,1
4.700000000000003,1.4000000000000057,3.3,0.9899999999999949,0.0030000000000000027,0.0,-0.17142857142857143,-2.9714285714285715,-0.09286956521739137,5.102766798418976,-4.837944664031621,2.2727272727272734,0.0,-0.01976284584980237,1,1
1.0999999999999943,-0.5999999999999943,1.8000000000000003,-2.210000000000008,0.0,2.0,-0.1333333333333333,0.26666666666666683,0.003115384615384631,1.6794871794871824,-0.4615384615384599,-0.6923076923076916,0.1923076923076925,0.20512820512820512,1,1
1.0999999999999943,-0.5999999999999943,1.8000000000000003,-2.210000000000008,0.0,0.0,-0.06666666666666665,1.9333333333333331,0.003115384615384631,1.6794871794871824,-0.4615384615384599,-0.6923076923076916,0.1923076923076925,0.20512820512820512,1,1
1.0999999999999943,-0.5999999999999943,1.8000000000000003,-2.210000000000008,0.0,0.0,0.06666666666666665,1.9333333333333331,0.003115384615384631,1.6794871794871824,-0.4615384615384599,-0.6923076923076916,0.1923076923076925,0.20512820512820512,1,0
-3.200000000000003,-5.199999999999989,2.0000000000000004,-6.200000000000003,-0.03200000000000003,0.0,0.3333333333333333,5.133333333333333,0.0063212669683258005,1.4932126696832597,-7.343891402714931,-1.1040723981900449,0.22171945701357476,0.0678733031674208,1,1
-3.200000000000003,-5.199999999999989,2.0000000000000004,-6.200000000000003,-0.03200000000000003,0.0,0.3333333333333333,4.066666666666666,0.0063212669683258005,1.4932126696832597,-7.343891402714931,-1.1040723981900449,0.22171945701357476,0.0678733031674208,1,1
-3.200000000000003,-5.199999999999989,2.0000000000000004,-6.200000000000003,-0.03200000000000003,0.0,0.1333333333333333,-2.2666666666666666,0.0063212669683258005,1.4932126696832597,-7.343891402714931,-1.1040723981900449,0.22171945701357476,0.0678733031674208,1,1
-3.200000000000003,-5.199999999999989,2.0000000000000004,-6.200000000000003,-0.03200000000000003,0.0,0.06666666666666665,-0.19999999999999996,0.0063212669683258005,1.4932126696832597,-7.343891402714931,-1.1040723981900449,0.22171945701357476,0.0678733031674208,1,0
2.700000000000003,0.7999999999999972,1.9,-2.6299999999999955,0.009000000000000008,-1854.0,0.5333333333333333,14.658333333333333,0.029722222222222205,-1.2222222222222214,-0.16666666666666785,-2.4444444444444446,0.7222222222222223,0.22222222222222227,1,1
2.700000000000003,0.7999999999999972,1.9,-2.6299999999999955,0.009000000000000008,0.0,0.5333333333333333,14.222222222222221,0.029722222222222205,-1.2222222222222214,-0.16666666666666785,-2.4444444444444446,0.7222222222222223,0.22222222222222227,1,0
2.700000000000003,0.7999999999999972,1.9,-2.6299999999999955,0.009000000000000008,0.0,0.45,9.483333333333333,0.029722222222222205,-1.2222222222222214,-0.16666666666666785,-2.4444444444444446,0.7222222222222223,0.22222222222222227,1,0
-2.200000000000003,3.200000000000003,-5.4,1.0499999999999972,-0.0020000000000000018,0.0,-0.1333333333333333,-7.333333333333333,-0.020505050505050526,-0.4797979797979792,-0.16666666666666785,1.146464646464647,1.1616161616161618,0.010101010101010166,1,0
-2.200000000000003,3.200000000000003,-5.4,1.0499999999999972,-0.0020000000000000018,0.0,-0.19999999999999996,-9.466666666666667,-0.020505050505050526,-0.4797979797979792,-0.16666666666666785,1.146464646464647,1.1616161616161618,0.010101010101010166,1,1
-2.200000000000003,3.200000000000003,-5.4,1.0499999999999972,-0.0020000000000000018,0.0,-0.1333333333333333,-11.600000000000001,-0.020505050505050526,-0.4797979797979792,-0.16666666666666785,1.146464646464647,1.1616161616161618,0.010101010101010166,1,1
1.8999999999999915,0.0,1.9,-3.1200000000000045,-0.0050000000000000044,-3.0,0.0,-2.8,-0.040082125603864704,2.0024154589372003,-6.60144927536232,-0.4661835748792278,-0.15458937198067524,-0.09661835748792269,1,0
1.8999999999999915,0.0,1.9,-3.1200000000000045,-0.0050000000000000044,0.0,-0.06666666666666665,-3.8000000000000003,-0.040082125603864704,2.0024154589372003,-6.60144927536232,-0.4661835748792278,-0.15458937198067524,-0.09661835748792269,1,0
1.8999999999999915,0.0,1.9,-3.1200000000000045,-0.0050000000000000044,0.0,-0.19999999999999996,-4.933333333333334,-0.040082125603864704,2.0024154589372003,-6.60144927536232,-0.4661835748792278,-0.15458937198067524,-0.09661835748792269,1,1
3.700000000000003,-0.6000000000000085,4.2,-4.790000000000006,0.006000000000000005,-765.0,0.26666666666666666,6.3999999999999995,0.06861111111111112,7.611111111111107,3.277777777777775,-1.5555555555555554,1.4444444444444455,0.4444444444444445,1,1
3.700000000000003,-0.6000000000000085,4.2,-4.790000000000006,0.006000000000000005,0.0,0.26666666666666666,7.066666666666666,0.06861111111111112,7.611111111111107,3.277777777777775,-1.5555555555555554,1.4444444444444455,0.4444444444444445,1,0
3.700000000000003,-0.6000000000000085,4.2,-4.790000000000006,0.006000000000000005,0.0,0.13333333333333336,8.733333333333333,0.06861111111111112,7.611111111111107,3.277777777777775,-1.5555555555555554,1.4444444444444455,0.4444444444444445,1,1
4.400000000000006,-2.1000000000000085,6.5,-2.680000000000007,0.018000000000000016,2.0,0.1333333333333333,11.266666666666667,0.04074444444444447,5.644444444444446,4.444444444444443,1.177777777777779,3.377777777777778,0.37777777777777777,1,1
4.400000000000006,-2.1000000000000085,6.5,-2.680000000000007,0.018000000000000016,0.0,0.1333333333333333,15.333333333333332,0.04074444444444447,5.644444444444446,4.444444444444443,1.177777777777779,3.377777777777778,0.37777777777777777,1,1
-4.3999999999999915,0.7999999999999972,-5.2,-1.8599999999999994,-0.028999999999999915,0.0,0.16666666666666669,-8.466666666666667,-0.04004166666666664,1.0666666666666629,-3.541666666666668,3.9000000000000004,-1.4416666666666664,-0.4666666666666666,1,0
-4.3999999999999915,0.7999999999999972,-5.2,-1.8599999999999994,-0.028999999999999915,0.0,-0.06666666666666671,-7.6000000000000005,-0.04004166666666664,1.0666666666666629,-3.541666666666668,3.9000000000000004,-1.4416666666666664,-0.4666666666666666,1,0
-4.0,6.700000000000003,-10.700000000000001,-6.52000000000001,-0.038999999999999924,0.0,-0.3142857142857143,-15.980952380952381,0.016000000000000014,-3.700000000000003,-0.5,-0.40000000000000036,-0.40000000000000036,-0.3,1,0
-4.0,6.700000000000003,-10.700000000000001,-6.52000000000001,-0.038999999999999924,0.0,-0.35,-16.258333333333333,0.016000000000000014,-3.700000000000003,-0.5,-0.40000000000000036,-0.40000000000000036,-0.3,1,0
-1.7999999999999972,-1.2999999999999972,-0.2999999999999998,-0.25,-0.009000000000000008,0.0,-0.23333333333333336,-8.566666666666666,0.0008333333333333526,6.25,-1.9642857142857153,2.3571428571428577,1.333333333333333,0.011904761904761862,1,1
-1.7999999999999972,-1.2999999999999972,-0.2999999999999998,-0.25,-0.009000000000000008,0.0,-0.10256410256410253,-1.5999999999999996,0.0008333333333333526,6.25,-1.9642857142857153,2.3571428571428577,1.333333333333333,0.011904761904761862,1,1
-1.7999999999999972,-1.2999999999999972,-0.2999999999999998,-0.25,-0.009000000000000008,0.0,-0.06666666666666665,2.2,0.0008333333333333526,6.25,-1.9642857142857153,2.3571428571428577,1.333333333333333,0.011904761904761862,1,1
-10.599999999999994,-1.0,-9.6,-0.0799999999999983,-0.040999999999999925,0.0,-0.6000000000000001,-9.066666666666666,-0.09992727272727275,-3.2909090909090963,-1.3999999999999986,-1.1090909090909076,-0.32727272727272716,-0.3454545454545454,1,1
-10.599999999999994,-1.0,-9.6,-0.0799999999999983,-0.040999999999999925,0.0,-0.5333333333333334,-9.133333333333333,-0.09992727272727275,-3.2909090909090963,-1.3999999999999986,-1.1090909090909076,-0.32727272727272716,-0.3454545454545454,1,0
-3.0999999999999943,4.699999999999989,-7.800000000000001,0.6800000000000068,-0.007000000000000006,0.0,0.1333333333333333,5.133333333333333,-0.024228571428571433,-4.028571428571432,-1.7428571428571438,-1.6571428571428584,1.6857142857142868,-0.17142857142857143,1,1
-3.0999999999999943,4.699999999999989,-7.800000000000001,0.6800000000000068,-0.007000000000000006,0.0,0.2,6.0,-0.024228571428571433,-4.028571428571432,-1.7428571428571438,-1.6571428571428584,1.6857142857142868,-0.17142857142857143,1,1
-3.0999999999999943,4.699999999999989,-7.800000000000001,0.6800000000000068,-0.007000000000000006,0.0,0.2,6.666666666666666,-0.024228571428571433,-4.028571428571432,-1.7428571428571438,-1.6571428571428584,1.6857142857142868,-0.17142857142857143,1,0
-5.5,-2.5999999999999943,-2.8000000000000003,4.0,-0.016000000000000014,0.0,0.33333333333333337,8.666666666666666,0.08216428571428575,-1.0642857142857167,2.442857142857143,1.5214285714285705,0.07142857142857117,-0.07142857142857145,1,0
-5.5,-2.5999999999999943,-2.8000000000000003,4.0,-0.016000000000000014,0.0,0.047619047619047616,-0.09523809523809579,0.08216428571428575,-1.0642857142857167,2.442857142857143,1.5214285714285705,0.07142857142857117,-0.07142857142857145,1,1
-5.5,-2.5999999999999943,-2.8000000000000003,4.0,-0.016000000000000014,0.0,0.06666666666666671,5.28888888888889,0.08216428571428575,-1.0642857142857167,2.442857142857143,1.5214285714285705,0.07142857142857117,-0.07142857142857145,1,1
-4.8999999999999915,-1.6000000000000085,-3.3000000000000003,-0.14999999999999147,-0.02199999999999991,0.0,-0.3333333333333333,-6.6000000000000005,-0.024527777777777815,-0.1666666666666643,0.44444444444444287,-0.5277777777777786,0.6111111111111107,-0.7222222222222222,1,0
-4.8999999999999915,-1.6000000000000085,-3.3000000000000003,-0.14999999999999147,-0.02199999999999991,0.0,-0.36666666666666664,-5.4,-0.024527777777777815,-0.1666666666666643,0.44444444444444287,-0.5277777777777786,0.6111111111111107,-0.7222222222222222,1,0
-3.5,-3.799999999999997,0.30000000000000004,-1.8799999999999955,-0.026999999999999913,0.0,-0.29230769230769227,-5.907692307692307,0.017935064935064915,-1.3636363636363669,1.9155844155844157,0.18831168831168732,2.188311688311688,-0.11688311688311687,1,1
-3.5,-3.799999999999997,0.30000000000000004,-1.8799999999999955,-0.026999999999999913,0.0,-0.17619047619047618,-4.214285714285714,0.017935064935064915,-1.3636363636363669,1.9155844155844157,0.18831168831168732,2.188311688311688,-0.11688311688311687,1,0
-3.5,-3.799999999999997,0.30000000000000004,-1.8799999999999955,-0.026999999999999913,0.0,-0.26666666666666666,-4.0,0.017935064935064915,-1.3636363636363669,1.9155844155844157,0.18831168831168732,2.188311688311688,-0.11688311688311687,1,1
-1.8999999999999915,-1.0,-0.8999999999999999,-1.7900000000000063,-0.005999999999999894,0.0,-0.39999999999999997,-1.8666666666666667,-0.019000000000000017,-7.527777777777779,-0.6944444444444429,-2.6388888888888893,2.3611111111111107,-0.5555555555555556,1,0
-1.8999999999999915,-1.0,-0.8999999999999999,-1.7900000000000063,-0.005999999999999894,0.0,-0.4666666666666666,-3.066666666666667,-0.019000000000000017,-7.527777777777779,-0.6944444444444429,-2.6388888888888893,2.3611111111111107,-0.5555555555555556,1,0
-2.4000000000000057,-1.7999999999999972,-0.8000000000000003,0.7099999999999937,-0.02200000000000002,-362.0,-0.2,1.8666666666666667,0.0161904761904762,-4.833333333333336,-2.404761904761905,2.166666666666666,2.345238095238095,-0.6666666666666666,1,0
-2.4000000000000057,-1.7999999999999972,-0.8000000000000003,0.7099999999999937,-0.02200000000000002,0.0,-0.26666666666666666,0.19999999999999996,0.0161904761904762,-4.833333333333336,-2.404761904761905,2.166666666666666,2.345238095238095,-0.6666666666666666,1,0
2.9000000000000057,2.5999999999999943,0.2999999999999998,1.6499999999999915,0.0050000000000000044,0.0,-0.2,1.4666666666666668,0.023794117647058854,-1.3137254901960773,7.715686274509803,1.5784313725490193,0.13725490196078471,0.13725490196078433,1,1
2.9000000000000057,2.5999999999999943,0.2999999999999998,1.6499999999999915,0.0050000000000000044,0.0,-0.1333333333333333,2.8000000000000003,0.023794117647058854,-1.3137254901960773,7.715686274509803,1.5784313725490193,0.13725490196078471,0.13725490196078433,1,1
2.9000000000000057,2.5999999999999943,0.2999999999999998,1.6499999999999915,0.0050000000000000044,0.0,-0.06666666666666665,1.1999999999999997,0.023794117647058854,-1.3137254901960773,7.715686274509803,1.5784313725490193,0.13725490196078471,0.13725490196078433,1,1
3.200000000000003,5.199999999999989,-2.0000000000000004,6.200000000000003,0.03200000000000003,0.0,-0.3333333333333333,-4.0,-0.0063212669683258005,-1.4932126696832597,7.343891402714931,1.1040723981900449,-0.22171945701357476,-0.0678733031674208,1,1
3.200000000000003,5.199999999999989,-2.0000000000000004,6.200000000000003,0.03200000000000003,0.0,-0.2,-2.0666666666666664,-0.0063212669683258005,-1.4932126696832597,7.343891402714931,1.1040723981900449,-0.22171945701357476,-0.0678733031674208,1,1
3.200000000000003,5.199999999999989,-2.0000000000000004,6.200000000000003,0.03200000000000003,0.0,-0.1333333333333333,-1.0666666666666669,-0.0063212669683258005,-1.4932126696832597,7.343891402714931,1.1040723981900449,-0.22171945701357476,-0.0678733031674208,1,1
-1.7000000000000028,7.0,-8.799999999999999,4.179999999999993,-0.0030000000000000027,0.0,-0.2666666666666667,-7.066666666666666,0.01724148606811149,-1.699690402476783,6.092879256965944,1.201238390092879,-0.7925696594427247,-0.37151702786377705,1,0
-1.7000000000000028,7.0,-8.799999999999999,4.179999999999993,-0.0030000000000000027,0.0,-0.2666666666666667,-5.6,0.01724148606811149,-1.699690402476783,6.092879256965944,1.201238390092879,-0.7925696594427247,-0.37151702786377705,1,0
0.30000000000001137,0.5999999999999943,-0.2999999999999998,0.8400000000000034,-0.0040000000000000036,-25.0,0.2,7.0,0.00950434782608689,-2.9913043478260875,2.6347826086956516,1.1217391304347828,2.0434782608695645,0.45217391304347826,1,1
0.30000000000001137,0.5999999999999943,-0.2999999999999998,0.8400000000000034,-0.0040000000000000036,0.0,0.2,8.8,0.00950434782608689,-2.9913043478260875,2.6347826086956516,1.1217391304347828,2.0434782608695645,0.45217391304347826,1,1
0.30000000000001137,0.5999999999999943,-0.2999999999999998,0.8400000000000034,-0.0040000000000000036,0.0,0.2,7.866666666666666,0.00950434782608689,-2.9913043478260875,2.6347826086956516,1.1217391304347828,2.0434782608695645,0.45217391304347826,1,1
-5.599999999999994,1.5,-7.1,0.45000000000000284,-0.013000000000000012,0.0,0.1333333333333333,-0.1333333333333333,0.028971014492753577,-4.05797101449275,3.545893719806763,2.1884057971014492,-0.8454106280193248,0.09661835748792269,1,0
-5.599999999999994,1.5,-7.1,0.45000000000000284,-0.013000000000000012,0.0,0.0,-6.733333333333333,0.028971014492753577,-4.05797101449275,3.545893719806763,2.1884057971014492,-0.8454106280193248,0.09661835748792269,1,1
-1.8999999999999915,0.0,-1.9,3.1200000000000045,0.0050000000000000044,0.0,0.1333333333333333,3.9333333333333336,0.040082125603864704,-2.0024154589372003,6.60144927536232,0.4661835748792278,0.15458937198067524,0.09661835748792269,1,0
-1.8999999999999915,0.0,-1.9,3.1200000000000045,0.0050000000000000044,0.0,0.06666666666666665,2.8,0.040082125603864704,-2.0024154589372003,6.60144927536232,0.4661835748792278,0.15458937198067524,0.09661835748792269,1,1
-1.8999999999999915,0.0,-1.9,3.1200000000000045,0.0050000000000000044,0.0,0.1333333333333333,2.466666666666667,0.040082125603864704,-2.0024154589372003,6.60144927536232,0.4661835748792278,0.15458937198067524,0.09661835748792269,1,1
-3.799999999999997,6.700000000000003,-10.6,-0.14000000000000057,0.0010000000000000009,0.0,0.06666666666666665,-4.800000000000001,0.04617391304347823,-2.9565217391304373,3.4782608695652186,1.9565217391304355,-2.695652173913045,-0.04347826086956519,1,1
-3.799999999999997,6.700000000000003,-10.6,-0.14000000000000057,0.0010000000000000009,0.0,0.1333333333333333,-5.2,0.04617391304347823,-2.9565217391304373,3.4782608695652186,1.9565217391304355,-2.695652173913045,-0.04347826086956519,1,0
-3.799999999999997,6.700000000000003,-10.6,-0.14000000000000057,0.0010000000000000009,0.0,-0.06666666666666665,-5.533333333333333,0.04617391304347823,-2.9565217391304373,3.4782608695652186,1.9565217391304355,-2.695652173913045,-0.04347826086956519,1,1
2.299999999999997,-1.8999999999999915,4.199999999999999,4.650000000000006,0.016999999999999904,0.0,0.5333333333333333,25.866666666666667,-0.054400000000000004,8.5,2.0,-1.5999999999999996,-1.0000000000000009,0.3,1,0
2.299999999999997,-1.8999999999999915,4.199999999999999,4.650000000000006,0.016999999999999904,0.0,0.35,11.916666666666666,-0.054400000000000004,8.5,2.0,-1.5999999999999996,-1.0000000000000009,0.3,1,1
1.7000000000000028,0.7000000000000028,0.9999999999999996,4.0,0.015999999999999903,0.0,0.03809523809523807,9.047619047619047,-0.007042105263157905,7.815789473684212,4.589473684210528,2.810526315789474,0.9578947368421051,-0.07894736842105265,1,0
1.7000000000000028,0.7000000000000028,0.9999999999999996,4.0,0.015999999999999903,0.0,-0.033333333333333326,8.55,-0.007042105263157905,7.815789473684212,4.589473684210528,2.810526315789474,0.9578947368421051,-0.07894736842105265,1,1
2.6999999999999886,0.0,2.7,1.0700000000000074,0.017999999999999905,-1104.0,0.16666666666666669,9.4,0.0007166666666666988,8.100000000000001,5.216666666666669,2.1500000000000004,-1.2666666666666666,0.38333333333333336,1,0
2.6999999999999886,0.0,2.7,1.0700000000000074,0.017999999999999905,0.0,0.025974025974025983,6.1558441558441555,0.0007166666666666988,8.100000000000001,5.216666666666669,2.1500000000000004,-1.2666666666666666,0.38333333333333336,1,1
2.6999999999999886,0.0,2.7,1.0700000000000074,0.017999999999999905,0.0,0.2714285714285714,11.742857142857144,0.0007166666666666988,8.100000000000001,5.216666666666669,2.1500000000000004,-1.2666666666666666,0.38333333333333336,1,1
-1.0,2.200000000000003,-3.1999999999999997,2.0799999999999983,-0.0050000000000000044,0.0,0.1333333333333333,3.4666666666666663,-0.013124999999999942,6.166666666666664,1.875,4.25,-1.708333333333333,-0.08333333333333326,1,1
-1.0,2.200000000000003,-3.1999999999999997,2.0799999999999983,-0.0050000000000000044,0.0,0.1333333333333333,3.666666666666667,-0.013124999999999942,6.166666666666664,1.875,4.25,-1.708333333333333,-0.08333333333333326,1,0
-1.0,2.200000000000003,-3.1999999999999997,2.0799999999999983,-0.0050000000000000044,0.0,-0.06666666666666665,-2.8,-0.013124999999999942,6.166666666666664,1.875,4.25,-1.708333333333333,-0.08333333333333326,1,1
-2.0999999999999943,1.9000000000000057,-4.0,-0.3299999999999983,-0.0040000000000000036,0.0,-0.06666666666666665,-0.6,-0.07048529411764698,0.764705882352942,-5.147058823529413,-1.4264705882352935,-1.7058823529411766,-0.5882352941176471,1,0
-2.0999999999999943,1.9000000000000057,-4.0,-0.3299999999999983,-0.0040000000000000036,0.0,-0.1333333333333333,-2.1333333333333333,-0.07048529411764698,0.764705882352942,-5.147058823529413,-1.4264705882352935,-1.7058823529411766,-0.5882352941176471,1,0
1.7999999999999972,-5.299999999999997,7.1,-4.549999999999997,0.010000000000000009,-849.0,0.0,-0.2,0.09799999999999998,1.2666666666666657,2.5166666666666693,-0.5500000000000007,3.2,0.38333333333333336,1,1
1.7999999999999972,-5.299999999999997,7.1,-4.549999999999997,0.010000000000000009,0.0,0.06666666666666665,-0.4666666666666667,0.09799999999999998,1.2666666666666657,2.5166666666666693,-0.5500000000000007,3.2,0.38333333333333336,1,1
1.7999999999999972,-5.299999999999997,7.1,-4.549999999999997,0.010000000000000009,0.0,0.0,2.96,0.09799999999999998,1.2666666666666657,2.5166666666666693,-0.5500000000000007,3.2,0.38333333333333336,1,1
-1.7999999999999972,-5.099999999999994,3.3,1.4399999999999977,-0.0020000000000000018,0.0,0.06666666666666665,2.5999999999999996,0.054333333333333345,2.2777777777777786,4.694444444444446,0.3611111111111107,1.2777777777777777,0.02777777777777779,1,0
-1.7999999999999972,-5.099999999999994,3.3,1.4399999999999977,-0.0020000000000000018,0.0,-0.06666666666666665,1.0,0.054333333333333345,2.2777777777777786,4.694444444444446,0.3611111111111107,1.2777777777777777,0.02777777777777779,1,1
-1.7999999999999972,-5.099999999999994,3.3,1.4399999999999977,-0.0020000000000000018,0.0,-0.06666666666666665,3.5999999999999996,0.054333333333333345,2.2777777777777786,4.694444444444446,0.3611111111111107,1.2777777777777777,0.02777777777777779,1,0
-1.7999999999999972,-5.099999999999994,3.3,1.4399999999999977,-0.0020000000000000018,0.0,-0.1333333333333333,2.2666666666666666,0.054333333333333345,2.2777777777777786,4.694444444444446,0.3611111111111107,1.2777777777777777,0.02777777777777779,1,0
0.9000000000000057,0.29999999999999716,0.5999999999999996,0.0799999999999983,0.03499999999999992,-282.0,-0.19999999999999996,-1.6,0.07308333333333333,1.5,1.0833333333333321,4.5,-0.5833333333333339,0.16666666666666669,1,1
0.9000000000000057,0.29999999999999716,0.5999999999999996,0.0799999999999983,0.03499999999999992,0.0,-0.06666666666666665,3.8,0.07308333333333333,1.5,1.0833333333333321,4.5,-0.5833333333333339,0.16666666666666669,1,1
0.9000000000000057,0.29999999999999716,0.5999999999999996,0.0799999999999983,0.03499999999999992,0.0,0.06666666666666665,6.533333333333333,0.07308333333333333,1.5,1.0833333333333321,4.5,-0.5833333333333339,0.16666666666666669,1,0
0.0,1.7999999999999972,-1.7000000000000002,0.1799999999999926,-0.006000000000000005,0.0,-0.06666666666666665,2.4666666666666663,0.06030555555555556,-2.055555555555557,-0.13888888888888928,1.666666666666666,-2.250000000000001,-0.11111111111111116,1,1
0.0,1.7999999999999972,-1.7000000000000002,0.1799999999999926,-0.006000000000000005,0.0,0.06666666666666665,6.133333333333333,0.06030555555555556,-2.055555555555557,-0.13888888888888928,1.666666666666666,-2.250000000000001,-0.11111111111111116,1,1
0.0,1.7999999999999972,-1.7000000000000002,0.1799999999999926,-0.006000000000000005,0.0,0.0,0.19999999999999998,0.06030555555555556,-2.055555555555557,-0.13888888888888928,1.666666666666666,-2.250000000000001,-0.11111111111111116,1,0
2.4000000000000057,-0.7999999999999972,3.3000000000000003,-1.3299999999999983,0.010000000000000009,-17.0,0.06666666666666665,-3.2,0.02177272727272722,8.0,-3.15909090909091,-0.7727272727272734,2.3863636363636367,0.6363636363636364,1,1
2.4000000000000057,-0.7999999999999972,3.3000000000000003,-1.3299999999999983,0.010000000000000009,0.0,0.2,1.1333333333333333,0.02177272727272722,8.0,-3.15909090909091,-0.7727272727272734,2.3863636363636367,0.6363636363636364,1,1
-0.29999999999999716,2.1000000000000085,-2.3,-1.710000000000008,0.008000000000000007,0.0,0.0,-4.066666666666666,-0.00812727272727276,-0.04999999999999716,-5.059090909090909,-1.322727272727274,1.6363636363636367,0.08636363636363631,1,0
-0.29999999999999716,2.1000000000000085,-2.3,-1.710000000000008,0.008000000000000007,0.0,0.0,-4.866666666666667,-0.00812727272727276,-0.04999999999999716,-5.059090909090909,-1.322727272727274,1.6363636363636367,0.08636363636363631,1,1
-0.29999999999999716,2.1000000000000085,-2.3,-1.710000000000008,0.008000000000000007,0.0,0.1333333333333333,-4.933333333333334,-0.00812727272727276,-0.04999999999999716,-5.059090909090909,-1.322727272727274,1.6363636363636367,0.08636363636363631,1,0
-1.0999999999999943,0.5999999999999943,-1.8000000000000003,2.210000000000008,0.0,0.0,-0.06666666666666665,-3.6,-0.003115384615384631,-1.6794871794871824,0.4615384615384599,0.6923076923076916,-0.1923076923076925,-0.20512820512820512,1,1
-1.0999999999999943,0.5999999999999943,-1.8000000000000003,2.210000000000008,0.0,0.0,0.0,-0.9333333333333335,-0.003115384615384631,-1.6794871794871824,0.4615384615384599,0.6923076923076916,-0.1923076923076925,-0.20512820512820512,1,0
-1.0999999999999943,0.5999999999999943,-1.8000000000000003,2.210000000000008,0.0,0.0,0.0,-2.2,-0.003115384615384631,-1.6794871794871824,0.4615384615384599,0.6923076923076916,-0.1923076923076925,-0.20512820512820512,1,0
-5.700000000000003,2.700000000000003,-8.4,4.810000000000002,-0.01100000000000001,0.0,-0.1333333333333333,-9.333333333333334,0.006985714285714317,-8.057142857142857,-2.7142857142857153,0.4571428571428573,-0.02857142857142847,-0.028571428571428525,1,0
-5.700000000000003,2.700000000000003,-8.4,4.810000000000002,-0.01100000000000001,0.0,-0.26666666666666666,-13.2,0.006985714285714317,-8.057142857142857,-2.7142857142857153,0.4571428571428573,-0.02857142857142847,-0.028571428571428525,1,0
-5.700000000000003,2.700000000000003,-8.4,4.810000000000002,-0.01100000000000001,0.0,-0.1333333333333333,-9.933333333333334,0.006985714285714317,-8.057142857142857,-2.7142857142857153,0.4571428571428573,-0.02857142857142847,-0.028571428571428525,1,1
-4.400000000000006,2.1000000000000085,-6.5,2.680000000000007,-0.018000000000000016,0.0,-0.19999999999999996,-16.200000000000003,-0.04074444444444447,-5.644444444444446,-4.444444444444443,-1.177777777777779,-3.377777777777778,-0.37777777777777777,1,0
6.5,3.6000000000000085,3.0000000000000004,-0.8499999999999943,0.028000000000000025,0.0,0.2666666666666667,3.0666666666666664,0.07713636363636361,-0.4848484848484844,3.8939393939393945,-1.8030303030303028,-0.21212121212121282,0.30303030303030304,1,0
6.5,3.6000000000000085,3.0000000000000004,-0.8499999999999943,0.028000000000000025,0.0,-0.16666666666666663,-4.933333333333334,0.07713636363636361,-0.4848484848484844,3.8939393939393945,-1.8030303030303028,-0.21212121212121282,0.30303030303030304,1,1
0.0,-1.0999999999999943,1.1000000000000005,0.2600000000000051,0.009000000000000008,0.0,0.1333333333333333,5.9,-0.011563636363636387,-0.9181818181818215,-1.672727272727272,0.663636363636364,0.3545454545454545,0.23636363636363633,1,1
0.0,-1.0999999999999943,1.1000000000000005,0.2600000000000051,0.009000000000000008,0.0,0.18095238095238098,7.8,-0.011563636363636387,-0.9181818181818215,-1.672727272727272,0.663636363636364,0.3545454545454545,0.23636363636363633,1,1
-0.4000000000000057,-0.19999999999998863,-0.1999999999999993,0.37000000000000455,-0.0020000000000000018,5.0,0.2666666666666667,6.266666666666666,-0.004021531100478537,1.5239234449760772,2.437799043062199,1.8899521531100483,-0.3349282296650724,0.11004784688995217,1,1
-0.4000000000000057,-0.19999999999998863,-0.1999999999999993,0.37000000000000455,-0.0020000000000000018,0.0,0.2848484848484849,5.418181818181818,-0.004021531100478537,1.5239234449760772,2.437799043062199,1.8899521531100483,-0.3349282296650724,0.11004784688995217,1,1
-0.4000000000000057,-0.19999999999998863,-0.1999999999999993,0.37000000000000455,-0.0020000000000000018,0.0,0.18571428571428572,0.004761904761904745,-0.004021531100478537,1.5239234449760772,2.437799043062199,1.8899521531100483,-0.3349282296650724,0.11004784688995217,1,0
-0.20000000000000284,-0.29999999999999716,0.10000000000000053,-4.849999999999994,0.0040000000000000036,3.0,0.06666666666666665,2.333333333333333,0.05757114624505927,-6.274703557312257,0.40118577075098827,-0.7233201581027675,-1.371541501976285,-0.059288537549407105,1,1
-0.20000000000000284,-0.29999999999999716,0.10000000000000053,-4.849999999999994,0.0040000000000000036,0.0,0.20000000000000007,6.466666666666666,0.05757114624505927,-6.274703557312257,0.40118577075098827,-0.7233201581027675,-1.371541501976285,-0.059288537549407105,1,1
-0.20000000000000284,-0.29999999999999716,0.10000000000000053,-4.849999999999994,0.0040000000000000036,0.0,0.06666666666666665,0.7333333333333334,0.05757114624505927,-6.274703557312257,0.40118577075098827,-0.7233201581027675,-1.371541501976285,-0.059288537549407105,1,0
3.0,-5.200000000000003,8.3,2.240000000000009,0.02399999999999991,-1169.0,0.21538461538461534,5.8,0.014730769230769214,-5.512820512820511,4.358974358974361,-1.0641025641025639,0.28205128205128194,0.20512820512820512,1,1
3.0,-5.200000000000003,8.3,2.240000000000009,0.02399999999999991,0.0,0.24285714285714283,5.438095238095238,0.014730769230769214,-5.512820512820511,4.358974358974361,-1.0641025641025639,0.28205128205128194,0.20512820512820512,1,0
3.0,-5.200000000000003,8.3,2.240000000000009,0.02399999999999991,0.0,0.0,-0.7999999999999999,0.014730769230769214,-5.512820512820511,4.358974358974361,-1.0641025641025639,0.28205128205128194,0.20512820512820512,1,1
1.7000000000000028,-2.299999999999997,4.0,4.6200000000000045,0.009000000000000008,0.0,0.06666666666666665,4.733333333333333,-0.015991452991453048,3.6538461538461533,6.5256410256410255,3.3803418803418808,-0.551282051282052,0.038461538461538436,1,1
1.7000000000000028,-2.299999999999997,4.0,4.6200000000000045,0.009000000000000008,0.0,0.06666666666666665,2.533333333333333,-0.015991452991453048,3.6538461538461533,6.5256410256410255,3.3803418803418808,-0.551282051282052,0.038461538461538436,1,1
1.7000000000000028,-2.299999999999997,4.0,4.6200000000000045,0.009000000000000008,0.0,0.0,1.0666666666666669,-0.015991452991453048,3.6538461538461533,6.5256410256410255,3.3803418803418808,-0.551282051282052,0.038461538461538436,1,1
1.7000000000000028,-2.299999999999997,4.0,4.6200000000000045,0.009000000000000008,0.0,-0.06666666666666665,-0.2,-0.015991452991453048,3.6538461538461533,6.5256410256410255,3.3803418803418808,-0.551282051282052,0.038461538461538436,1,0
0.5,-1.2999999999999972,1.7000000000000002,-0.010000000000005116,-0.018000000000000016,-319.0,-0.06666666666666665,-5.466666666666667,0.0032909090909090666,0.0,2.9454545454545453,-2.4363636363636374,-0.32727272727272716,0.3454545454545454,1,0
0.5,-1.2999999999999972,1.7000000000000002,-0.010000000000005116,-0.018000000000000016,0.0,-0.1333333333333333,-6.2,0.0032909090909090666,0.0,2.9454545454545453,-2.4363636363636374,-0.32727272727272716,0.3454545454545454,1,1
0.5,-1.2999999999999972,1.7000000000000002,-0.010000000000005116,-0.018000000000000016,0.0,0.1333333333333333,-0.33333333333333326,0.0032909090909090666,0.0,2.9454545454545453,-2.4363636363636374,-0.32727272727272716,0.3454545454545454,1,1
-2.299999999999997,-1.2000000000000028,-1.0999999999999996,0.09000000000000341,-0.031000000000000028,0.0,0.06666666666666665,0.1333333333333333,-0.006709090909090942,-4.75,-1.2045454545454533,0.8136363636363626,-0.5772727272727272,-0.25454545454545463,1,1
-2.299999999999997,-1.2000000000000028,-1.0999999999999996,0.09000000000000341,-0.031000000000000028,0.0,0.06666666666666665,-1.0,-0.006709090909090942,-4.75,-1.2045454545454533,0.8136363636363626,-0.5772727272727272,-0.25454545454545463,1,1
-2.299999999999997,-1.2000000000000028,-1.0999999999999996,0.09000000000000341,-0.031000000000000028,0.0,-0.06666666666666665,-5.666666666666666,-0.006709090909090942,-4.75,-1.2045454545454533,0.8136363636363626,-0.5772727272727272,-0.25454545454545463,1,0
2.200000000000003,5.299999999999997,-3.1999999999999997,1.2099999999999937,0.009000000000000008,0.0,0.06666666666666671,-2.999999999999999,0.006125000000000047,-9.9375,-4.1875,2.1875,0.25,-0.5625,1,0
2.200000000000003,5.299999999999997,-3.1999999999999997,1.2099999999999937,0.009000000000000008,0.0,0.0,-4.733333333333333,0.006125000000000047,-9.9375,-4.1875,2.1875,0.25,-0.5625,1,0
-3.3999999999999915,6.400000000000006,-9.7,-2.230000000000004,-0.031000000000000028,0.0,-0.39999999999999997,-18.133333333333333,0.0124285714285714,3.6785714285714306,-1.0,5.678571428571429,-2.928571428571429,-0.8571428571428571,1,0
-3.3999999999999915,6.400000000000006,-9.7,-2.230000000000004,-0.031000000000000028,0.0,-0.4666666666666666,-17.933333333333334,0.0124285714285714,3.6785714285714306,-1.0,5.678571428571429,-2.928571428571429,-0.8571428571428571,1,0
2.299999999999997,1.5999999999999943,0.7999999999999998,2.240000000000009,0.013000000000000012,0.0,-1.0,-29.0,0.029163636363636336,0.7454545454545496,-3.763636363636362,0.7454545454545443,-5.236363636363636,-0.3454545454545454,1,0
2.299999999999997,1.5999999999999943,0.7999999999999998,2.240000000000009,0.013000000000000012,0.0,-1.0,-23.333333333333332,0.029163636363636336,0.7454545454545496,-3.763636363636362,0.7454545454545443,-5.236363636363636,-0.3454545454545454,1,1
0.3999999999999915,4.099999999999994,-3.7,0.25,-0.008000000000000007,0.0,-0.3904761904761905,-13.714285714285714,0.08668181818181814,1.4696969696969688,3.378787878787879,3.378787878787879,-2.3181818181818183,0.12121212121212122,1,1
0.3999999999999915,4.099999999999994,-3.7,0.25,-0.008000000000000007,0.0,-0.2833333333333333,-11.108333333333334,0.08668181818181814,1.4696969696969688,3.378787878787879,3.378787878787879,-2.3181818181818183,0.12121212121212122,1,1
0.3999999999999915,4.099999999999994,-3.7,0.25,-0.008000000000000007,0.0,-0.06666666666666665,-6.633333333333333,0.08668181818181814,1.4696969696969688,3.378787878787879,3.378787878787879,-2.3181818181818183,0.12121212121212122,1,1
-5.900000000000006,4.0,-9.799999999999999,-3.1799999999999926,-0.04499999999999993,0.0,-0.34871794871794864,-15.579487179487177,-0.013193181818181798,4.428030303030297,-2.746212121212121,-1.037878787878789,-1.7765151515151514,-0.17045454545454547,1,1
-5.900000000000006,4.0,-9.799999999999999,-3.1799999999999926,-0.04499999999999993,0.0,-0.30476190476190473,-14.442857142857143,-0.013193181818181798,4.428030303030297,-2.746212121212121,-1.037878787878789,-1.7765151515151514,-0.17045454545454547,1,0
-5.3999999999999915,6.599999999999994,-12.0,-2.990000000000009,-0.03799999999999992,0.0,-0.19999999999999996,-6.933333333333334,-0.06276470588235289,-1.764705882352942,-12.485294117647058,1.1029411764705888,-1.4558823529411757,-0.9411764705882353,1,0
-5.3999999999999915,6.599999999999994,-12.0,-2.990000000000009,-0.03799999999999992,0.0,-0.26666666666666666,-6.4,-0.06276470588235289,-1.764705882352942,-12.485294117647058,1.1029411764705888,-1.4558823529411757,-0.9411764705882353,1,0
-0.09999999999999432,-1.7000000000000028,1.6,-4.3700000000000045,-0.02399999999999991,-730.0,0.3333333333333333,1.333333333333333,-0.03025,-2.055555555555557,-7.888888888888889,0.3888888888888893,0.13888888888888928,-0.5555555555555556,1,0
-0.09999999999999432,-1.7000000000000028,1.6,-4.3700000000000045,-0.02399999999999991,0.0,0.1333333333333333,0.5333333333333332,-0.03025,-2.055555555555557,-7.888888888888889,0.3888888888888893,0.13888888888888928,-0.5555555555555556,1,0
3.9000000000000057,3.0,0.8000000000000003,-3.4200000000000017,0.02299999999999991,6.0,-0.06666666666666665,-3.2,0.024849999999999983,1.9874999999999972,-2.8500000000000014,-2.6999999999999993,0.27500000000000036,0.3,1,1
3.9000000000000057,3.0,0.8000000000000003,-3.4200000000000017,0.02299999999999991,0.0,0.0,-1.5999999999999996,0.024849999999999983,1.9874999999999972,-2.8500000000000014,-2.6999999999999993,0.27500000000000036,0.3,1,1
3.9000000000000057,3.0,0.8000000000000003,-3.4200000000000017,0.02299999999999991,0.0,0.0,0.9333333333333327,0.024849999999999983,1.9874999999999972,-2.8500000000000014,-2.6999999999999993,0.27500000000000036,0.3,1,1
1.6000000000000085,1.4000000000000057,0.20000000000000018,1.4699999999999989,0.009999999999999898,0.0,-0.22222222222222227,-6.888888888888888,0.02703571428571433,-2.5267857142857153,-4.25,3.2857142857142865,1.1607142857142856,0.0,1,1
1.6000000000000085,1.4000000000000057,0.20000000000000018,1.4699999999999989,0.009999999999999898,0.0,-0.09999999999999998,-5.433333333333334,0.02703571428571433,-2.5267857142857153,-4.25,3.2857142857142865,1.1607142857142856,0.0,1,0
1.6000000000000085,1.4000000000000057,0.20000000000000018,1.4699999999999989,0.009999999999999898,0.0,-0.18333333333333335,-7.416666666666666,0.02703571428571433,-2.5267857142857153,-4.25,3.2857142857142865,1.1607142857142856,0.0,1,1
-1.2999999999999972,0.9000000000000057,-2.3,-1.7800000000000011,-0.028000000000000025,0.0,-0.19999999999999996,-9.0,-0.011113636363636326,1.8693181818181799,-8.65909090909091,-2.045454545454545,-0.5340909090909092,-0.13636363636363635,1,0
-1.2999999999999972,0.9000000000000057,-2.3,-1.7800000000000011,-0.028000000000000025,0.0,-0.19999999999999996,-8.4,-0.011113636363636326,1.8693181818181799,-8.65909090909091,-2.045454545454545,-0.5340909090909092,-0.13636363636363635,1,0
1.5,8.200000000000003,-6.699999999999999,-0.030000000000001137,-0.0030000000000000027,0.0,-0.033333333333333326,-11.4,0.030104761904761856,-1.2952380952380977,-7.81904761904762,1.5714285714285712,-0.6476190476190471,-0.5619047619047619,1,0
1.5,8.200000000000003,-6.699999999999999,-0.030000000000001137,-0.0030000000000000027,0.0,-0.2666666666666666,-12.8,0.030104761904761856,-1.2952380952380977,-7.81904761904762,1.5714285714285712,-0.6476190476190471,-0.5619047619047619,1,0
0.7999999999999972,3.799999999999997,-3.0,1.230000000000004,-0.01100000000000001,0.0,-0.2,-6.6000000000000005,0.030299999999999994,-1.9333333333333371,-2.0666666666666664,0.9666666666666668,-0.9333333333333327,-0.06666666666666671,1,0
0.7999999999999972,3.799999999999997,-3.0,1.230000000000004,-0.01100000000000001,0.0,-0.2,-6.866666666666667,0.030299999999999994,-1.9333333333333371,-2.0666666666666664,0.9666666666666668,-0.9333333333333327,-0.06666666666666671,1,1
0.7999999999999972,3.799999999999997,-3.0,1.230000000000004,-0.01100000000000001,0.0,-0.2,-5.066666666666666,0.030299999999999994,-1.9333333333333371,-2.0666666666666664,0.9666666666666668,-0.9333333333333327,-0.06666666666666671,1,0
-5.6000000000000085,3.0999999999999943,-8.8,0.9099999999999966,-0.025000000000000022,0.0,-0.06666666666666665,-1.5333333333333332,-0.08250000000000002,-5.899999999999999,-3.8500000000000014,-0.7249999999999996,-0.9000000000000004,-0.55,1,0
-5.6000000000000085,3.0999999999999943,-8.8,0.9099999999999966,-0.025000000000000022,0.0,-0.13333333333333336,-3.3333333333333335,-0.08250000000000002,-5.899999999999999,-3.8500000000000014,-0.7249999999999996,-0.9000000000000004,-0.55,1,0
3.5,2.5999999999999943,0.9000000000000001,-1.5500000000000114,0.008000000000000007,0.0,0.33333333333333337,0.20000000000000018,-0.03041758241758241,0.6373626373626351,-6.153846153846153,0.3076923076923084,0.4835164835164836,-0.032967032967033016,1,1
3.5,2.5999999999999943,0.9000000000000001,-1.5500000000000114,0.008000000000000007,0.0,-0.16666666666666663,-6.683333333333334,-0.03041758241758241,0.6373626373626351,-6.153846153846153,0.3076923076923084,0.4835164835164836,-0.032967032967033016,1,0
3.5,2.5999999999999943,0.9000000000000001,-1.5500000000000114,0.008000000000000007,0.0,-0.09999999999999998,-1.0333333333333332,-0.03041758241758241,0.6373626373626351,-6.153846153846153,0.3076923076923084,0.4835164835164836,-0.032967032967033016,1,0
-4.0,-3.299999999999997,-0.6000000000000005,-0.9500000000000028,-0.009999999999999898,0.0,0.0,-11.0,0.04935714285714282,1.7857142857142847,1.6428571428571423,-0.5714285714285712,-2.428571428571428,-0.07142857142857145,1,1
-4.0,-3.299999999999997,-0.6000000000000005,-0.9500000000000028,-0.009999999999999898,0.0,0.3333333333333333,10.666666666666666,0.04935714285714282,1.7857142857142847,1.6428571428571423,-0.5714285714285712,-2.428571428571428,-0.07142857142857145,1,0
-4.0,-3.299999999999997,-0.6000000000000005,-0.9500000000000028,-0.009999999999999898,0.0,0.19999999999999996,4.4,0.04935714285714282,1.7857142857142847,1.6428571428571423,-0.5714285714285712,-2.428571428571428,-0.07142857142857145,1,0
4.599999999999994,-8.899999999999991,13.5,0.5900000000000034,0.039999999999999925,13.0,-0.11688311688311687,1.7012987012987013,0.12919999999999993,-1.5,4.800000000000001,-4.699999999999999,1.3499999999999996,0.6,1,1
4.599999999999994,-8.899999999999991,13.5,0.5900000000000034,0.039999999999999925,0.0,0.0,8.208333333333334,0.12919999999999993,-1.5,4.800000000000001,-4.699999999999999,1.3499999999999996,0.6,1,1
-2.799999999999997,-6.599999999999994,3.6999999999999993,-3.0,-0.0010000000000000009,1.0,-0.1636363636363637,-9.927272727272726,0.09058888888888889,-7.444444444444443,0.8000000000000007,-3.144444444444444,1.3777777777777773,-0.011111111111111183,1,1
-2.799999999999997,-6.599999999999994,3.6999999999999993,-3.0,-0.0010000000000000009,0.0,0.0,0.4166666666666661,0.09058888888888889,-7.444444444444443,0.8000000000000007,-3.144444444444444,1.3777777777777773,-0.011111111111111183,1,0
-2.799999999999997,-6.599999999999994,3.6999999999999993,-3.0,-0.0010000000000000009,0.0,-0.06666666666666665,-0.3111111111111109,0.09058888888888889,-7.444444444444443,0.8000000000000007,-3.144444444444444,1.3777777777777773,-0.011111111111111183,1,0
3.299999999999997,-3.5999999999999943,6.9,2.019999999999996,0.028999999999999915,-18.0,0.1333333333333333,13.8,-0.034770833333333306,8.9375,2.479166666666668,1.4375,2.583333333333333,0.16666666666666669,1,1
3.299999999999997,-3.5999999999999943,6.9,2.019999999999996,0.028999999999999915,0.0,0.2,16.8,-0.034770833333333306,8.9375,2.479166666666668,1.4375,2.583333333333333,0.16666666666666669,1,1
3.299999999999997,-3.5999999999999943,6.9,2.019999999999996,0.028999999999999915,0.0,0.2,18.6,-0.034770833333333306,8.9375,2.479166666666668,1.4375,2.583333333333333,0.16666666666666669,1,1
-3.799999999999997,-5.5,1.7000000000000002,-5.689999999999998,-0.019000000000000017,-2.0,0.19999999999999996,13.4,0.022335227272727243,1.5284090909090935,1.7670454545454533,-1.1534090909090917,0.022727272727272485,-0.045454545454545414,1,0
-3.799999999999997,-5.5,1.7000000000000002,-5.689999999999998,-0.019000000000000017,0.0,0.06666666666666665,7.8,0.022335227272727243,1.5284090909090935,1.7670454545454533,-1.1534090909090917,0.022727272727272485,-0.045454545454545414,1,1
-3.799999999999997,-5.5,1.7000000000000002,-5.689999999999998,-0.019000000000000017,0.0,0.0,4.133333333333333,0.022335227272727243,1.5284090909090935,1.7670454545454533,-1.1534090909090917,0.022727272727272485,-0.045454545454545414,1,1
-4.5,-0.5,-4.0,-5.510000000000005,-0.03300000000000003,0.0,-0.19999999999999996,-6.0,-0.0367022058823529,-1.327205882352942,-6.922794117647058,-1.7095588235294112,-0.9558823529411757,-0.4411764705882353,1,0
-4.5,-0.5,-4.0,-5.510000000000005,-0.03300000000000003,0.0,-0.2666666666666667,-8.666666666666666,-0.0367022058823529,-1.327205882352942,-6.922794117647058,-1.7095588235294112,-0.9558823529411757,-0.4411764705882353,1,0
-5.700000000000003,-2.700000000000003,-2.9000000000000004,-4.6499999999999915,-0.05999999999999994,0.0,-0.5333333333333333,-16.53333333333333,-0.04778095238095237,-7.399999999999999,-7.0476190476190474,-1.9333333333333336,-0.2571428571428571,-0.5619047619047619,1,0
-5.700000000000003,-2.700000000000003,-2.9000000000000004,-4.6499999999999915,-0.05999999999999994,0.0,-0.5333333333333333,-17.333333333333332,-0.04778095238095237,-7.399999999999999,-7.0476190476190474,-1.9333333333333336,-0.2571428571428571,-0.5619047619047619,1,1
0.10000000000000853,2.5,-2.4,0.39000000000000057,0.013999999999999901,0.0,-0.16666666666666669,-7.333333333333333,0.011357142857142899,-2.5714285714285694,-2.8571428571428577,-1.2142857142857135,-1.1428571428571432,-0.07142857142857145,1,1
0.10000000000000853,2.5,-2.4,0.39000000000000057,0.013999999999999901,0.0,0.0,-3.4000000000000004,0.011357142857142899,-2.5714285714285694,-2.8571428571428577,-1.2142857142857135,-1.1428571428571432,-0.07142857142857145,1,0
0.10000000000000853,2.5,-2.4,0.39000000000000057,0.013999999999999901,0.0,-0.3333333333333333,-11.533333333333333,0.011357142857142899,-2.5714285714285694,-2.8571428571428577,-1.2142857142857135,-1.1428571428571432,-0.07142857142857145,1,1
5.6000000000000085,-3.0999999999999943,8.8,-0.9099999999999966,0.025000000000000022,768.0,0.06666666666666665,-1.333333333333334,0.08250000000000002,5.899999999999999,3.8500000000000014,0.7249999999999996,0.9000000000000004,0.55,1,1
5.6000000000000085,-3.0999999999999943,8.8,-0.9099999999999966,0.025000000000000022,0.0,0.1333333333333333,1.333333333333333,0.08250000000000002,5.899999999999999,3.8500000000000014,0.7249999999999996,0.9000000000000004,0.55,1,0
5.6000000000000085,-3.0999999999999943,8.8,-0.9099999999999966,0.025000000000000022,0.0,0.2,7.4,0.08250000000000002,5.899999999999999,3.8500000000000014,0.7249999999999996,0.9000000000000004,0.55,1,1
3.1000000000000085,-2.0999999999999943,5.300000000000001,-0.7800000000000011,0.0030000000000000027,2.0,-0.06666666666666665,-0.1333333333333333,0.04783333333333334,-0.8333333333333357,1.1388888888888893,-0.5416666666666661,2.2777777777777777,0.19444444444444442,1,0
3.1000000000000085,-2.0999999999999943,5.300000000000001,-0.7800000000000011,0.0030000000000000027,0.0,-0.06666666666666665,2.066666666666667,0.04783333333333334,-0.8333333333333357,1.1388888888888893,-0.5416666666666661,2.2777777777777777,0.19444444444444442,1,1
6.599999999999994,-1.1000000000000085,7.800000000000001,2.200000000000003,0.020999999999999908,0.0,0.8333333333333334,47.833333333333336,0.049211111111111094,11.944444444444443,-0.10000000000000142,2.2444444444444454,1.7222222222222223,0.41111111111111115,1,0
6.599999999999994,-1.1000000000000085,7.800000000000001,2.200000000000003,0.020999999999999908,0.0,0.5277777777777778,30.13888888888889,0.049211111111111094,11.944444444444443,-0.10000000000000142,2.2444444444444454,1.7222222222222223,0.41111111111111115,1,1
2.799999999999997,6.599999999999994,-3.6999999999999993,3.0,0.0010000000000000009,0.0,0.09890109890109888,-0.8131868131868139,-0.09058888888888889,7.444444444444443,-0.8000000000000007,3.144444444444444,-1.3777777777777773,0.011111111111111183,1,0
2.799999999999997,6.599999999999994,-3.6999999999999993,3.0,0.0010000000000000009,0.0,-0.017857142857142905,-2.0,-0.09058888888888889,7.444444444444443,-0.8000000000000007,3.144444444444444,-1.3777777777777773,0.011111111111111183,1,1
2.799999999999997,6.599999999999994,-3.6999999999999993,3.0,0.0010000000000000009,0.0,0.09999999999999998,-0.7999999999999989,-0.09058888888888889,7.444444444444443,-0.8000000000000007,3.144444444444444,-1.3777777777777773,0.011111111111111183,1,1
-1.4000000000000057,2.0,-3.1999999999999993,-2.6999999999999886,-0.028000000000000025,0.0,-0.10769230769230775,-6.779487179487179,-0.05376388888888889,3.736111111111107,-3.791666666666668,-0.13888888888888928,-0.23611111111111072,-0.01388888888888884,1,1
-1.4000000000000057,2.0,-3.1999999999999993,-2.6999999999999886,-0.028000000000000025,0.0,-0.01904761904761898,-1.8809523809523805,-0.05376388888888889,3.736111111111107,-3.791666666666668,-0.13888888888888928,-0.23611111111111072,-0.01388888888888884,1,1
-1.4000000000000057,2.0,-3.1999999999999993,-2.6999999999999886,-0.028000000000000025,0.0,0.0,-1.4666666666666668,-0.05376388888888889,3.736111111111107,-3.791666666666668,-0.13888888888888928,-0.23611111111111072,-0.01388888888888884,1,0
-6.199999999999989,-1.3000000000000114,-4.9,-2.3699999999999903,-0.04299999999999993,0.0,0.0,1.5333333333333332,0.0008727272727272473,0.6909090909090949,0.25454545454545396,-0.49090909090909207,0.6727272727272728,-0.3454545454545454,1,1
-6.199999999999989,-1.3000000000000114,-4.9,-2.3699999999999903,-0.04299999999999993,0.0,0.1333333333333333,5.333333333333334,0.0008727272727272473,0.6909090909090949,0.25454545454545396,-0.49090909090909207,0.6727272727272728,-0.3454545454545454,1,0
2.6999999999999886,3.4000000000000057,-0.7000000000000002,0.7600000000000051,-0.017999999999999905,13.0,0.10303030303030303,4.460606060606061,0.011484848484848487,-1.0,-3.9393939393939412,-1.4242424242424256,1.287878787878788,-0.12121212121212122,1,1
2.6999999999999886,3.4000000000000057,-0.7000000000000002,0.7600000000000051,-0.017999999999999905,0.0,0.13333333333333336,4.333333333333333,0.011484848484848487,-1.0,-3.9393939393939412,-1.4242424242424256,1.287878787878788,-0.12121212121212122,1,0
2.6999999999999886,3.4000000000000057,-0.7000000000000002,0.7600000000000051,-0.017999999999999905,0.0,-0.2,-3.2,0.011484848484848487,-1.0,-3.9393939393939412,-1.4242424242424256,1.287878787878788,-0.12121212121212122,1,1
-3.9000000000000057,-3.0,-0.8000000000000003,3.4200000000000017,-0.02299999999999991,0.0,0.0,-0.2666666666666666,-0.024849999999999983,-1.9874999999999972,2.8500000000000014,2.6999999999999993,-0.27500000000000036,-0.3,1,1
-3.9000000000000057,-3.0,-0.8000000000000003,3.4200000000000017,-0.02299999999999991,0.0,0.06666666666666665,1.0,-0.024849999999999983,-1.9874999999999972,2.8500000000000014,2.6999999999999993,-0.27500000000000036,-0.3,1,0
-2.4000000000000057,-1.7000000000000028,-0.6000000000000001,-4.6200000000000045,-0.0050000000000000044,0.0,-0.3333333333333333,-8.266666666666666,-0.02742857142857147,11.023809523809518,-3.4761904761904745,2.916666666666666,-3.7976190476190483,0.011904761904761862,1,1
-2.4000000000000057,-1.7000000000000028,-0.6000000000000001,-4.6200000000000045,-0.0050000000000000044,0.0,-0.26666666666666666,-8.333333333333332,-0.02742857142857147,11.023809523809518,-3.4761904761904745,2.916666666666666,-3.7976190476190483,0.011904761904761862,1,1
-2.4000000000000057,-1.7000000000000028,-0.6000000000000001,-4.6200000000000045,-0.0050000000000000044,0.0,-0.26666666666666666,-11.053333333333333,-0.02742857142857147,11.023809523809518,-3.4761904761904745,2.916666666666666,-3.7976190476190483,0.011904761904761862,1,1
1.7999999999999972,-0.9000000000000057,2.7,2.1499999999999915,0.017000000000000015,603.0,-0.13333333333333336,-5.2,0.08984999999999999,-4.0,3.6000000000000014,-6.85,-0.9500000000000002,0.6,1,1
1.7999999999999972,-0.9000000000000057,2.7,2.1499999999999915,0.017000000000000015,0.0,0.0,-3.666666666666667,0.08984999999999999,-4.0,3.6000000000000014,-6.85,-0.9500000000000002,0.6,1,1
1.2999999999999972,-3.9000000000000057,5.199999999999999,0.25,0.016000000000000014,4.0,0.0,-3.2666666666666666,-0.0004454545454545822,-1.5909090909090935,1.9636363636363647,-1.463636363636363,1.5272727272727273,0.009090909090909038,1,1
1.2999999999999972,-3.9000000000000057,5.199999999999999,0.25,0.016000000000000014,0.0,0.1333333333333333,1.6666666666666667,-0.0004454545454545822,-1.5909090909090935,1.9636363636363647,-1.463636363636363,1.5272727272727273,0.009090909090909038,1,0
1.2999999999999972,-3.9000000000000057,5.199999999999999,0.25,0.016000000000000014,0.0,0.1333333333333333,3.1333333333333337,-0.0004454545454545822,-1.5909090909090935,1.9636363636363647,-1.463636363636363,1.5272727272727273,0.009090909090909038,1,0
2.0,-6.0,7.999999999999999,-2.789999999999992,0.0050000000000000044,-386.0,0.19999999999999996,5.733333333333333,0.03638043478260866,-0.6847826086956488,2.4565217391304337,-6.684782608695652,4.989130434782609,0.6956521739130435,1,1
2.0,-6.0,7.999999999999999,-2.789999999999992,0.0050000000000000044,0.0,0.19999999999999996,11.666666666666668,0.03638043478260866,-0.6847826086956488,2.4565217391304337,-6.684782608695652,4.989130434782609,0.6956521739130435,1,1
0.29999999999999716,-8.5,8.899999999999999,0.23000000000000398,-0.01100000000000001,7.0,0.1333333333333333,11.8,-0.011226708074534186,-2.8633540372670794,0.31366459627329135,-3.29192546583851,3.167701863354038,0.19565217391304346,1,0
0.29999999999999716,-8.5,8.899999999999999,0.23000000000000398,-0.01100000000000001,0.0,0.1333333333333333,11.8,-0.011226708074534186,-2.8633540372670794,0.31366459627329135,-3.29192546583851,3.167701863354038,0.19565217391304346,1,1
0.29999999999999716,-8.5,8.899999999999999,0.23000000000000398,-0.01100000000000001,0.0,0.06666666666666665,12.933333333333334,-0.011226708074534186,-2.8633540372670794,0.31366459627329135,-3.29192546583851,3.167701863354038,0.19565217391304346,1,1
0.29999999999999716,-8.5,8.899999999999999,0.23000000000000398,-0.01100000000000001,0.0,0.06666666666666665,11.8,-0.011226708074534186,-2.8633540372670794,0.31366459627329135,-3.29192546583851,3.167701863354038,0.19565217391304346,1,1
3.5,-4.200000000000003,7.699999999999999,2.950000000000003,0.0050000000000000044,-4.0,0.0,5.8,-0.015069565217391334,1.3652173913043484,-1.2434782608695656,-2.901449275362319,3.4724637681159427,0.09565217391304348,1,1
3.5,-4.200000000000003,7.699999999999999,2.950000000000003,0.0050000000000000044,0.0,0.06666666666666665,9.333333333333332,-0.015069565217391334,1.3652173913043484,-1.2434782608695656,-2.901449275362319,3.4724637681159427,0.09565217391304348,1,1
3.5,-4.200000000000003,7.699999999999999,2.950000000000003,0.0050000000000000044,0.0,0.1333333333333333,6.266666666666667,-0.015069565217391334,1.3652173913043484,-1.2434782608695656,-2.901449275362319,3.4724637681159427,0.09565217391304348,1,1
3.799999999999997,-6.700000000000003,10.6,0.14000000000000057,-0.0010000000000000009,3.0,0.0,5.0,-0.04617391304347823,2.9565217391304373,-3.4782608695652186,-1.9565217391304355,2.695652173913045,0.04347826086956519,1,0
3.799999999999997,-6.700000000000003,10.6,0.14000000000000057,-0.0010000000000000009,0.0,-0.06666666666666665,4.133333333333333,-0.04617391304347823,2.9565217391304373,-3.4782608695652186,-1.9565217391304355,2.695652173913045,0.04347826086956519,1,1
3.799999999999997,-6.700000000000003,10.6,0.14000000000000057,-0.0010000000000000009,0.0,0.0,6.333333333333333,-0.04617391304347823,2.9565217391304373,-3.4782608695652186,-1.9565217391304355,2.695652173913045,0.04347826086956519,1,1
3.799999999999997,-6.700000000000003,10.6,0.14000000000000057,-0.0010000000000000009,0.0,0.06666666666666665,3.9333333333333336,-0.04617391304347823,2.9565217391304373,-3.4782608695652186,-1.9565217391304355,2.695652173913045,0.04347826086956519,1,1
3.3999999999999915,-6.400000000000006,9.7,2.230000000000004,0.031000000000000028,-420.0,0.2666666666666666,10.8,-0.0124285714285714,-3.6785714285714306,1.0,-5.678571428571429,2.928571428571429,0.8571428571428571,1,1
3.3999999999999915,-6.400000000000006,9.7,2.230000000000004,0.031000000000000028,0.0,0.2666666666666666,14.666666666666668,-0.0124285714285714,-3.6785714285714306,1.0,-5.678571428571429,2.928571428571429,0.8571428571428571,1,1
0.5999999999999943,-9.0,9.6,1.1500000000000057,-0.010000000000000009,4.0,0.33333333333333326,7.533333333333333,-0.0637619047619048,0.9047619047619051,1.6666666666666679,-5.5396825396825395,1.6507936507936511,0.4126984126984127,1,1
0.5999999999999943,-9.0,9.6,1.1500000000000057,-0.010000000000000009,0.0,0.33333333333333326,8.8,-0.0637619047619048,0.9047619047619051,1.6666666666666679,-5.5396825396825395,1.6507936507936511,0.4126984126984127,1,1
7.200000000000003,4.699999999999989,2.5,-0.8300000000000125,0.019000000000000017,0.0,-1.0,-14.0,-0.08514999999999995,-8.700000000000003,-3.6000000000000014,-1.75,0.40000000000000036,-0.6,1,0
5.5,2.5999999999999943,2.8000000000000003,-4.0,0.016000000000000014,0.0,-1.0,-23.2,-0.08216428571428575,1.0642857142857167,-2.442857142857143,-1.5214285714285705,-0.07142857142857117,0.07142857142857145,1,1
5.5,2.5999999999999943,2.8000000000000003,-4.0,0.016000000000000014,0.0,-0.25,-7.0,-0.08216428571428575,1.0642857142857167,-2.442857142857143,-1.5214285714285705,-0.07142857142857117,0.07142857142857145,1,1
5.5,2.5999999999999943,2.8000000000000003,-4.0,0.016000000000000014,0.0,-0.2,-9.6,-0.08216428571428575,1.0642857142857167,-2.442857142857143,-1.5214285714285705,-0.07142857142857117,0.07142857142857145,1,1
3.799999999999997,1.0999999999999943,2.7,-0.7900000000000063,0.007000000000000006,0.0,-0.20779220779220775,-14.857142857142858,-0.07280714285714285,-3.864285714285714,-0.6571428571428584,-0.1642857142857128,2.071428571428571,0.0,1,0
3.799999999999997,1.0999999999999943,2.7,-0.7900000000000063,0.007000000000000006,0.0,-0.2916666666666667,-14.5,-0.07280714285714285,-3.864285714285714,-0.6571428571428584,-0.1642857142857128,2.071428571428571,0.0,1,1
3.799999999999997,1.0999999999999943,2.7,-0.7900000000000063,0.007000000000000006,0.0,-0.1454545454545454,-10.824242424242424,-0.07280714285714285,-3.864285714285714,-0.6571428571428584,-0.1642857142857128,2.071428571428571,0.0,1,1
3.799999999999997,1.0999999999999943,2.7,-0.7900000000000063,0.007000000000000006,0.0,-0.07179487179487176,-9.26153846153846,-0.07280714285714285,-3.864285714285714,-0.6571428571428584,-0.1642857142857128,2.071428571428571,0.0,1,1
-0.9000000000000057,0.8999999999999915,-1.8999999999999995,-0.46999999999999886,-0.006000000000000005,0.0,-0.2666666666666667,-8.733333333333333,-0.09845000000000004,-2.9357142857142833,-5.538095238095238,0.47857142857142954,-0.26190476190476186,-0.26190476190476186,1,1
-0.9000000000000057,0.8999999999999915,-1.8999999999999995,-0.46999999999999886,-0.006000000000000005,0.0,-0.19999999999999996,-7.333333333333334,-0.09845000000000004,-2.9357142857142833,-5.538095238095238,0.47857142857142954,-0.26190476190476186,-0.26190476190476186,1,1
-0.9000000000000057,0.8999999999999915,-1.8999999999999995,-0.46999999999999886,-0.006000000000000005,0.0,-0.19999999999999996,-12.6,-0.09845000000000004,-2.9357142857142833,-5.538095238095238,0.47857142857142954,-0.26190476190476186,-0.26190476190476186,1,0
2.9000000000000057,-1.6000000000000085,4.5,0.4200000000000017,-0.0039999999999998925,-393.0,0.13333333333333336,6.466666666666668,-0.09336666666666665,1.2999999999999972,-1.5666666666666664,-1.0,-0.7666666666666657,0.06666666666666671,1,0
2.9000000000000057,-1.6000000000000085,4.5,0.4200000000000017,-0.0039999999999998925,0.0,0.038095238095238126,2.9714285714285715,-0.09336666666666665,1.2999999999999972,-1.5666666666666664,-1.0,-0.7666666666666657,0.06666666666666671,1,1
2.9000000000000057,-1.6000000000000085,4.5,0.4200000000000017,-0.0039999999999998925,0.0,0.06666666666666665,-1.4666666666666668,-0.09336666666666665,1.2999999999999972,-1.5666666666666664,-1.0,-0.7666666666666657,0.06666666666666671,1,1
-1.3999999999999915,-2.6000000000000085,1.1999999999999997,-1.3299999999999983,-0.018999999999999906,0.0,-0.33333333333333337,-14.133333333333333,-0.10097777777777783,-2.866666666666667,-2.4555555555555557,-0.7777777777777786,0.011111111111111072,-0.3222222222222222,1,0
-1.3999999999999915,-2.6000000000000085,1.1999999999999997,-1.3299999999999983,-0.018999999999999906,0.0,-0.4,-16.2,-0.10097777777777783,-2.866666666666667,-2.4555555555555557,-0.7777777777777786,0.011111111111111072,-0.3222222222222222,1,0
4.900000000000006,-2.4000000000000057,7.3,0.3499999999999943,0.014999999999999902,8.0,-0.06666666666666665,-7.666666666666667,0.009233333333333371,0.10000000000000142,-1.5333333333333314,1.3666666666666654,-2.133333333333333,0.06666666666666671,1,1
4.900000000000006,-2.4000000000000057,7.3,0.3499999999999943,0.014999999999999902,0.0,0.0,-5.4,0.009233333333333371,0.10000000000000142,-1.5333333333333314,1.3666666666666654,-2.133333333333333,0.06666666666666671,1,1
4.900000000000006,-2.4000000000000057,7.3,0.3499999999999943,0.014999999999999902,0.0,-0.06666666666666665,-5.6,0.009233333333333371,0.10000000000000142,-1.5333333333333314,1.3666666666666654,-2.133333333333333,0.06666666666666671,1,1
1.0,-5.799999999999997,6.7,-0.7000000000000028,-0.009000000000000008,2.0,0.06666666666666665,0.1333333333333333,0.0487636363636364,-1.2636363636363654,2.572727272727274,1.7454545454545443,-0.25454545454545396,-0.1454545454545454,1,0
1.0,-5.799999999999997,6.7,-0.7000000000000028,-0.009000000000000008,0.0,-0.06666666666666665,-0.5999999999999999,0.0487636363636364,-1.2636363636363654,2.572727272727274,1.7454545454545443,-0.25454545454545396,-0.1454545454545454,1,0
4.3999999999999915,-0.7999999999999972,5.2,1.8599999999999994,0.028999999999999915,0.0,-0.7333333333333334,-10.2,0.04004166666666664,-1.0666666666666629,3.541666666666668,-3.9000000000000004,1.4416666666666664,0.4666666666666666,1,1
4.3999999999999915,-0.7999999999999972,5.2,1.8599999999999994,0.028999999999999915,0.0,0.21666666666666667,13.383333333333333,0.04004166666666664,-1.0666666666666629,3.541666666666668,-3.9000000000000004,1.4416666666666664,0.4666666666666666,1,1
1.0,-2.200000000000003,3.1999999999999997,-2.0799999999999983,0.0050000000000000044,0.0,-0.06666666666666665,-4.4,0.013124999999999942,-6.166666666666664,-1.875,-4.25,1.708333333333333,0.08333333333333326,1,1
1.0,-2.200000000000003,3.1999999999999997,-2.0799999999999983,0.0050000000000000044,0.0,0.0,-1.4,0.013124999999999942,-6.166666666666664,-1.875,-4.25,1.708333333333333,0.08333333333333326,1,0
1.0,-2.200000000000003,3.1999999999999997,-2.0799999999999983,0.0050000000000000044,0.0,0.0,-2.1999999999999997,0.013124999999999942,-6.166666666666664,-1.875,-4.25,1.708333333333333,0.08333333333333326,1,1
1.0,-2.200000000000003,3.1999999999999997,-2.0799999999999983,0.0050000000000000044,0.0,-0.06666666666666665,-0.3999999999999999,0.013124999999999942,-6.166666666666664,-1.875,-4.25,1.708333333333333,0.08333333333333326,1,1
-0.9000000000000057,1.8999999999999915,-2.8,-3.059999999999988,-0.0040000000000000036,0.0,-0.2666666666666667,-8.933333333333334,0.005975000000000008,-9.599999999999994,-2.458333333333332,-0.9000000000000004,1.3749999999999991,0.0,1,1
-0.9000000000000057,1.8999999999999915,-2.8,-3.059999999999988,-0.0040000000000000036,0.0,-0.1333333333333333,-5.666666666666666,0.005975000000000008,-9.599999999999994,-2.458333333333332,-0.9000000000000004,1.3749999999999991,0.0,1,1
-0.9000000000000057,1.8999999999999915,-2.8,-3.059999999999988,-0.0040000000000000036,0.0,0.0,-3.8,0.005975000000000008,-9.599999999999994,-2.458333333333332,-0.9000000000000004,1.3749999999999991,0.0,1,1
-2.4000000000000057,-1.7999999999999972,-0.7000000000000002,-1.2299999999999898,-0.017000000000000015,-5.0,-0.06666666666666665,-1.666666666666666,-0.025321969696969704,-0.9848484848484844,-5.867424242424242,-3.045454545454545,0.6325757575757569,0.030303030303030276,1,1
-2.4000000000000057,-1.7999999999999972,-0.7000000000000002,-1.2299999999999898,-0.017000000000000015,0.0,-0.06666666666666665,-2.2,-0.025321969696969704,-0.9848484848484844,-5.867424242424242,-3.045454545454545,0.6325757575757569,0.030303030303030276,1,0
-2.4000000000000057,-1.7999999999999972,-0.7000000000000002,-1.2299999999999898,-0.017000000000000015,0.0,0.0,0.7333333333333334,-0.025321969696969704,-0.9848484848484844,-5.867424242424242,-3.045454545454545,0.6325757575757569,0.030303030303030276,1,0
2.0999999999999943,-4.5,6.6,-0.5100000000000051,0.019999999999999907,-51.0,0.3939393939393939,12.466666666666667,0.02056818181818182,0.38636363636363313,-0.9318181818181834,-2.045454545454545,2.090909090909091,0.6363636363636364,1,1
2.0999999999999943,-4.5,6.6,-0.5100000000000051,0.019999999999999907,0.0,0.41666666666666663,13.0,0.02056818181818182,0.38636363636363313,-0.9318181818181834,-2.045454545454545,2.090909090909091,0.6363636363636364,1,1
-2.0,-1.7999999999999972,-0.20000000000000018,1.269999999999996,0.0040000000000000036,0.0,0.20000000000000007,7.6,0.01958288770053479,-0.5989304812834249,2.1711229946524035,-0.7219251336898385,0.3850267379679142,0.048128342245989275,1,0
-2.0,-1.7999999999999972,-0.20000000000000018,1.269999999999996,0.0040000000000000036,0.0,0.13333333333333341,6.0,0.01958288770053479,-0.5989304812834249,2.1711229946524035,-0.7219251336898385,0.3850267379679142,0.048128342245989275,1,0
-2.0,-1.7999999999999972,-0.20000000000000018,1.269999999999996,0.0040000000000000036,0.0,0.1333333333333333,5.333333333333333,0.01958288770053479,-0.5989304812834249,2.1711229946524035,-0.7219251336898385,0.3850267379679142,0.048128342245989275,1,0
-2.0,-1.7999999999999972,-0.20000000000000018,1.269999999999996,0.0040000000000000036,0.0,0.1333333333333333,2.6,0.01958288770053479,-0.5989304812834249,2.1711229946524035,-0.7219251336898385,0.3850267379679142,0.048128342245989275,1,0
-0.9000000000000057,-0.29999999999999716,-0.5999999999999996,-0.0799999999999983,-0.03499999999999992,0.0,-0.06666666666666665,-7.199999999999999,-0.07308333333333333,-1.5,-1.0833333333333321,-4.5,0.5833333333333339,-0.16666666666666669,1,0
-0.9000000000000057,-0.29999999999999716,-0.5999999999999996,-0.0799999999999983,-0.03499999999999992,0.0,-0.1333333333333333,-7.8,-0.07308333333333333,-1.5,-1.0833333333333321,-4.5,0.5833333333333339,-0.16666666666666669,1,1
-0.9000000000000057,-0.29999999999999716,-0.5999999999999996,-0.0799999999999983,-0.03499999999999992,0.0,0.0,-4.466666666666666,-0.07308333333333333,-1.5,-1.0833333333333321,-4.5,0.5833333333333339,-0.16666666666666669,1,0
-3.299999999999997,-2.0,-1.1999999999999997,-1.480000000000004,-0.014000000000000012,0.0,-0.2,-15.133333333333333,0.022199999999999998,-2.0142857142857125,4.785714285714285,-0.8428571428571416,1.6428571428571423,-0.07142857142857145,1,1
-3.299999999999997,-2.0,-1.1999999999999997,-1.480000000000004,-0.014000000000000012,0.0,-0.06666666666666665,-9.4,0.022199999999999998,-2.0142857142857125,4.785714285714285,-0.8428571428571416,1.6428571428571423,-0.07142857142857145,1,1
-3.299999999999997,-2.0,-1.1999999999999997,-1.480000000000004,-0.014000000000000012,0.0,-0.1333333333333333,-10.733333333333334,0.022199999999999998,-2.0142857142857125,4.785714285714285,-0.8428571428571416,1.6428571428571423,-0.07142857142857145,1,1
-2.799999999999997,-2.799999999999997,-0.10000000000000053,-4.679999999999993,-0.01100000000000001,0.0,0.09999999999999998,-5.266666666666667,0.020961038961038958,1.3766233766233782,1.2987012987012996,-0.8961038961038952,1.0779220779220777,-0.0649350649350649,1,0
-2.799999999999997,-2.799999999999997,-0.10000000000000053,-4.679999999999993,-0.01100000000000001,0.0,-0.06666666666666671,-5.2,0.020961038961038958,1.3766233766233782,1.2987012987012996,-0.8961038961038952,1.0779220779220777,-0.0649350649350649,1,1
-2.799999999999997,-2.799999999999997,-0.10000000000000053,-4.679999999999993,-0.01100000000000001,0.0,0.26666666666666666,0.4666666666666667,0.020961038961038958,1.3766233766233782,1.2987012987012996,-0.8961038961038952,1.0779220779220777,-0.0649350649350649,1,0
-5.799999999999997,1.2999999999999972,-7.1000000000000005,-8.280000000000001,-0.03400000000000003,0.0,-0.28888888888888886,-8.733333333333333,-0.01694652406417113,-6.6737967914438485,-8.508021390374331,-2.828877005347593,-1.3422459893048124,-0.5775401069518716,1,0
-5.799999999999997,1.2999999999999972,-7.1000000000000005,-8.280000000000001,-0.03400000000000003,0.0,-0.33333333333333326,-9.933333333333334,-0.01694652406417113,-6.6737967914438485,-8.508021390374331,-2.828877005347593,-1.3422459893048124,-0.5775401069518716,1,0
-2.6999999999999886,-3.4000000000000057,0.7000000000000002,-0.7600000000000051,0.017999999999999905,0.0,-0.015384615384615385,-2.6769230769230767,-0.011484848484848487,1.0,3.9393939393939412,1.4242424242424256,-1.287878787878788,0.12121212121212122,1,1
-2.6999999999999886,-3.4000000000000057,0.7000000000000002,-0.7600000000000051,0.017999999999999905,0.0,0.09523809523809523,0.34285714285714297,-0.011484848484848487,1.0,3.9393939393939412,1.4242424242424256,-1.287878787878788,0.12121212121212122,1,1
-2.6999999999999886,-3.4000000000000057,0.7000000000000002,-0.7600000000000051,0.017999999999999905,0.0,0.06666666666666671,0.19999999999999973,-0.011484848484848487,1.0,3.9393939393939412,1.4242424242424256,-1.287878787878788,0.12121212121212122,1,1
-6.699999999999989,-2.700000000000003,-4.0,-1.4399999999999977,-0.026000000000000023,0.0,-0.1333333333333333,-3.8666666666666667,0.017475935828876965,2.0,1.4491978609625669,3.9732620320855627,-0.5721925133689831,-0.19251336898395727,1,0
-6.699999999999989,-2.700000000000003,-4.0,-1.4399999999999977,-0.026000000000000023,0.0,-0.19999999999999996,-6.666666666666666,0.017475935828876965,2.0,1.4491978609625669,3.9732620320855627,-0.5721925133689831,-0.19251336898395727,1,0
-4.6000000000000085,-4.799999999999997,0.20000000000000018,2.450000000000003,-0.009000000000000008,0.0,-0.3333333333333333,-11.333333333333332,-0.10501818181818179,4.290909090909096,4.727272727272727,0.054545454545454675,0.6545454545454543,-0.3454545454545454,1,0
-4.6000000000000085,-4.799999999999997,0.20000000000000018,2.450000000000003,-0.009000000000000008,0.0,-0.3333333333333333,-9.8,-0.10501818181818179,4.290909090909096,4.727272727272727,0.054545454545454675,0.6545454545454543,-0.3454545454545454,1,1
-0.7999999999999972,-1.1000000000000085,0.2999999999999998,1.5100000000000051,0.018000000000000016,0.0,-0.2,-6.333333333333333,0.046706766917293197,0.5112781954887282,-1.097744360902258,-2.067669172932332,-0.015037593984962072,-0.045112781954887216,1,1
-0.7999999999999972,-1.1000000000000085,0.2999999999999998,1.5100000000000051,0.018000000000000016,0.0,-0.13333333333333336,-1.9333333333333331,0.046706766917293197,0.5112781954887282,-1.097744360902258,-2.067669172932332,-0.015037593984962072,-0.045112781954887216,1,1
-0.7999999999999972,-1.1000000000000085,0.2999999999999998,1.5100000000000051,0.018000000000000016,0.0,-0.13333333333333336,-2.533333333333333,0.046706766917293197,0.5112781954887282,-1.097744360902258,-2.067669172932332,-0.015037593984962072,-0.045112781954887216,1,0
4.799999999999997,-3.0,7.8,-1.3999999999999915,0.03699999999999992,-1223.0,0.0,7.0,0.08681818181818185,1.163636363636364,-2.3636363636363633,2.0545454545454547,-2.8181818181818183,0.3454545454545454,1,0
4.799999999999997,-3.0,7.8,-1.3999999999999915,0.03699999999999992,0.0,0.0,8.466666666666665,0.08681818181818185,1.163636363636364,-2.3636363636363633,2.0545454545454547,-2.8181818181818183,0.3454545454545454,1,1
4.799999999999997,-3.0,7.8,-1.3999999999999915,0.03699999999999992,0.0,0.26666666666666666,14.200000000000001,0.08681818181818185,1.163636363636364,-2.3636363636363633,2.0545454545454547,-2.8181818181818183,0.3454545454545454,1,1
-0.20000000000000284,-3.0999999999999943,2.9000000000000004,1.740000000000009,-0.0020000000000000018,4.0,0.0,1.6666666666666665,0.041660287081339675,1.2057416267942642,-1.1531100478468908,2.98086124401914,-1.607655502392345,0.019138755980861233,1,1
-0.20000000000000284,-3.0999999999999943,2.9000000000000004,1.740000000000009,-0.0020000000000000018,0.0,0.1333333333333333,3.2,0.041660287081339675,1.2057416267942642,-1.1531100478468908,2.98086124401914,-1.607655502392345,0.019138755980861233,1,1
-0.20000000000000284,-3.0999999999999943,2.9000000000000004,1.740000000000009,-0.0020000000000000018,0.0,0.1333333333333333,0.06666666666666687,0.041660287081339675,1.2057416267942642,-1.1531100478468908,2.98086124401914,-1.607655502392345,0.019138755980861233,1,0
3.700000000000003,0.9000000000000057,2.7,1.8599999999999994,0.017000000000000015,0.0,0.06666666666666665,4.733333333333333,-0.10138888888888892,8.333333333333336,-2.0,2.277777777777777,-3.166666666666667,-0.16666666666666669,1,0
3.700000000000003,0.9000000000000057,2.7,1.8599999999999994,0.017000000000000015,0.0,0.0,3.9333333333333336,-0.10138888888888892,8.333333333333336,-2.0,2.277777777777777,-3.166666666666667,-0.16666666666666669,1,1
3.700000000000003,0.9000000000000057,2.7,1.8599999999999994,0.017000000000000015,0.0,0.06666666666666665,1.4,-0.10138888888888892,8.333333333333336,-2.0,2.277777777777777,-3.166666666666667,-0.16666666666666669,1,0
-2.299999999999997,-1.5999999999999943,-0.7999999999999998,-2.240000000000009,-0.013000000000000012,0.0,1.0,28.0,-0.029163636363636336,-0.7454545454545496,3.763636363636362,-0.7454545454545443,5.236363636363636,0.3454545454545454,1,1
-2.299999999999997,-1.5999999999999943,-0.7999999999999998,-2.240000000000009,-0.013000000000000012,0.0,0.5,14.0,-0.029163636363636336,-0.7454545454545496,3.763636363636362,-0.7454545454545443,5.236363636363636,0.3454545454545454,1,1
-5.6000000000000085,0.7999999999999972,-6.4,-6.460000000000008,-0.039999999999999925,0.0,-0.11904761904761907,-2.9523809523809526,-0.05764935064935062,-2.164502164502167,-4.160173160173162,-3.6883116883116873,0.6363636363636367,-0.21645021645021645,1,1
-5.6000000000000085,0.7999999999999972,-6.4,-6.460000000000008,-0.039999999999999925,0.0,0.0357142857142857,0.2142857142857144,-0.05764935064935062,-2.164502164502167,-4.160173160173162,-3.6883116883116873,0.6363636363636367,-0.21645021645021645,1,0
-5.6000000000000085,0.7999999999999972,-6.4,-6.460000000000008,-0.039999999999999925,0.0,-0.1777777777777778,-7.544444444444444,-0.05764935064935062,-2.164502164502167,-4.160173160173162,-3.6883116883116873,0.6363636363636367,-0.21645021645021645,1,0
-4.599999999999994,8.899999999999991,-13.5,-0.5900000000000034,-0.039999999999999925,0.0,-0.09401709401709402,-12.316239316239315,-0.12919999999999993,1.5,-4.800000000000001,4.699999999999999,-1.3499999999999996,-0.6,1,0
-4.599999999999994,8.899999999999991,-13.5,-0.5900000000000034,-0.039999999999999925,0.0,-0.17142857142857143,-12.785714285714285,-0.12919999999999993,1.5,-4.800000000000001,4.699999999999999,-1.3499999999999996,-0.6,1,0
-3.299999999999997,3.5999999999999943,-6.9,-2.019999999999996,-0.028999999999999915,0.0,-0.3333333333333333,-20.266666666666666,0.034770833333333306,-8.9375,-2.479166666666668,-1.4375,-2.583333333333333,-0.16666666666666669,1,1
-3.299999999999997,3.5999999999999943,-6.9,-2.019999999999996,-0.028999999999999915,0.0,-0.26666666666666666,-18.933333333333334,0.034770833333333306,-8.9375,-2.479166666666668,-1.4375,-2.583333333333333,-0.16666666666666669,1,1
-3.299999999999997,3.5999999999999943,-6.9,-2.019999999999996,-0.028999999999999915,0.0,-0.3333333333333333,-20.866666666666667,0.034770833333333306,-8.9375,-2.479166666666668,-1.4375,-2.583333333333333,-0.16666666666666669,1,0
-4.799999999999997,3.0,-7.8,1.3999999999999915,-0.03699999999999992,0.0,-0.1333333333333333,-11.6,-0.08681818181818185,-1.163636363636364,2.3636363636363633,-2.0545454545454547,2.8181818181818183,-0.3454545454545454,1,0
-4.799999999999997,3.0,-7.8,1.3999999999999915,-0.03699999999999992,0.0,-0.2,-12.466666666666667,-0.08681818181818185,-1.163636363636364,2.3636363636363633,-2.0545454545454547,2.8181818181818183,-0.3454545454545454,1,0
0.5,-2.0999999999999943,2.5999999999999996,-0.9500000000000028,-0.019999999999999907,-1134.0,0.0,-3.1999999999999993,-0.02675000000000005,5.833333333333336,2.3333333333333357,-3.916666666666666,1.0,0.16666666666666669,1,0
0.5,-2.0999999999999943,2.5999999999999996,-0.9500000000000028,-0.019999999999999907,0.0,-0.1333333333333333,-5.5666666666666655,-0.02675000000000005,5.833333333333336,2.3333333333333357,-3.916666666666666,1.0,0.16666666666666669,1,1
0.5,-2.0999999999999943,2.5999999999999996,-0.9500000000000028,-0.019999999999999907,0.0,0.0,2.844444444444445,-0.02675000000000005,5.833333333333336,2.3333333333333357,-3.916666666666666,1.0,0.16666666666666669,1,1
2.200000000000003,2.3000000000000114,-0.20000000000000018,1.7800000000000011,-0.028999999999999915,-2.0,-0.19999999999999996,-4.0,-0.014734848484848462,1.9242424242424292,-1.8333333333333321,-0.8560606060606073,1.4393939393939386,-0.2272727272727273,1,0
2.200000000000003,2.3000000000000114,-0.20000000000000018,1.7800000000000011,-0.028999999999999915,0.0,-0.2666666666666666,-3.4000000000000004,-0.014734848484848462,1.9242424242424292,-1.8333333333333321,-0.8560606060606073,1.4393939393939386,-0.2272727272727273,1,1
2.200000000000003,2.3000000000000114,-0.20000000000000018,1.7800000000000011,-0.028999999999999915,0.0,-0.19999999999999996,-4.866666666666667,-0.014734848484848462,1.9242424242424292,-1.8333333333333321,-0.8560606060606073,1.4393939393939386,-0.2272727272727273,1,1
0.7999999999999972,-2.5,3.3,-0.4200000000000017,-0.01200000000000001,-344.0,-0.1333333333333333,-0.4,-0.023666666666666725,1.875,-1.6041666666666679,1.75,-0.14583333333333304,-0.16666666666666669,1,0
0.7999999999999972,-2.5,3.3,-0.4200000000000017,-0.01200000000000001,0.0,-0.19999999999999996,-2.4,-0.023666666666666725,1.875,-1.6041666666666679,1.75,-0.14583333333333304,-0.16666666666666669,1,1
0.7999999999999972,-2.5,3.3,-0.4200000000000017,-0.01200000000000001,0.0,-0.06666666666666665,1.4666666666666666,-0.023666666666666725,1.875,-1.6041666666666679,1.75,-0.14583333333333304,-0.16666666666666669,1,1
-2.0,6.0,-7.999999999999999,2.789999999999992,-0.0050000000000000044,0.0,-0.26666666666666666,-14.133333333333333,-0.03638043478260866,0.6847826086956488,-2.4565217391304337,6.684782608695652,-4.989130434782609,-0.6956521739130435,1,0
-2.0,6.0,-7.999999999999999,2.789999999999992,-0.0050000000000000044,0.0,-0.39999999999999997,-17.733333333333334,-0.03638043478260866,0.6847826086956488,-2.4565217391304337,6.684782608695652,-4.989130434782609,-0.6956521739130435,1,0
-7.200000000000003,-4.699999999999989,-2.5,0.8300000000000125,-0.019000000000000017,0.0,1.0,18.0,0.08514999999999995,8.700000000000003,3.6000000000000014,1.75,-0.40000000000000036,0.6,1,1
-7.200000000000003,-4.699999999999989,-2.5,0.8300000000000125,-0.019000000000000017,0.0,1.0,16.666666666666668,0.08514999999999995,8.700000000000003,3.6000000000000014,1.75,-0.40000000000000036,0.6,1,1
-5.200000000000003,0.10000000000000853,-5.300000000000001,-0.36999999999999034,-0.028999999999999915,0.0,0.20833333333333337,2.291666666666667,0.07902499999999996,3.512500000000003,-0.7124999999999986,1.375,-1.4000000000000004,0.09999999999999998,1,1
-5.200000000000003,0.10000000000000853,-5.300000000000001,-0.36999999999999034,-0.028999999999999915,0.0,0.3015873015873015,2.3015873015873014,0.07902499999999996,3.512500000000003,-0.7124999999999986,1.375,-1.4000000000000004,0.09999999999999998,1,0
-5.200000000000003,0.10000000000000853,-5.300000000000001,-0.36999999999999034,-0.028999999999999915,0.0,0.030303030303030276,0.3939393939393945,0.07902499999999996,3.512500000000003,-0.7124999999999986,1.375,-1.4000000000000004,0.09999999999999998,1,0
5.900000000000006,3.5999999999999943,2.4,0.1799999999999926,0.02299999999999991,359.0,0.26666666666666666,7.9,0.02110256410256406,-1.3333333333333357,0.4358974358974379,-2.4230769230769234,1.9230769230769234,0.20512820512820512,1,1
5.900000000000006,3.5999999999999943,2.4,0.1799999999999926,0.02299999999999991,0.0,0.3696969696969697,8.848484848484848,0.02110256410256406,-1.3333333333333357,0.4358974358974379,-2.4230769230769234,1.9230769230769234,0.20512820512820512,1,1
5.900000000000006,3.5999999999999943,2.4,0.1799999999999926,0.02299999999999991,0.0,0.17142857142857137,3.6571428571428575,0.02110256410256406,-1.3333333333333357,0.4358974358974379,-2.4230769230769234,1.9230769230769234,0.20512820512820512,1,1
-0.19999999999998863,0.7999999999999972,-0.9000000000000001,0.730000000000004,-0.0030000000000000027,0.0,-0.06666666666666665,-1.0666666666666667,-0.049064102564102596,5.055555555555557,-4.175213675213673,0.07692307692307665,0.20085470085470103,0.038461538461538436,1,1
-0.19999999999998863,0.7999999999999972,-0.9000000000000001,0.730000000000004,-0.0030000000000000027,0.0,-0.06666666666666665,-0.06666666666666665,-0.049064102564102596,5.055555555555557,-4.175213675213673,0.07692307692307665,0.20085470085470103,0.038461538461538436,1,1
-0.19999999999998863,0.7999999999999972,-0.9000000000000001,0.730000000000004,-0.0030000000000000027,0.0,-0.1333333333333333,-1.0,-0.049064102564102596,5.055555555555557,-4.175213675213673,0.07692307692307665,0.20085470085470103,0.038461538461538436,1,1
-4.900000000000006,2.4000000000000057,-7.3,-0.3499999999999943,-0.014999999999999902,0.0,0.0,5.133333333333334,-0.009233333333333371,-0.10000000000000142,1.5333333333333314,-1.3666666666666654,2.133333333333333,-0.06666666666666671,1,1
-4.900000000000006,2.4000000000000057,-7.3,-0.3499999999999943,-0.014999999999999902,0.0,0.06666666666666665,7.6,-0.009233333333333371,-0.10000000000000142,1.5333333333333314,-1.3666666666666654,2.133333333333333,-0.06666666666666671,1,1
-4.900000000000006,2.4000000000000057,-7.3,-0.3499999999999943,-0.014999999999999902,0.0,0.0,3.7333333333333334,-0.009233333333333371,-0.10000000000000142,1.5333333333333314,-1.3666666666666654,2.133333333333333,-0.06666666666666671,1,0
-1.7999999999999972,5.299999999999997,-7.1,4.549999999999997,-0.010000000000000009,0.0,-0.13333333333333336,-2.8666666666666667,-0.09799999999999998,-1.2666666666666657,-2.5166666666666693,0.5500000000000007,-3.2,-0.38333333333333336,1,0
-1.7999999999999972,5.299999999999997,-7.1,4.549999999999997,-0.010000000000000009,0.0,-0.13333333333333336,-5.666666666666666,-0.09799999999999998,-1.2666666666666657,-2.5166666666666693,0.5500000000000007,-3.2,-0.38333333333333336,1,1
-4.900000000000006,1.0,-6.0,1.9300000000000068,-0.03600000000000003,0.0,-0.7333333333333333,-15.0,-0.038500000000000034,-5.535714285714285,0.5119047619047628,-2.071428571428571,-2.511904761904762,-0.7619047619047619,1,0
-4.900000000000006,1.0,-6.0,1.9300000000000068,-0.03600000000000003,0.0,-0.7333333333333333,-15.2,-0.038500000000000034,-5.535714285714285,0.5119047619047628,-2.071428571428571,-2.511904761904762,-0.7619047619047619,1,0
-5.099999999999994,3.799999999999997,-8.9,-5.689999999999998,-0.038999999999999924,0.0,-0.4666666666666667,-18.2,-0.00881666666666664,-9.68333333333333,-2.0,-2.4000000000000004,0.583333333333333,-0.6666666666666666,1,0
-5.099999999999994,3.799999999999997,-8.9,-5.689999999999998,-0.038999999999999924,0.0,-0.4666666666666667,-18.476190476190474,-0.00881666666666664,-9.68333333333333,-2.0,-2.4000000000000004,0.583333333333333,-0.6666666666666666,1,0
-2.700000000000003,-0.7999999999999972,-1.9,2.6299999999999955,-0.009000000000000008,0.0,-0.43333333333333335,-11.933333333333334,-0.029722222222222205,1.2222222222222214,0.16666666666666785,2.4444444444444446,-0.7222222222222223,-0.22222222222222227,1,0
-2.700000000000003,-0.7999999999999972,-1.9,2.6299999999999955,-0.009000000000000008,0.0,-0.4424242424242424,-10.563636363636363,-0.029722222222222205,1.2222222222222214,0.16666666666666785,2.4444444444444446,-0.7222222222222223,-0.22222222222222227,1,0
-2.700000000000003,-0.7999999999999972,-1.9,2.6299999999999955,-0.009000000000000008,0.0,-0.37948717948717947,-8.907692307692308,-0.029722222222222205,1.2222222222222214,0.16666666666666785,2.4444444444444446,-0.7222222222222223,-0.22222222222222227,1,0
3.0999999999999943,-4.699999999999989,7.800000000000001,-0.6800000000000068,0.007000000000000006,-2.0,-0.12380952380952381,-4.71904761904762,0.024228571428571433,4.028571428571432,1.7428571428571438,1.6571428571428584,-1.6857142857142868,0.17142857142857143,1,0
3.0999999999999943,-4.699999999999989,7.800000000000001,-0.6800000000000068,0.007000000000000006,0.0,-0.19999999999999998,-6.466666666666667,0.024228571428571433,4.028571428571432,1.7428571428571438,1.6571428571428584,-1.6857142857142868,0.17142857142857143,1,1
3.0999999999999943,-4.699999999999989,7.800000000000001,-0.6800000000000068,0.007000000000000006,0.0,-0.26666666666666666,-7.066666666666667,0.024228571428571433,4.028571428571432,1.7428571428571438,1.6571428571428584,-1.6857142857142868,0.17142857142857143,1,1
3.0999999999999943,-4.699999999999989,7.800000000000001,-0.6800000000000068,0.007000000000000006,0.0,-0.06666666666666671,0.06666666666666687,0.024228571428571433,4.028571428571432,1.7428571428571438,1.6571428571428584,-1.6857142857142868,0.17142857142857143,1,1
-1.0,-5.199999999999989,4.300000000000001,-0.8200000000000074,-0.01200000000000001,0.0,-0.1333333333333333,-7.333333333333334,0.01100000000000001,3.3000000000000043,0.10000000000000142,-0.8999999999999986,1.0999999999999996,0.09999999999999998,1,1
-1.0,-5.199999999999989,4.300000000000001,-0.8200000000000074,-0.01200000000000001,0.0,0.0,-4.333333333333334,0.01100000000000001,3.3000000000000043,0.10000000000000142,-0.8999999999999986,1.0999999999999996,0.09999999999999998,1,1
0.9000000000000057,0.0,1.0000000000000002,2.0999999999999943,0.0,0.0,-1.0,-44.0,-0.07664285714285712,-7.357142857142861,-2.7857142857142865,-3.928571428571427,0.2857142857142856,-0.07142857142857145,1,1
0.9000000000000057,0.0,1.0000000000000002,2.0999999999999943,0.0,0.0,-0.3333333333333333,-18.666666666666668,-0.07664285714285712,-7.357142857142861,-2.7857142857142865,-3.928571428571427,0.2857142857142856,-0.07142857142857145,1,1
0.9000000000000057,0.0,1.0000000000000002,2.0999999999999943,0.0,0.0,0.19999999999999996,-8.8,-0.07664285714285712,-7.357142857142861,-2.7857142857142865,-3.928571428571427,0.2857142857142856,-0.07142857142857145,1,0
