pts_diff,fg_diff,fg3_diff,reb_diff,ast_diff,tov_diff,stl_diff,pm_diff,rest_diff,win_pct_diff,def_diff,home_court,home_win,SEASON_ID_home,TEAM_ABBREVIATION_home,TEAM_ABBREVIATION_away,predicted,correct,prob
-4.285714285714292,-0.03460238095238094,-0.03563571428571427,1.480952380952381,-6.5238095238095255,-2.442857142857143,-1.7000000000000002,-3.8095238095238093,0.0,-0.06190476190476191,4.285714285714292,1,0,42014,CLE,GSW,0,1,0.3838580964257571
4.285714285714292,0.03460238095238094,0.03563571428571427,-1.480952380952381,6.5238095238095255,2.442857142857143,1.7000000000000002,3.8095238095238093,0.0,0.06190476190476191,-4.285714285714292,1,1,42014,GSW,CLE,1,1,0.6193646275057947
-4.285714285714292,-0.03460238095238094,-0.03563571428571427,1.480952380952381,-6.5238095238095255,-2.442857142857143,-1.7000000000000002,-3.8095238095238093,0.0,-0.06190476190476191,4.285714285714292,1,0,42014,CLE,GSW,0,1,0.3838580964257571
-4.285714285714292,-0.03460238095238094,-0.03563571428571427,1.480952380952381,-6.5238095238095255,-2.442857142857143,-1.7000000000000002,-3.8095238095238093,0.0,-0.06190476190476191,4.285714285714292,1,1,42014,CLE,GSW,0,0,0.3838580964257571
4.285714285714292,0.03460238095238094,0.03563571428571427,-1.480952380952381,6.5238095238095255,2.442857142857143,1.7000000000000002,3.8095238095238093,0.0,0.06190476190476191,-4.285714285714292,1,0,42014,GSW,CLE,1,0,0.6193646275057947
4.285714285714292,0.03460238095238094,0.03563571428571427,-1.480952380952381,6.5238095238095255,2.442857142857143,1.7000000000000002,3.8095238095238093,0.0,0.06190476190476191,-4.285714285714292,1,1,42014,GSW,CLE,1,1,0.6193646275057947
-4.890756302520998,0.007364145658263321,0.033050420168067196,-0.08683473389355356,2.6414565826330545,-0.6218487394957997,-0.35294117647058876,10.280112044817926,-11.0,0.2324929971988795,4.890756302520998,1,1,42014,GSW,HOU,1,1,0.7622049635473306
1.0,-0.0113375,0.02427499999999999,3.4125000000000014,-5.8125,-0.4250000000000007,-2.2,4.1875,-12.0,0.19999999999999996,-1.0,1,1,42014,CLE,ATL,1,1,0.6876256706578264
4.890756302520998,-0.007364145658263321,-0.033050420168067196,0.08683473389355356,-2.6414565826330545,0.6218487394957997,0.35294117647058876,-10.280112044817926,0.0,-0.2324929971988795,-4.890756302520998,1,1,42014,HOU,GSW,0,0,0.24127702188918415
1.0,-0.0113375,0.02427499999999999,3.4125000000000014,-5.8125,-0.4250000000000007,-2.2,4.1875,0.0,0.19999999999999996,-1.0,1,1,42014,CLE,ATL,1,1,0.6863430772490996
4.890756302520998,-0.007364145658263321,-0.033050420168067196,0.08683473389355356,-2.6414565826330545,0.6218487394957997,0.35294117647058876,-10.280112044817926,0.0,-0.2324929971988795,-4.890756302520998,1,0,42014,HOU,GSW,0,1,0.24127702188918415
-1.0,0.0113375,-0.02427499999999999,-3.4125000000000014,5.8125,0.4250000000000007,2.2,-4.1875,0.0,-0.19999999999999996,1.0,1,0,42014,ATL,CLE,0,1,0.31660243962250645
-4.890756302520998,0.007364145658263321,0.033050420168067196,-0.08683473389355356,2.6414565826330545,-0.6218487394957997,-0.35294117647058876,10.280112044817926,0.0,0.2324929971988795,4.890756302520998,1,1,42014,GSW,HOU,1,1,0.7612125685882782
-1.0,0.0113375,-0.02427499999999999,-3.4125000000000014,5.8125,0.4250000000000007,2.2,-4.1875,0.0,-0.19999999999999996,1.0,1,0,42014,ATL,CLE,0,1,0.31660243962250645
-4.890756302520998,0.007364145658263321,0.033050420168067196,-0.08683473389355356,2.6414565826330545,-0.6218487394957997,-0.35294117647058876,10.280112044817926,0.0,0.2324929971988795,4.890756302520998,1,1,42014,GSW,HOU,1,1,0.7612125685882782
0.39075630252099813,-0.020340336134453796,0.021021008403361408,1.063025210084028,-0.617647058823529,2.336134453781513,-0.21848739495798242,-3.827731092436975,-5.0,0.02941176470588236,-0.39075630252099813,1,1,42014,HOU,LAC,1,1,0.5457893410283379
3.0999999999999943,0.01441250000000005,0.07902500000000001,3.512500000000003,-0.7124999999999986,1.375,-1.4000000000000004,4.0875,8.0,0.09999999999999998,-3.0999999999999943,1,0,42014,WAS,ATL,1,0,0.6069261314803062
-8.558441558441558,-0.02867965367965364,-0.05764935064935062,-2.164502164502167,-4.160173160173162,-3.6883116883116873,0.6363636363636367,-9.082251082251082,7.0,-0.21645021645021645,8.558441558441558,1,0,42014,MEM,GSW,0,1,0.24719452354849417
-0.39075630252099813,0.020340336134453796,-0.021021008403361408,-1.063025210084028,0.617647058823529,-2.336134453781513,0.21848739495798242,3.827731092436975,0.0,-0.02941176470588236,0.39075630252099813,1,0,42014,LAC,HOU,0,1,0.45821298691852147
-3.0,-9.999999999998899e-05,0.03384999999999999,-1.6833333333333371,4.166666666666668,0.8000000000000007,0.8666666666666671,-0.5833333333333335,9.0,-0.19999999999999996,3.0,1,0,42014,CHI,CLE,0,1,0.3126880829990161
-3.0999999999999943,-0.01441250000000005,-0.07902500000000001,-3.512500000000003,0.7124999999999986,-1.375,1.4000000000000004,-4.0875,0.0,-0.09999999999999998,3.0999999999999943,1,1,42014,ATL,WAS,0,0,0.39538355127240354
8.558441558441558,0.02867965367965364,0.05764935064935062,2.164502164502167,4.160173160173162,3.6883116883116873,-0.6363636363636367,9.082251082251082,0.0,0.21645021645021645,-8.558441558441558,1,1,42014,GSW,MEM,1,1,0.7546928769995136
3.0,9.999999999998899e-05,-0.03384999999999999,1.6833333333333371,-4.166666666666668,-0.8000000000000007,-0.8666666666666671,0.5833333333333335,0.0,0.19999999999999996,-3.0,1,1,42014,CLE,CHI,1,1,0.6892802538444128
0.39075630252099813,-0.020340336134453796,0.021021008403361408,1.063025210084028,-0.617647058823529,2.336134453781513,-0.21848739495798242,-3.827731092436975,0.0,0.02941176470588236,-0.39075630252099813,1,1,42014,HOU,LAC,1,1,0.5451731761868862
-8.558441558441558,-0.02867965367965364,-0.05764935064935062,-2.164502164502167,-4.160173160173162,-3.6883116883116873,0.6363636363636367,-9.082251082251082,0.0,-0.21645021645021645,8.558441558441558,1,0,42014,MEM,GSW,0,1,0.24784255595208352
3.0999999999999943,0.01441250000000005,0.07902500000000001,3.512500000000003,-0.7124999999999986,1.375,-1.4000000000000004,4.0875,0.0,0.09999999999999998,-3.0999999999999943,1,0,42014,WAS,ATL,1,0,0.6078743537469361
-0.39075630252099813,0.020340336134453796,-0.021021008403361408,-1.063025210084028,0.617647058823529,-2.336134453781513,0.21848739495798242,3.827731092436975,0.0,-0.02941176470588236,0.39075630252099813,1,1,42014,LAC,HOU,0,0,0.45821298691852147
-3.0,-9.999999999998899e-05,0.03384999999999999,-1.6833333333333371,4.166666666666668,0.8000000000000007,0.8666666666666671,-0.5833333333333335,0.0,-0.19999999999999996,3.0,1,0,42014,CHI,CLE,0,1,0.31365028528220196
3.0999999999999943,0.01441250000000005,0.07902500000000001,3.512500000000003,-0.7124999999999986,1.375,-1.4000000000000004,4.0875,0.0,0.09999999999999998,-3.0999999999999943,1,1,42014,WAS,ATL,1,1,0.6078743537469361
-8.558441558441558,-0.02867965367965364,-0.05764935064935062,-2.164502164502167,-4.160173160173162,-3.6883116883116873,0.6363636363636367,-9.082251082251082,0.0,-0.21645021645021645,8.558441558441558,1,1,42014,MEM,GSW,0,0,0.24784255595208352
-0.39075630252099813,0.020340336134453796,-0.021021008403361408,-1.063025210084028,0.617647058823529,-2.336134453781513,0.21848739495798242,3.827731092436975,0.0,-0.02941176470588236,0.39075630252099813,1,1,42014,LAC,HOU,0,0,0.45821298691852147
-3.0,-9.999999999998899e-05,0.03384999999999999,-1.6833333333333371,4.166666666666668,0.8000000000000007,0.8666666666666671,-0.5833333333333335,0.0,-0.19999999999999996,3.0,1,1,42014,CHI,CLE,0,0,0.31365028528220196
3.0,9.999999999998899e-05,-0.03384999999999999,1.6833333333333371,-4.166666666666668,-0.8000000000000007,-0.8666666666666671,0.5833333333333335,0.0,0.19999999999999996,-3.0,1,1,42014,CLE,CHI,1,1,0.6892802538444128
0.39075630252099813,-0.020340336134453796,0.021021008403361408,1.063025210084028,-0.617647058823529,2.336134453781513,-0.21848739495798242,-3.827731092436975,0.0,0.02941176470588236,-0.39075630252099813,1,1,42014,HOU,LAC,1,1,0.5451731761868862
-3.0999999999999943,-0.01441250000000005,-0.07902500000000001,-3.512500000000003,0.7124999999999986,-1.375,1.4000000000000004,-4.0875,0.0,-0.09999999999999998,3.0999999999999943,1,1,42014,ATL,WAS,0,0,0.39538355127240354
8.558441558441558,0.02867965367965364,0.05764935064935062,2.164502164502167,4.160173160173162,3.6883116883116873,-0.6363636363636367,9.082251082251082,0.0,0.21645021645021645,-8.558441558441558,1,0,42014,GSW,MEM,1,0,0.7546928769995136
0.39075630252099813,-0.020340336134453796,0.021021008403361408,1.063025210084028,-0.617647058823529,2.336134453781513,-0.21848739495798242,-3.827731092436975,0.0,0.02941176470588236,-0.39075630252099813,1,0,42014,HOU,LAC,1,0,0.5451731761868862
3.0,9.999999999998899e-05,-0.03384999999999999,1.6833333333333371,-4.166666666666668,-0.8000000000000007,-0.8666666666666671,0.5833333333333335,0.0,0.19999999999999996,-3.0,1,0,42014,CLE,CHI,1,0,0.6892802538444128
8.558441558441558,0.02867965367965364,0.05764935064935062,2.164502164502167,4.160173160173162,3.6883116883116873,-0.6363636363636367,9.082251082251082,0.0,0.21645021645021645,-8.558441558441558,1,1,42014,GSW,MEM,1,1,0.7546928769995136
-3.0999999999999943,-0.01441250000000005,-0.07902500000000001,-3.512500000000003,0.7124999999999986,-1.375,1.4000000000000004,-4.0875,0.0,-0.09999999999999998,3.0999999999999943,1,0,42014,ATL,WAS,0,1,0.39538355127240354
4.357142857142861,0.017214285714285738,-0.04935714285714288,-1.7857142857142847,-1.6428571428571423,0.5714285714285712,2.428571428571428,0.9285714285714286,-5.0,0.07142857142857145,-4.357142857142861,1,1,42014,LAC,SAS,1,1,0.5817258296036748
-1.6666666666666714,0.0031458333333333477,0.03345833333333337,0.8125,-2.145833333333332,1.875,-1.0,-5.3125,5.0,-0.16666666666666669,1.6666666666666714,1,0,42014,BKN,ATL,0,1,0.3177543519337194
-7.5,-0.034416666666666706,-0.07316666666666671,-1.75,-1.8333333333333357,0.3333333333333339,3.666666666666667,-15.75,7.0,-0.16666666666666669,7.5,1,0,42014,MIL,CHI,0,1,0.3109402756194961
-4.357142857142861,-0.017214285714285738,0.04935714285714288,1.7857142857142847,1.6428571428571423,-0.5714285714285712,-2.428571428571428,-0.9285714285714286,0.0,-0.07142857142857145,4.357142857142861,1,0,42014,SAS,LAC,0,1,0.42220479653626714
1.6666666666666714,-0.0031458333333333477,-0.03345833333333337,-0.8125,2.145833333333332,-1.875,1.0,5.3125,0.0,0.16666666666666669,-1.6666666666666714,1,1,42014,ATL,BKN,1,1,0.6846606307909862
0.9272727272727366,0.0240727272727273,-0.029163636363636336,-0.7454545454545496,3.763636363636362,-0.7454545454545443,5.236363636363636,5.527272727272727,-7.0,0.3454545454545454,-0.9272727272727366,1,1,42014,MEM,POR,1,1,0.8359912656526971
4.357142857142861,0.017214285714285738,-0.04935714285714288,-1.7857142857142847,-1.6428571428571423,0.5714285714285712,2.428571428571428,0.9285714285714286,0.0,0.07142857142857145,-4.357142857142861,1,0,42014,LAC,SAS,1,0,0.5811210004322108
-1.82352941176471,-0.004611764705882426,0.03043529411764706,-1.6941176470588246,0.6823529411764717,1.1647058823529424,1.3529411764705888,1.7294117647058824,-9.0,0.32941176470588235,1.82352941176471,1,1,42014,HOU,DAL,1,1,0.8415724226351458
-1.6666666666666714,0.0031458333333333477,0.03345833333333337,0.8125,-2.145833333333332,1.875,-1.0,-5.3125,0.0,-0.16666666666666669,1.6666666666666714,1,1,42014,BKN,ATL,0,0,0.3182933586107518
7.5,0.034416666666666706,0.07316666666666671,1.75,1.8333333333333357,-0.3333333333333339,-3.666666666666667,15.75,0.0,0.16666666666666669,-7.5,1,0,42014,CHI,MIL,1,0,0.6912342132339151
-0.9272727272727366,-0.0240727272727273,0.029163636363636336,0.7454545454545496,-3.763636363636362,0.7454545454545443,-5.236363636363636,-5.527272727272727,0.0,-0.3454545454545454,0.9272727272727366,1,1,42014,POR,MEM,0,0,0.16637057962740281
4.849999999999994,0.02585000000000004,0.08515,8.700000000000003,3.6000000000000014,1.75,-0.40000000000000036,17.9,-10.0,0.6,-4.849999999999994,1,1,42014,WAS,TOR,1,1,0.9368121302842058
-4.25,0.00040000000000001146,-0.08115,-6.350000000000001,2.0,1.8000000000000007,-1.0499999999999998,-13.25,11.0,-0.7,4.25,1,0,42014,BOS,CLE,0,1,0.04476141835013
1.82352941176471,0.004611764705882426,-0.03043529411764706,1.6941176470588246,-0.6823529411764717,-1.1647058823529424,-1.3529411764705888,-1.7294117647058824,0.0,-0.32941176470588235,-1.82352941176471,1,1,42014,DAL,HOU,0,0,0.16085864211211034
-4.357142857142861,-0.017214285714285738,0.04935714285714288,1.7857142857142847,1.6428571428571423,-0.5714285714285712,-2.428571428571428,-0.9285714285714286,0.0,-0.07142857142857145,4.357142857142861,1,0,42014,SAS,LAC,0,1,0.42220479653626714
-2.535714285714292,-0.005452380952380931,-0.05628571428571433,-3.6190476190476204,-1.2738095238095255,-1.1428571428571423,-0.5,-15.80952380952381,11.0,-0.7619047619047619,2.535714285714292,1,0,42014,NOP,GSW,0,1,0.027964976760196186
-1.6666666666666714,0.0031458333333333477,0.03345833333333337,0.8125,-2.145833333333332,1.875,-1.0,-5.3125,0.0,-0.16666666666666669,1.6666666666666714,1,1,42014,BKN,ATL,0,0,0.3182933586107518
-7.5,-0.034416666666666706,-0.07316666666666671,-1.75,-1.8333333333333357,0.3333333333333339,3.666666666666667,-15.75,0.0,-0.16666666666666669,7.5,1,1,42014,MIL,CHI,0,0,0.31168623049392996
-0.9272727272727366,-0.0240727272727273,0.029163636363636336,0.7454545454545496,-3.763636363636362,0.7454545454545443,-5.236363636363636,-5.527272727272727,0.0,-0.3454545454545454,0.9272727272727366,1,0,42014,POR,MEM,0,1,0.16637057962740281
4.849999999999994,0.02585000000000004,0.08515,8.700000000000003,3.6000000000000014,1.75,-0.40000000000000036,17.9,0.0,0.6,-4.849999999999994,1,1,42014,WAS,TOR,1,1,0.936517264347725
-4.357142857142861,-0.017214285714285738,0.04935714285714288,1.7857142857142847,1.6428571428571423,-0.5714285714285712,-2.428571428571428,-0.9285714285714286,0.0,-0.07142857142857145,4.357142857142861,1,1,42014,SAS,LAC,0,0,0.42220479653626714
1.82352941176471,0.004611764705882426,-0.03043529411764706,1.6941176470588246,-0.6823529411764717,-1.1647058823529424,-1.3529411764705888,-1.7294117647058824,0.0,-0.32941176470588235,-1.82352941176471,1,0,42014,DAL,HOU,0,1,0.16085864211211034
-4.25,0.00040000000000001146,-0.08115,-6.350000000000001,2.0,1.8000000000000007,-1.0499999999999998,-13.25,0.0,-0.7,4.25,1,0,42014,BOS,CLE,0,1,0.044995779135365566
-7.5,-0.034416666666666706,-0.07316666666666671,-1.75,-1.8333333333333357,0.3333333333333339,3.666666666666667,-15.75,0.0,-0.16666666666666669,7.5,1,0,42014,MIL,CHI,0,1,0.31168623049392996
-2.535714285714292,-0.005452380952380931,-0.05628571428571433,-3.6190476190476204,-1.2738095238095255,-1.1428571428571423,-0.5,-15.80952380952381,0.0,-0.7619047619047619,2.535714285714292,1,0,42014,NOP,GSW,0,1,0.028113983396234075
4.357142857142861,0.017214285714285738,-0.04935714285714288,-1.7857142857142847,-1.6428571428571423,0.5714285714285712,2.428571428571428,0.9285714285714286,0.0,0.07142857142857145,-4.357142857142861,1,0,42014,LAC,SAS,1,0,0.5811210004322108
0.9272727272727366,0.0240727272727273,-0.029163636363636336,-0.7454545454545496,3.763636363636362,-0.7454545454545443,5.236363636363636,5.527272727272727,0.0,0.3454545454545454,-0.9272727272727366,1,1,42014,MEM,POR,1,1,0.8355136597878311
1.6666666666666714,-0.0031458333333333477,-0.03345833333333337,-0.8125,2.145833333333332,-1.875,1.0,5.3125,0.0,0.16666666666666669,-1.6666666666666714,1,1,42014,ATL,BKN,1,1,0.6846606307909862
4.25,-0.00040000000000001146,0.08115,6.350000000000001,-2.0,-1.8000000000000007,1.0499999999999998,13.25,0.0,0.7,-4.25,1,1,42014,CLE,BOS,1,1,0.9555870591020502
-4.849999999999994,-0.02585000000000004,-0.08515,-8.700000000000003,-3.6000000000000014,-1.75,0.40000000000000036,-17.9,0.0,-0.6,4.849999999999994,1,0,42014,TOR,WAS,0,1,0.06429899082144634
-1.82352941176471,-0.004611764705882426,0.03043529411764706,-1.6941176470588246,0.6823529411764717,1.1647058823529424,1.3529411764705888,1.7294117647058824,0.0,0.32941176470588235,1.82352941176471,1,1,42014,HOU,DAL,1,1,0.8409750800135554
2.535714285714292,0.005452380952380931,0.05628571428571433,3.6190476190476204,1.2738095238095255,1.1428571428571423,0.5,15.80952380952381,0.0,0.7619047619047619,-2.535714285714292,1,1,42014,GSW,NOP,1,1,0.9722565345557063
7.5,0.034416666666666706,0.07316666666666671,1.75,1.8333333333333357,-0.3333333333333339,-3.666666666666667,15.75,0.0,0.16666666666666669,-7.5,1,1,42014,CHI,MIL,1,1,0.6912342132339151
1.6666666666666714,-0.0031458333333333477,-0.03345833333333337,-0.8125,2.145833333333332,-1.875,1.0,5.3125,0.0,0.16666666666666669,-1.6666666666666714,1,1,42014,ATL,BKN,1,1,0.6846606307909862
4.357142857142861,0.017214285714285738,-0.04935714285714288,-1.7857142857142847,-1.6428571428571423,0.5714285714285712,2.428571428571428,0.9285714285714286,0.0,0.07142857142857145,-4.357142857142861,1,1,42014,LAC,SAS,1,1,0.5811210004322108
4.25,-0.00040000000000001146,0.08115,6.350000000000001,-2.0,-1.8000000000000007,1.0499999999999998,13.25,0.0,0.7,-4.25,1,1,42014,CLE,BOS,1,1,0.9555870591020502
0.9272727272727366,0.0240727272727273,-0.029163636363636336,-0.7454545454545496,3.763636363636362,-0.7454545454545443,5.236363636363636,5.527272727272727,0.0,0.3454545454545454,-0.9272727272727366,1,1,42014,MEM,POR,1,1,0.8355136597878311
-4.849999999999994,-0.02585000000000004,-0.08515,-8.700000000000003,-3.6000000000000014,-1.75,0.40000000000000036,-17.9,0.0,-0.6,4.849999999999994,1,0,42014,TOR,WAS,0,1,0.06429899082144634
2.535714285714292,0.005452380952380931,0.05628571428571433,3.6190476190476204,1.2738095238095255,1.1428571428571423,0.5,15.80952380952381,0.0,0.7619047619047619,-2.535714285714292,1,1,42014,GSW,NOP,1,1,0.9722565345557063
-1.82352941176471,-0.004611764705882426,0.03043529411764706,-1.6941176470588246,0.6823529411764717,1.1647058823529424,1.3529411764705888,1.7294117647058824,0.0,0.32941176470588235,1.82352941176471,1,1,42014,HOU,DAL,1,1,0.8409750800135554
7.5,0.034416666666666706,0.07316666666666671,1.75,1.8333333333333357,-0.3333333333333339,-3.666666666666667,15.75,0.0,0.16666666666666669,-7.5,1,1,42014,CHI,MIL,1,1,0.6912342132339151
2.9464285714285694,-0.01517857142857143,-0.007625000000000048,-0.077380952380949,3.0535714285714306,2.0119047619047628,0.19642857142857117,-4.244047619047619,1.0,-0.13690476190476186,-2.9464285714285694,1,0,42015,GSW,CLE,0,1,0.3660287304277959
-2.9464285714285694,0.01517857142857143,0.007625000000000048,0.077380952380949,-3.0535714285714306,-2.0119047619047628,-0.19642857142857117,4.244047619047619,0.0,0.13690476190476186,2.9464285714285694,1,1,42015,CLE,GSW,1,1,0.6370175399254452
2.9464285714285694,-0.01517857142857143,-0.007625000000000048,-0.077380952380949,3.0535714285714306,2.0119047619047628,0.19642857142857117,-4.244047619047619,0.0,-0.13690476190476186,-2.9464285714285694,1,0,42015,GSW,CLE,0,1,0.36614407814427874
-2.9464285714285694,0.01517857142857143,0.007625000000000048,0.077380952380949,-3.0535714285714306,-2.0119047619047628,-0.19642857142857117,4.244047619047619,0.0,0.13690476190476186,2.9464285714285694,1,0,42015,CLE,GSW,1,0,0.6370175399254452
-2.9464285714285694,0.01517857142857143,0.007625000000000048,0.077380952380949,-3.0535714285714306,-2.0119047619047628,-0.19642857142857117,4.244047619047619,0.0,0.13690476190476186,2.9464285714285694,1,1,42015,CLE,GSW,1,1,0.6370175399254452
2.9464285714285694,-0.01517857142857143,-0.007625000000000048,-0.077380952380949,3.0535714285714306,2.0119047619047628,0.19642857142857117,-4.244047619047619,0.0,-0.13690476190476186,-2.9464285714285694,1,1,42015,GSW,CLE,0,0,0.36614407814427874
2.9464285714285694,-0.01517857142857143,-0.007625000000000048,-0.077380952380949,3.0535714285714306,2.0119047619047628,0.19642857142857117,-4.244047619047619,0.0,-0.13690476190476186,-2.9464285714285694,1,1,42015,GSW,CLE,0,0,0.36614407814427874
1.3194444444444429,0.00047222222222226273,0.05376388888888889,-3.736111111111107,3.791666666666668,0.13888888888888928,0.23611111111111072,-0.9027777777777777,-6.0,0.01388888888888884,-1.3194444444444429,1,1,42015,GSW,OKC,1,1,0.5699719367297074
-1.3194444444444429,-0.00047222222222226273,-0.05376388888888889,3.736111111111107,-3.791666666666668,-0.13888888888888928,-0.23611111111111072,0.9027777777777777,0.0,-0.01388888888888884,1.3194444444444429,1,0,42015,OKC,GSW,0,1,0.4341088402808472
-11.361904761904754,-0.04901190476190481,-0.09845000000000004,-2.9357142857142833,-5.538095238095238,0.47857142857142954,-0.26190476190476186,-12.869047619047619,411.0,-0.26190476190476186,11.361904761904754,1,0,42015,TOR,CLE,0,1,0.1934037502427486
1.3194444444444429,0.00047222222222226273,0.05376388888888889,-3.736111111111107,3.791666666666668,0.13888888888888928,0.23611111111111072,-0.9027777777777777,0.0,0.01388888888888884,-1.3194444444444429,1,1,42015,GSW,OKC,1,1,0.5692408192402317
11.361904761904754,0.04901190476190481,0.09845000000000004,2.9357142857142833,5.538095238095238,-0.47857142857142954,0.26190476190476186,12.869047619047619,0.0,0.26190476190476186,-11.361904761904754,1,1,42015,CLE,TOR,1,1,0.7751121424474556
-1.3194444444444429,-0.00047222222222226273,-0.05376388888888889,3.736111111111107,-3.791666666666668,-0.13888888888888928,-0.23611111111111072,0.9027777777777777,0.0,-0.01388888888888884,1.3194444444444429,1,1,42015,OKC,GSW,0,0,0.4341088402808472
-11.361904761904754,-0.04901190476190481,-0.09845000000000004,-2.9357142857142833,-5.538095238095238,0.47857142857142954,-0.26190476190476186,-12.869047619047619,0.0,-0.26190476190476186,11.361904761904754,1,1,42015,TOR,CLE,0,0,0.2272757993332878
-1.3194444444444429,-0.00047222222222226273,-0.05376388888888889,3.736111111111107,-3.791666666666668,-0.13888888888888928,-0.23611111111111072,0.9027777777777777,0.0,-0.01388888888888884,1.3194444444444429,1,1,42015,OKC,GSW,0,0,0.4341088402808472
-11.361904761904754,-0.04901190476190481,-0.09845000000000004,-2.9357142857142833,-5.538095238095238,0.47857142857142954,-0.26190476190476186,-12.869047619047619,0.0,-0.26190476190476186,11.361904761904754,1,1,42015,TOR,CLE,0,0,0.2272757993332878
11.361904761904754,0.04901190476190481,0.09845000000000004,2.9357142857142833,5.538095238095238,-0.47857142857142954,0.26190476190476186,12.869047619047619,0.0,0.26190476190476186,-11.361904761904754,1,1,42015,CLE,TOR,1,1,0.7751121424474556
1.3194444444444429,0.00047222222222226273,0.05376388888888889,-3.736111111111107,3.791666666666668,0.13888888888888928,0.23611111111111072,-0.9027777777777777,0.0,0.01388888888888884,-1.3194444444444429,1,1,42015,GSW,OKC,1,1,0.5692408192402317
11.361904761904754,0.04901190476190481,0.09845000000000004,2.9357142857142833,5.538095238095238,-0.47857142857142954,0.26190476190476186,12.869047619047619,0.0,0.26190476190476186,-11.361904761904754,1,1,42015,CLE,TOR,1,1,0.7751121424474556
1.3194444444444429,0.00047222222222226273,0.05376388888888889,-3.736111111111107,3.791666666666668,0.13888888888888928,0.23611111111111072,-0.9027777777777777,0.0,0.01388888888888884,-1.3194444444444429,1,0,42015,GSW,OKC,1,0,0.5692408192402317
-3.4571428571428555,-0.036250000000000004,-0.0728071428571429,-3.864285714285714,-0.6571428571428584,-0.1642857142857128,2.071428571428571,-7.392857142857142,-5.0,0.0,3.4571428571428555,1,1,42015,TOR,MIA,1,1,0.5194819587289161
3.4571428571428555,0.036250000000000004,0.0728071428571429,3.864285714285714,0.6571428571428584,0.1642857142857128,-2.071428571428571,7.392857142857142,0.0,0.0,-3.4571428571428555,1,1,42015,MIA,TOR,0,0,0.4845463806409387
4.388888888888886,-0.01628888888888891,-0.09058888888888889,7.444444444444443,-0.8000000000000007,3.144444444444444,-1.3777777777777773,-3.822222222222222,-393.0,0.011111111111111183,-4.388888888888886,1,1,42015,OKC,SAS,1,1,0.5083693343803004
2.7083333333333286,0.03721969696969696,0.013193181818181798,-4.428030303030297,2.746212121212121,1.037878787878789,1.7765151515151514,6.920454545454545,-393.0,0.17045454545454547,-2.7083333333333286,1,1,42015,GSW,POR,1,1,0.7664000843590025
-3.4571428571428555,-0.036250000000000004,-0.0728071428571429,-3.864285714285714,-0.6571428571428584,-0.1642857142857128,2.071428571428571,-7.392857142857142,0.0,0.0,3.4571428571428555,1,1,42015,TOR,MIA,1,1,0.5188615665511129
-4.388888888888886,0.01628888888888891,0.09058888888888889,-7.444444444444443,0.8000000000000007,-3.144444444444444,1.3777777777777773,3.822222222222222,0.0,-0.011111111111111183,4.388888888888886,1,0,42015,SAS,OKC,1,0,0.5437642123671904
3.4571428571428555,0.036250000000000004,0.0728071428571429,3.864285714285714,0.6571428571428584,0.1642857142857128,-2.071428571428571,7.392857142857142,0.0,0.0,-3.4571428571428555,1,1,42015,MIA,TOR,0,0,0.4845463806409387
-2.7083333333333286,-0.03721969696969696,-0.013193181818181798,4.428030303030297,-2.746212121212121,-1.037878787878789,-1.7765151515151514,-6.920454545454545,0.0,-0.17045454545454547,2.7083333333333286,1,0,42015,POR,GSW,0,1,0.2730688085259522
4.388888888888886,-0.01628888888888891,-0.09058888888888889,7.444444444444443,-0.8000000000000007,3.144444444444444,-1.3777777777777773,-3.822222222222222,0.0,0.011111111111111183,-4.388888888888886,1,1,42015,OKC,SAS,0,0,0.45962359679587766
-4.661904761904765,-0.036061904761904795,-0.06280000000000002,1.0142857142857125,1.3619047619047642,2.128571428571428,-0.26190476190476186,-9.619047619047619,394.0,-0.36190476190476184,4.661904761904765,1,0,42015,ATL,CLE,0,1,0.13330019871301105
3.4571428571428555,0.036250000000000004,0.0728071428571429,3.864285714285714,0.6571428571428584,0.1642857142857128,-2.071428571428571,7.392857142857142,0.0,0.0,-3.4571428571428555,1,0,42015,MIA,TOR,0,1,0.4845463806409387
-2.7083333333333286,-0.03721969696969696,-0.013193181818181798,4.428030303030297,-2.746212121212121,-1.037878787878789,-1.7765151515151514,-6.920454545454545,0.0,-0.17045454545454547,2.7083333333333286,1,1,42015,POR,GSW,0,0,0.2730688085259522
4.388888888888886,-0.01628888888888891,-0.09058888888888889,7.444444444444443,-0.8000000000000007,3.144444444444444,-1.3777777777777773,-3.822222222222222,0.0,0.011111111111111183,-4.388888888888886,1,0,42015,OKC,SAS,0,1,0.45962359679587766
-4.661904761904765,-0.036061904761904795,-0.06280000000000002,1.0142857142857125,1.3619047619047642,2.128571428571428,-0.26190476190476186,-9.619047619047619,0.0,-0.36190476190476184,4.661904761904765,1,0,42015,ATL,CLE,0,1,0.15759221984716965
-3.4571428571428555,-0.036250000000000004,-0.0728071428571429,-3.864285714285714,-0.6571428571428584,-0.1642857142857128,2.071428571428571,-7.392857142857142,0.0,0.0,3.4571428571428555,1,1,42015,TOR,MIA,1,1,0.5188615665511129
4.661904761904765,0.036061904761904795,0.06280000000000002,-1.0142857142857125,-1.3619047619047642,-2.128571428571428,0.26190476190476186,9.619047619047619,0.0,0.36190476190476184,-4.661904761904765,1,1,42015,CLE,ATL,1,1,0.8442111793501862
-3.4571428571428555,-0.036250000000000004,-0.0728071428571429,-3.864285714285714,-0.6571428571428584,-0.1642857142857128,2.071428571428571,-7.392857142857142,0.0,0.0,3.4571428571428555,1,0,42015,TOR,MIA,1,0,0.5188615665511129
2.7083333333333286,0.03721969696969696,0.013193181818181798,-4.428030303030297,2.746212121212121,1.037878787878789,1.7765151515151514,6.920454545454545,0.0,0.17045454545454547,-2.7083333333333286,1,1,42015,GSW,POR,1,1,0.7296319261738522
4.661904761904765,0.036061904761904795,0.06280000000000002,-1.0142857142857125,-1.3619047619047642,-2.128571428571428,0.26190476190476186,9.619047619047619,0.0,0.36190476190476184,-4.661904761904765,1,1,42015,CLE,ATL,1,1,0.8442111793501862
-4.388888888888886,0.01628888888888891,0.09058888888888889,-7.444444444444443,0.8000000000000007,-3.144444444444444,1.3777777777777773,3.822222222222222,0.0,-0.011111111111111183,4.388888888888886,1,0,42015,SAS,OKC,1,0,0.5437642123671904
-0.3142857142857025,-0.01867857142857149,-0.08216428571428575,1.0642857142857167,-2.442857142857143,-1.5214285714285705,-0.07142857142857117,-5.678571428571429,-5.0,0.07142857142857145,0.3142857142857025,1,1,42015,TOR,IND,1,1,0.5487678274512949
2.7083333333333286,0.03721969696969696,0.013193181818181798,-4.428030303030297,2.746212121212121,1.037878787878789,1.7765151515151514,6.920454545454545,0.0,0.17045454545454547,-2.7083333333333286,1,1,42015,GSW,POR,1,1,0.7296319261738522
6.571428571428569,0.05957142857142855,0.07664285714285718,7.357142857142861,2.7857142857142865,3.928571428571427,-0.2857142857142856,12.0,-5.0,0.07142857142857145,-6.571428571428569,1,1,42015,MIA,CHA,1,1,0.5651492306930052
-4.388888888888886,0.01628888888888891,0.09058888888888889,-7.444444444444443,0.8000000000000007,-3.144444444444444,1.3777777777777773,3.822222222222222,0.0,-0.011111111111111183,4.388888888888886,1,1,42015,SAS,OKC,1,1,0.5437642123671904
6.666666666666671,-0.021136363636363675,0.0866818181818182,1.4696969696969688,3.378787878787879,3.378787878787879,-2.3181818181818183,-3.5454545454545454,-378.0,0.12121212121212122,-6.666666666666671,1,1,42015,POR,LAC,1,1,0.714665996797109
0.3142857142857025,0.01867857142857149,0.08216428571428575,-1.0642857142857167,2.442857142857143,1.5214285714285705,0.07142857142857117,5.678571428571429,0.0,-0.07142857142857145,-0.3142857142857025,1,1,42015,IND,TOR,0,0,0.45523014579318
-6.571428571428569,-0.05957142857142855,-0.07664285714285718,-7.357142857142861,-2.7857142857142865,-3.928571428571427,0.2857142857142856,-12.0,0.0,-0.07142857142857145,6.571428571428569,1,0,42015,CHA,MIA,0,1,0.43881966282820456
-6.266666666666666,-0.048866666666666614,-0.06153333333333333,1.7000000000000028,-1.6000000000000014,0.4666666666666668,-1.166666666666667,-5.666666666666667,379.0,-0.06666666666666671,6.266666666666666,1,0,42015,BOS,ATL,0,1,0.36330611513165517
-6.666666666666671,0.021136363636363675,-0.0866818181818182,-1.4696969696969688,-3.378787878787879,-3.378787878787879,2.3181818181818183,3.5454545454545454,0.0,-0.12121212121212122,6.666666666666671,1,0,42015,LAC,POR,0,1,0.32813681200755207
6.571428571428569,0.05957142857142855,0.07664285714285718,7.357142857142861,2.7857142857142865,3.928571428571427,-0.2857142857142856,12.0,0.0,0.07142857142857145,-6.571428571428569,1,0,42015,MIA,CHA,1,0,0.564538374721014
16.508333333333326,0.06658333333333333,0.11797499999999994,-4.191666666666663,6.291666666666668,-5.216666666666667,-0.4416666666666673,23.175,-379.0,0.425,-16.508333333333326,1,1,42015,GSW,HOU,1,1,0.9108116498785732
-0.3142857142857025,-0.01867857142857149,-0.08216428571428575,1.0642857142857167,-2.442857142857143,-1.5214285714285705,-0.07142857142857117,-5.678571428571429,0.0,0.07142857142857145,0.3142857142857025,1,1,42015,TOR,IND,1,1,0.5481523580641131
6.266666666666666,0.048866666666666614,0.06153333333333333,-1.7000000000000028,1.6000000000000014,-0.4666666666666668,1.166666666666667,5.666666666666667,0.0,0.06666666666666671,-6.266666666666666,1,1,42015,ATL,BOS,1,1,0.5953943886171075
-6.571428571428569,-0.05957142857142855,-0.07664285714285718,-7.357142857142861,-2.7857142857142865,-3.928571428571427,0.2857142857142856,-12.0,0.0,-0.07142857142857145,6.571428571428569,1,1,42015,CHA,MIA,0,0,0.43881966282820456
6.666666666666671,-0.021136363636363675,0.0866818181818182,1.4696969696969688,3.378787878787879,3.378787878787879,-2.3181818181818183,-3.5454545454545454,0.0,0.12121212121212122,-6.666666666666671,1,1,42015,POR,LAC,1,1,0.6748649609069056
12.588888888888889,0.0169111111111111,0.049211111111111094,11.944444444444443,-0.10000000000000142,2.2444444444444454,1.7222222222222223,23.477777777777778,-378.0,0.41111111111111115,-12.588888888888889,1,1,42015,OKC,DAL,1,1,0.8580911539254801
-6.266666666666666,-0.048866666666666614,-0.06153333333333333,1.7000000000000028,-1.6000000000000014,0.4666666666666668,-1.166666666666667,-5.666666666666667,0.0,-0.06666666666666671,6.266666666666666,1,1,42015,BOS,ATL,0,0,0.4078976272236215
-16.508333333333326,-0.06658333333333333,-0.11797499999999994,4.191666666666663,-6.291666666666668,5.216666666666667,0.4416666666666673,-23.175,0.0,-0.425,16.508333333333326,1,0,42015,HOU,GSW,0,1,0.10701909783129704
-9.76190476190476,0.009238095238095212,-0.038500000000000034,-5.535714285714285,0.5119047619047628,-2.071428571428571,-2.511904761904762,-17.11904761904762,11.0,-0.7619047619047619,9.76190476190476,1,0,42015,DET,CLE,0,1,0.030681126804579743
-21.0,-0.07489999999999997,-0.12919999999999993,1.5,-4.800000000000001,4.699999999999999,-1.3499999999999996,-31.1,377.0,-0.6,21.0,1,0,42015,MEM,SAS,0,1,0.04637562008964161
6.666666666666671,-0.021136363636363675,0.0866818181818182,1.4696969696969688,3.378787878787879,3.378787878787879,-2.3181818181818183,-3.5454545454545454,0.0,0.12121212121212122,-6.666666666666671,1,1,42015,POR,LAC,1,1,0.6748649609069056
0.3142857142857025,0.01867857142857149,0.08216428571428575,-1.0642857142857167,2.442857142857143,1.5214285714285705,0.07142857142857117,5.678571428571429,0.0,-0.07142857142857145,-0.3142857142857025,1,1,42015,IND,TOR,0,0,0.45523014579318
-12.588888888888889,-0.0169111111111111,-0.049211111111111094,-11.944444444444443,0.10000000000000142,-2.2444444444444454,-1.7222222222222223,-23.477777777777778,0.0,-0.41111111111111115,12.588888888888889,1,0,42015,DAL,OKC,0,1,0.16826207687377784
-6.571428571428569,-0.05957142857142855,-0.07664285714285718,-7.357142857142861,-2.7857142857142865,-3.928571428571427,0.2857142857142856,-12.0,0.0,-0.07142857142857145,6.571428571428569,1,1,42015,CHA,MIA,0,0,0.43881966282820456
-6.266666666666666,-0.048866666666666614,-0.06153333333333333,1.7000000000000028,-1.6000000000000014,0.4666666666666668,-1.166666666666667,-5.666666666666667,0.0,-0.06666666666666671,6.266666666666666,1,1,42015,BOS,ATL,0,0,0.4078976272236215
-9.76190476190476,0.009238095238095212,-0.038500000000000034,-5.535714285714285,0.5119047619047628,-2.071428571428571,-2.511904761904762,-17.11904761904762,0.0,-0.7619047619047619,9.76190476190476,1,0,42015,DET,CLE,0,1,0.030844146749675633
-21.0,-0.07489999999999997,-0.12919999999999993,1.5,-4.800000000000001,4.699999999999999,-1.3499999999999996,-31.1,0.0,-0.6,21.0,1,0,42015,MEM,SAS,0,1,0.05540375737290605
0.3142857142857025,0.01867857142857149,0.08216428571428575,-1.0642857142857167,2.442857142857143,1.5214285714285705,0.07142857142857117,5.678571428571429,0.0,-0.07142857142857145,-0.3142857142857025,1,0,42015,IND,TOR,0,1,0.45523014579318
-12.588888888888889,-0.0169111111111111,-0.049211111111111094,-11.944444444444443,0.10000000000000142,-2.2444444444444454,-1.7222222222222223,-23.477777777777778,0.0,-0.41111111111111115,12.588888888888889,1,0,42015,DAL,OKC,0,1,0.16826207687377784
-16.508333333333326,-0.06658333333333333,-0.11797499999999994,4.191666666666663,-6.291666666666668,5.216666666666667,0.4416666666666673,-23.175,0.0,-0.425,16.508333333333326,1,1,42015,HOU,GSW,0,0,0.10701909783129704
-6.666666666666671,0.021136363636363675,-0.0866818181818182,-1.4696969696969688,-3.378787878787879,-3.378787878787879,2.3181818181818183,3.5454545454545454,0.0,-0.12121212121212122,6.666666666666671,1,1,42015,LAC,POR,0,0,0.32813681200755207
9.76190476190476,-0.009238095238095212,0.038500000000000034,5.535714285714285,-0.5119047619047628,2.071428571428571,2.511904761904762,17.11904761904762,0.0,0.7619047619047619,-9.76190476190476,1,1,42015,CLE,DET,1,1,0.9695612254856255
6.571428571428569,0.05957142857142855,0.07664285714285718,7.357142857142861,2.7857142857142865,3.928571428571427,-0.2857142857142856,12.0,0.0,0.07142857142857145,-6.571428571428569,1,1,42015,MIA,CHA,1,1,0.564538374721014
6.266666666666666,0.048866666666666614,0.06153333333333333,-1.7000000000000028,1.6000000000000014,-0.4666666666666668,1.166666666666667,5.666666666666667,0.0,0.06666666666666671,-6.266666666666666,1,1,42015,ATL,BOS,1,1,0.5953943886171075
21.0,0.07489999999999997,0.12919999999999993,-1.5,4.800000000000001,-4.699999999999999,1.3499999999999996,31.1,0.0,0.6,-21.0,1,1,42015,SAS,MEM,1,1,0.9453061761993865
16.508333333333326,0.06658333333333333,0.11797499999999994,-4.191666666666663,6.291666666666668,-5.216666666666667,-0.4416666666666673,23.175,0.0,0.425,-16.508333333333326,1,1,42015,GSW,HOU,1,1,0.8942782007105995
12.588888888888889,0.0169111111111111,0.049211111111111094,11.944444444444443,-0.10000000000000142,2.2444444444444454,1.7222222222222223,23.477777777777778,0.0,0.41111111111111115,-12.588888888888889,1,0,42015,OKC,DAL,1,0,0.8336393097333429
-0.3142857142857025,-0.01867857142857149,-0.08216428571428575,1.0642857142857167,-2.442857142857143,-1.5214285714285705,-0.07142857142857117,-5.678571428571429,0.0,0.07142857142857145,0.3142857142857025,1,1,42015,TOR,IND,1,1,0.5481523580641131
-6.666666666666671,0.021136363636363675,-0.0866818181818182,-1.4696969696969688,-3.378787878787879,-3.378787878787879,2.3181818181818183,3.5454545454545454,0.0,-0.12121212121212122,6.666666666666671,1,1,42015,LAC,POR,0,0,0.32813681200755207
6.571428571428569,0.05957142857142855,0.07664285714285718,7.357142857142861,2.7857142857142865,3.928571428571427,-0.2857142857142856,12.0,0.0,0.07142857142857145,-6.571428571428569,1,1,42015,MIA,CHA,1,1,0.564538374721014
21.0,0.07489999999999997,0.12919999999999993,-1.5,4.800000000000001,-4.699999999999999,1.3499999999999996,31.1,0.0,0.6,-21.0,1,1,42015,SAS,MEM,1,1,0.9453061761993865
9.76190476190476,-0.009238095238095212,0.038500000000000034,5.535714285714285,-0.5119047619047628,2.071428571428571,2.511904761904762,17.11904761904762,0.0,0.7619047619047619,-9.76190476190476,1,1,42015,CLE,DET,1,1,0.9695612254856255
12.588888888888889,0.0169111111111111,0.049211111111111094,11.944444444444443,-0.10000000000000142,2.2444444444444454,1.7222222222222223,23.477777777777778,0.0,0.41111111111111115,-12.588888888888889,1,1,42015,OKC,DAL,1,1,0.8336393097333429
-0.3142857142857025,-0.01867857142857149,-0.08216428571428575,1.0642857142857167,-2.442857142857143,-1.5214285714285705,-0.07142857142857117,-5.678571428571429,0.0,0.07142857142857145,0.3142857142857025,1,0,42015,TOR,IND,1,0,0.5481523580641131
16.508333333333326,0.06658333333333333,0.11797499999999994,-4.191666666666663,6.291666666666668,-5.216666666666667,-0.4416666666666673,23.175,0.0,0.425,-16.508333333333326,1,1,42015,GSW,HOU,1,1,0.8942782007105995
6.266666666666666,0.048866666666666614,0.06153333333333333,-1.7000000000000028,1.6000000000000014,-0.4666666666666668,1.166666666666667,5.666666666666667,0.0,0.06666666666666671,-6.266666666666666,1,1,42015,ATL,BOS,1,1,0.5953943886171075
3.0718954248365975,-0.0003986928104574572,-0.032013071895424905,3.5980392156862777,6.179738562091501,0.8692810457516327,1.3169934640522865,5.813725490196078,1.0,0.21895424836601307,-3.0718954248365975,1,1,42016,GSW,CLE,1,1,0.7308740294756073
-3.0718954248365975,0.0003986928104574572,0.032013071895424905,-3.5980392156862777,-6.179738562091501,-0.8692810457516327,-1.3169934640522865,-5.813725490196078,0.0,-0.21895424836601307,3.0718954248365975,1,1,42016,CLE,GSW,0,0,0.2717205494853976
-3.0718954248365975,0.0003986928104574572,0.032013071895424905,-3.5980392156862777,-6.179738562091501,-0.8692810457516327,-1.3169934640522865,-5.813725490196078,0.0,-0.21895424836601307,3.0718954248365975,1,0,42016,CLE,GSW,0,1,0.2717205494853976
3.0718954248365975,-0.0003986928104574572,-0.032013071895424905,3.5980392156862777,6.179738562091501,0.8692810457516327,1.3169934640522865,5.813725490196078,0.0,0.21895424836601307,-3.0718954248365975,1,1,42016,GSW,CLE,1,1,0.7309717855229609
3.0718954248365975,-0.0003986928104574572,-0.032013071895424905,3.5980392156862777,6.179738562091501,0.8692810457516327,1.3169934640522865,5.813725490196078,0.0,0.21895424836601307,-3.0718954248365975,1,1,42016,GSW,CLE,1,1,0.7309717855229609
-11.0,-0.039222222222222214,-0.04994444444444446,-4.222222222222221,4.888888888888886,0.22222222222222143,0.33333333333333304,-10.722222222222221,411.0,-0.2222222222222222,11.0,1,0,42016,BOS,CLE,0,1,0.26197972342744336
11.0,0.039222222222222214,0.04994444444444446,4.222222222222221,-4.888888888888886,-0.22222222222222143,-0.33333333333333304,10.722222222222221,0.0,0.2222222222222222,-11.0,1,1,42016,CLE,BOS,1,1,0.6995312647217574
-12.231617647058826,-0.03044852941176479,-0.0367022058823529,-1.327205882352942,-6.922794117647058,-1.7095588235294112,-0.9558823529411757,-12.647058823529411,410.0,-0.4411764705882353,12.231617647058826,1,0,42016,SAS,GSW,0,1,0.08627136019611849
11.0,0.039222222222222214,0.04994444444444446,4.222222222222221,-4.888888888888886,-0.22222222222222143,-0.33333333333333304,10.722222222222221,0.0,0.2222222222222222,-11.0,1,0,42016,CLE,BOS,1,0,0.6995312647217574
-12.231617647058826,-0.03044852941176479,-0.0367022058823529,-1.327205882352942,-6.922794117647058,-1.7095588235294112,-0.9558823529411757,-12.647058823529411,0.0,-0.4411764705882353,12.231617647058826,1,0,42016,SAS,GSW,0,1,0.10374884266063639
-11.0,-0.039222222222222214,-0.04994444444444446,-4.222222222222221,4.888888888888886,0.22222222222222143,0.33333333333333304,-10.722222222222221,0.0,-0.2222222222222222,11.0,1,0,42016,BOS,CLE,0,1,0.30334514118987915
-11.0,-0.039222222222222214,-0.04994444444444446,-4.222222222222221,4.888888888888886,0.22222222222222143,0.33333333333333304,-10.722222222222221,0.0,-0.2222222222222222,11.0,1,0,42016,BOS,CLE,0,1,0.30334514118987915
12.231617647058826,0.03044852941176479,0.0367022058823529,1.327205882352942,6.922794117647058,1.7095588235294112,0.9558823529411757,12.647058823529411,0.0,0.4411764705882353,-12.231617647058826,1,1,42016,GSW,SAS,1,1,0.8975133631768589
-2.8547008547008517,-0.0023846153846154294,0.049064102564102596,-5.055555555555557,4.175213675213673,-0.07692307692307665,-0.20085470085470103,-2.888888888888889,-760.0,-0.038461538461538436,2.8547008547008517,1,1,42016,BOS,WAS,1,1,0.6130652769764592
12.231617647058826,0.03044852941176479,0.0367022058823529,1.327205882352942,6.922794117647058,1.7095588235294112,0.9558823529411757,12.647058823529411,0.0,0.4411764705882353,-12.231617647058826,1,1,42016,GSW,SAS,1,1,0.8975133631768589
2.8547008547008517,0.0023846153846154294,-0.049064102564102596,5.055555555555557,-4.175213675213673,0.07692307692307665,0.20085470085470103,2.888888888888889,0.0,0.038461538461538436,-2.8547008547008517,1,1,42016,WAS,BOS,0,0,0.48280337930501144
0.6647727272727337,-0.0279204545454545,-0.022335227272727243,-1.5284090909090935,-1.7670454545454533,1.1534090909090917,-0.022727272727272485,0.18181818181818188,393.0,0.045454545454545414,-0.6647727272727337,1,0,42016,HOU,SAS,1,0,0.5188701912489415
-2.8547008547008517,-0.0023846153846154294,0.049064102564102596,-5.055555555555557,4.175213675213673,-0.07692307692307665,-0.20085470085470103,-2.888888888888889,0.0,-0.038461538461538436,2.8547008547008517,1,1,42016,BOS,WAS,1,1,0.5206037103375559
-0.6647727272727337,0.0279204545454545,0.022335227272727243,1.5284090909090935,1.7670454545454533,-1.1534090909090917,0.022727272727272485,-0.18181818181818188,0.0,-0.045454545454545414,0.6647727272727337,1,1,42016,SAS,HOU,0,0,0.4360503546358915
-21.475935828877013,-0.03800534759358293,-0.01694652406417113,-6.6737967914438485,-8.508021390374331,-2.828877005347593,-1.3422459893048124,-18.37433155080214,9.0,-0.5775401069518716,21.475935828877013,1,0,42016,UTA,GSW,0,1,0.0660003511678504
0.6647727272727337,-0.0279204545454545,-0.022335227272727243,-1.5284090909090935,-1.7670454545454533,1.1534090909090917,-0.022727272727272485,0.18181818181818188,0.0,0.045454545454545414,-0.6647727272727337,1,1,42016,HOU,SAS,1,1,0.5673028309830608
-19.522222222222226,-0.051322222222222214,-0.10097777777777778,-2.866666666666667,-2.4555555555555557,-0.7777777777777786,0.011111111111111072,-13.533333333333333,396.0,-0.3222222222222222,19.522222222222226,1,0,42016,TOR,CLE,0,1,0.15666960092454346
2.8547008547008517,0.0023846153846154294,-0.049064102564102596,5.055555555555557,-4.175213675213673,0.07692307692307665,0.20085470085470103,2.888888888888889,0.0,0.038461538461538436,-2.8547008547008517,1,1,42016,WAS,BOS,0,0,0.48280337930501144
-21.475935828877013,-0.03800534759358293,-0.01694652406417113,-6.6737967914438485,-8.508021390374331,-2.828877005347593,-1.3422459893048124,-18.37433155080214,0.0,-0.5775401069518716,21.475935828877013,1,0,42016,UTA,GSW,0,1,0.06627664682770527
0.6647727272727337,-0.0279204545454545,-0.022335227272727243,-1.5284090909090935,-1.7670454545454533,1.1534090909090917,-0.022727272727272485,0.18181818181818188,0.0,0.045454545454545414,-0.6647727272727337,1,0,42016,HOU,SAS,1,0,0.5673028309830608
-19.522222222222226,-0.051322222222222214,-0.10097777777777778,-2.866666666666667,-2.4555555555555557,-0.7777777777777786,0.011111111111111072,-13.533333333333333,0.0,-0.3222222222222222,19.522222222222226,1,0,42016,TOR,CLE,0,1,0.18446418295484654
21.475935828877013,0.03800534759358293,0.01694652406417113,6.6737967914438485,8.508021390374331,2.828877005347593,1.3422459893048124,18.37433155080214,0.0,0.5775401069518716,-21.475935828877013,1,1,42016,GSW,UTA,1,1,0.934562958317811
2.8547008547008517,0.0023846153846154294,-0.049064102564102596,5.055555555555557,-4.175213675213673,0.07692307692307665,0.20085470085470103,2.888888888888889,0.0,0.038461538461538436,-2.8547008547008517,1,1,42016,WAS,BOS,0,0,0.48280337930501144
-0.6647727272727337,0.0279204545454545,0.022335227272727243,1.5284090909090935,1.7670454545454533,-1.1534090909090917,0.022727272727272485,-0.18181818181818188,0.0,-0.045454545454545414,0.6647727272727337,1,1,42016,SAS,HOU,0,0,0.4360503546358915
19.522222222222226,0.051322222222222214,0.10097777777777778,2.866666666666667,2.4555555555555557,0.7777777777777786,-0.011111111111111072,13.533333333333333,0.0,0.3222222222222222,-19.522222222222226,1,1,42016,CLE,TOR,1,1,0.8175801347187092
21.475935828877013,0.03800534759358293,0.01694652406417113,6.6737967914438485,8.508021390374331,2.828877005347593,1.3422459893048124,18.37433155080214,0.0,0.5775401069518716,-21.475935828877013,1,1,42016,GSW,UTA,1,1,0.934562958317811
-2.8547008547008517,-0.0023846153846154294,0.049064102564102596,-5.055555555555557,4.175213675213673,-0.07692307692307665,-0.20085470085470103,-2.888888888888889,0.0,-0.038461538461538436,2.8547008547008517,1,1,42016,BOS,WAS,1,1,0.5206037103375559
19.522222222222226,0.051322222222222214,0.10097777777777778,2.866666666666667,2.4555555555555557,0.7777777777777786,-0.011111111111111072,13.533333333333333,0.0,0.3222222222222222,-19.522222222222226,1,1,42016,CLE,TOR,1,1,0.8175801347187092
-0.6647727272727337,0.0279204545454545,0.022335227272727243,1.5284090909090935,1.7670454545454533,-1.1534090909090917,0.022727272727272485,-0.18181818181818188,0.0,-0.045454545454545414,0.6647727272727337,1,0,42016,SAS,HOU,0,1,0.4360503546358915
-2.8547008547008517,-0.0023846153846154294,0.049064102564102596,-5.055555555555557,4.175213675213673,-0.07692307692307665,-0.20085470085470103,-2.888888888888889,0.0,-0.038461538461538436,2.8547008547008517,1,1,42016,BOS,WAS,1,1,0.5206037103375559
-0.10389610389610482,0.015467532467532463,-0.020961038961038958,-1.3766233766233782,-1.2987012987012996,0.8961038961038952,-1.0779220779220777,3.5844155844155847,380.0,0.0649350649350649,0.10389610389610482,1,0,42016,LAC,UTA,1,0,0.5402194190774104
0.10389610389610482,-0.015467532467532463,0.020961038961038958,1.3766233766233782,1.2987012987012996,-0.8961038961038952,1.0779220779220777,-3.5844155844155847,0.0,-0.0649350649350649,-0.10389610389610482,1,0,42016,UTA,LAC,0,1,0.41667084726844905
-2.57692307692308,-0.014717948717948792,-0.02110256410256406,1.3333333333333357,-0.4358974358974379,2.4230769230769234,-1.9230769230769234,-1.1666666666666667,379.0,-0.20512820512820512,2.57692307692308,1,0,42016,ATL,WAS,0,1,0.24493213795257507
-8.722222222222229,-0.01533333333333331,-0.07666666666666672,8.722222222222221,-6.944444444444443,1.0,-0.5555555555555554,-3.944444444444444,743.0,-0.16666666666666669,8.722222222222229,1,0,42016,CHI,BOS,0,1,0.17850155698959164
-3.5333333333333314,0.004766666666666697,0.0933666666666666,-1.2999999999999972,1.5666666666666664,1.0,0.7666666666666657,5.033333333333333,744.0,-0.06666666666666671,3.5333333333333314,1,0,42016,MIL,TOR,0,1,0.37036213630043685
-10.729166666666671,-0.013708333333333267,0.034770833333333306,-8.9375,-2.479166666666668,-1.4375,-2.583333333333333,-9.333333333333334,379.0,-0.16666666666666669,10.729166666666671,1,0,42016,MEM,SAS,0,1,0.33434299151927616
2.57692307692308,0.014717948717948792,0.02110256410256406,-1.3333333333333357,0.4358974358974379,-2.4230769230769234,1.9230769230769234,1.1666666666666667,0.0,0.20512820512820512,-2.57692307692308,1,1,42016,WAS,ATL,1,1,0.7213352302129269
8.722222222222229,0.01533333333333331,0.07666666666666672,-8.722222222222221,6.944444444444443,-1.0,0.5555555555555554,3.944444444444444,0.0,0.16666666666666669,-8.722222222222229,1,1,42016,BOS,CHI,1,1,0.7633034129248554
-0.10389610389610482,0.015467532467532463,-0.020961038961038958,-1.3766233766233782,-1.2987012987012996,0.8961038961038952,-1.0779220779220777,3.5844155844155847,0.0,0.0649350649350649,0.10389610389610482,1,0,42016,LAC,UTA,1,0,0.5866425435985471
10.729166666666671,0.013708333333333267,-0.034770833333333306,8.9375,2.479166666666668,1.4375,2.583333333333333,9.333333333333334,0.0,0.16666666666666669,-10.729166666666671,1,1,42016,SAS,MEM,1,1,0.625714464006733
3.527272727272731,-0.0065454545454544655,-0.0008727272727272473,-0.6909090909090949,-0.25454545454545396,0.49090909090909207,-0.6727272727272728,9.781818181818181,-380.0,0.3454545454545454,-3.527272727272731,1,1,42016,HOU,OKC,1,1,0.8652163314112906
3.5333333333333314,-0.004766666666666697,-0.0933666666666666,1.2999999999999972,-1.5666666666666664,-1.0,-0.7666666666666657,-5.033333333333333,0.0,0.06666666666666671,-3.5333333333333314,1,1,42016,TOR,MIL,1,1,0.5435171947637575
-17.794117647058826,-0.09882352941176475,-0.06276470588235289,-1.764705882352942,-12.485294117647058,1.1029411764705888,-1.4558823529411757,-31.647058823529413,380.0,-0.9411764705882353,17.794117647058826,1,0,42016,POR,GSW,0,1,0.009218960607500914
-2.57692307692308,-0.014717948717948792,-0.02110256410256406,1.3333333333333357,-0.4358974358974379,2.4230769230769234,-1.9230769230769234,-1.1666666666666667,0.0,-0.20512820512820512,2.57692307692308,1,1,42016,ATL,WAS,0,0,0.2814164158522987
0.10389610389610482,-0.015467532467532463,0.020961038961038958,1.3766233766233782,1.2987012987012996,-0.8961038961038952,1.0779220779220777,-3.5844155844155847,0.0,-0.0649350649350649,-0.10389610389610482,1,1,42016,UTA,LAC,0,0,0.41667084726844905
-8.722222222222229,-0.01533333333333331,-0.07666666666666672,8.722222222222221,-6.944444444444443,1.0,-0.5555555555555554,-3.944444444444444,0.0,-0.16666666666666669,8.722222222222229,1,0,42016,CHI,BOS,0,1,0.23917122769359112
-7.4722222222222285,-0.027222222222222203,-0.024527777777777815,-0.1666666666666643,0.44444444444444287,-0.5277777777777786,0.6111111111111107,-11.833333333333332,380.0,-0.7222222222222222,7.4722222222222285,1,0,42016,IND,CLE,0,1,0.026971565151533747
-3.527272727272731,0.0065454545454544655,0.0008727272727272473,0.6909090909090949,0.25454545454545396,-0.49090909090909207,0.6727272727272728,-9.781818181818181,0.0,-0.3454545454545454,3.527272727272731,1,0,42016,OKC,HOU,0,1,0.16019422216543563
-17.794117647058826,-0.09882352941176475,-0.06276470588235289,-1.764705882352942,-12.485294117647058,1.1029411764705888,-1.4558823529411757,-31.647058823529413,0.0,-0.9411764705882353,17.794117647058826,1,0,42016,POR,GSW,0,1,0.011114210562451257
-2.57692307692308,-0.014717948717948792,-0.02110256410256406,1.3333333333333357,-0.4358974358974379,2.4230769230769234,-1.9230769230769234,-1.1666666666666667,0.0,-0.20512820512820512,2.57692307692308,1,1,42016,ATL,WAS,0,0,0.2814164158522987
-10.729166666666671,-0.013708333333333267,0.034770833333333306,-8.9375,-2.479166666666668,-1.4375,-2.583333333333333,-9.333333333333334,0.0,-0.16666666666666669,10.729166666666671,1,1,42016,MEM,SAS,0,0,0.37748726446798725
-3.5333333333333314,0.004766666666666697,0.0933666666666666,-1.2999999999999972,1.5666666666666664,1.0,0.7666666666666657,5.033333333333333,0.0,-0.06666666666666671,3.5333333333333314,1,0,42016,MIL,TOR,0,1,0.4598708973913559
-3.527272727272731,0.0065454545454544655,0.0008727272727272473,0.6909090909090949,0.25454545454545396,-0.49090909090909207,0.6727272727272728,-9.781818181818181,0.0,-0.3454545454545454,3.527272727272731,1,1,42016,OKC,HOU,0,0,0.16019422216543563
0.10389610389610482,-0.015467532467532463,0.020961038961038958,1.3766233766233782,1.2987012987012996,-0.8961038961038952,1.0779220779220777,-3.5844155844155847,0.0,-0.0649350649350649,-0.10389610389610482,1,0,42016,UTA,LAC,0,1,0.41667084726844905
-8.722222222222229,-0.01533333333333331,-0.07666666666666672,8.722222222222221,-6.944444444444443,1.0,-0.5555555555555554,-3.944444444444444,0.0,-0.16666666666666669,8.722222222222229,1,0,42016,CHI,BOS,0,1,0.23917122769359112
-3.5333333333333314,0.004766666666666697,0.0933666666666666,-1.2999999999999972,1.5666666666666664,1.0,0.7666666666666657,5.033333333333333,0.0,-0.06666666666666671,3.5333333333333314,1,1,42016,MIL,TOR,0,0,0.4598708973913559
-10.729166666666671,-0.013708333333333267,0.034770833333333306,-8.9375,-2.479166666666668,-1.4375,-2.583333333333333,-9.333333333333334,0.0,-0.16666666666666669,10.729166666666671,1,1,42016,MEM,SAS,0,0,0.37748726446798725
-7.4722222222222285,-0.027222222222222203,-0.024527777777777815,-0.1666666666666643,0.44444444444444287,-0.5277777777777786,0.6111111111111107,-11.833333333333332,0.0,-0.7222222222222222,7.4722222222222285,1,0,42016,IND,CLE,0,1,0.03239708947629302
2.57692307692308,0.014717948717948792,0.02110256410256406,-1.3333333333333357,0.4358974358974379,-2.4230769230769234,1.9230769230769234,1.1666666666666667,0.0,0.20512820512820512,-2.57692307692308,1,1,42016,WAS,ATL,1,1,0.7213352302129269
3.527272727272731,-0.0065454545454544655,-0.0008727272727272473,-0.6909090909090949,-0.25454545454545396,0.49090909090909207,-0.6727272727272728,9.781818181818181,0.0,0.3454545454545454,-3.527272727272731,1,1,42016,HOU,OKC,1,1,0.8416333552688018
17.794117647058826,0.09882352941176475,0.06276470588235289,1.764705882352942,12.485294117647058,-1.1029411764705888,1.4558823529411757,31.647058823529413,0.0,0.9411764705882353,-17.794117647058826,1,1,42016,GSW,POR,1,1,0.9890347928415959
8.722222222222229,0.01533333333333331,0.07666666666666672,-8.722222222222221,6.944444444444443,-1.0,0.5555555555555554,3.944444444444444,0.0,0.16666666666666669,-8.722222222222229,1,0,42016,BOS,CHI,1,0,0.7633034129248554
-0.10389610389610482,0.015467532467532463,-0.020961038961038958,-1.3766233766233782,-1.2987012987012996,0.8961038961038952,-1.0779220779220777,3.5844155844155847,0.0,0.0649350649350649,0.10389610389610482,1,1,42016,LAC,UTA,1,1,0.5866425435985471
3.5333333333333314,-0.004766666666666697,-0.0933666666666666,1.2999999999999972,-1.5666666666666664,-1.0,-0.7666666666666657,-5.033333333333333,0.0,0.06666666666666671,-3.5333333333333314,1,1,42016,TOR,MIL,1,1,0.5435171947637575
7.4722222222222285,0.027222222222222203,0.024527777777777815,0.1666666666666643,-0.44444444444444287,0.5277777777777786,-0.6111111111111107,11.833333333333332,0.0,0.7222222222222222,-7.4722222222222285,1,1,42016,CLE,IND,1,1,0.9680280191555044
10.729166666666671,0.013708333333333267,-0.034770833333333306,8.9375,2.479166666666668,1.4375,2.583333333333333,9.333333333333334,0.0,0.16666666666666669,-10.729166666666671,1,1,42016,SAS,MEM,1,1,0.625714464006733
2.57692307692308,0.014717948717948792,0.02110256410256406,-1.3333333333333357,0.4358974358974379,-2.4230769230769234,1.9230769230769234,1.1666666666666667,0.0,0.20512820512820512,-2.57692307692308,1,1,42016,WAS,ATL,1,1,0.7213352302129269
17.794117647058826,0.09882352941176475,0.06276470588235289,1.764705882352942,12.485294117647058,-1.1029411764705888,1.4558823529411757,31.647058823529413,0.0,0.9411764705882353,-17.794117647058826,1,1,42016,GSW,POR,1,1,0.9890347928415959
8.722222222222229,0.01533333333333331,0.07666666666666672,-8.722222222222221,6.944444444444443,-1.0,0.5555555555555554,3.944444444444444,0.0,0.16666666666666669,-8.722222222222229,1,0,42016,BOS,CHI,1,0,0.7633034129248554
3.527272727272731,-0.0065454545454544655,-0.0008727272727272473,-0.6909090909090949,-0.25454545454545396,0.49090909090909207,-0.6727272727272728,9.781818181818181,0.0,0.3454545454545454,-3.527272727272731,1,1,42016,HOU,OKC,1,1,0.8416333552688018
-0.10389610389610482,0.015467532467532463,-0.020961038961038958,-1.3766233766233782,-1.2987012987012996,0.8961038961038952,-1.0779220779220777,3.5844155844155847,0.0,0.0649350649350649,0.10389610389610482,1,0,42016,LAC,UTA,1,0,0.5866425435985471
10.729166666666671,0.013708333333333267,-0.034770833333333306,8.9375,2.479166666666668,1.4375,2.583333333333333,9.333333333333334,0.0,0.16666666666666669,-10.729166666666671,1,1,42016,SAS,MEM,1,1,0.625714464006733
7.4722222222222285,0.027222222222222203,0.024527777777777815,0.1666666666666643,-0.44444444444444287,0.5277777777777786,-0.6111111111111107,11.833333333333332,0.0,0.7222222222222222,-7.4722222222222285,1,1,42016,CLE,IND,1,1,0.9680280191555044
3.5333333333333314,-0.004766666666666697,-0.0933666666666666,1.2999999999999972,-1.5666666666666664,-1.0,-0.7666666666666657,-5.033333333333333,0.0,0.06666666666666671,-3.5333333333333314,1,0,42016,TOR,MIL,1,0,0.5435171947637575
-9.29220779220779,-0.029435064935064925,-0.020744588744588788,-3.636363636363633,-6.820346320346321,-0.3787878787878789,-1.9025974025974026,-11.727272727272727,1.0,-0.21645021645021645,9.29220779220779,1,0,42017,CLE,GSW,0,1,0.2733540772004511
-9.29220779220779,-0.029435064935064925,-0.020744588744588788,-3.636363636363633,-6.820346320346321,-0.3787878787878789,-1.9025974025974026,-11.727272727272727,0.0,-0.21645021645021645,9.29220779220779,1,0,42017,CLE,GSW,0,1,0.27345281709358554
9.29220779220779,0.029435064935064925,0.020744588744588788,3.636363636363633,6.820346320346321,0.3787878787878789,1.9025974025974026,11.727272727272727,0.0,0.21645021645021645,-9.29220779220779,1,1,42017,GSW,CLE,1,1,0.729250300996152
9.29220779220779,0.029435064935064925,0.020744588744588788,3.636363636363633,6.820346320346321,0.3787878787878789,1.9025974025974026,11.727272727272727,0.0,0.21645021645021645,-9.29220779220779,1,1,42017,GSW,CLE,1,1,0.729250300996152
-5.487394957983199,-0.04474789915966387,-0.014675070028011217,-2.0,-7.224089635854341,-1.215686274509805,0.26050420168067223,-8.176470588235293,410.0,-0.11484593837535007,5.487394957983199,1,0,42017,HOU,GSW,0,1,0.3117922279293777
0.23205741626793497,-0.014136363636363614,0.011205741626794274,0.32057416267942074,1.983253588516746,-1.1650717703349294,0.8875598086124405,2.6220095693779903,410.0,0.03349282296650724,-0.23205741626793497,1,0,42017,BOS,CLE,0,1,0.48940480073577136
5.487394957983199,0.04474789915966387,0.014675070028011217,2.0,7.224089635854341,1.215686274509805,-0.26050420168067223,8.176470588235293,0.0,0.11484593837535007,-5.487394957983199,1,1,42017,GSW,HOU,1,1,0.6460253385575843
-0.23205741626793497,0.014136363636363614,-0.011205741626794274,-0.32057416267942074,-1.983253588516746,1.1650717703349294,-0.8875598086124405,-2.6220095693779903,0.0,-0.03349282296650724,0.23205741626793497,1,1,42017,CLE,BOS,0,0,0.46312874855079195
-5.487394957983199,-0.04474789915966387,-0.014675070028011217,-2.0,-7.224089635854341,-1.215686274509805,0.26050420168067223,-8.176470588235293,0.0,-0.11484593837535007,5.487394957983199,1,1,42017,HOU,GSW,0,0,0.35710180339413794
0.23205741626793497,-0.014136363636363614,0.011205741626794274,0.32057416267942074,1.983253588516746,-1.1650717703349294,0.8875598086124405,2.6220095693779903,0.0,0.03349282296650724,-0.23205741626793497,1,1,42017,BOS,CLE,1,1,0.5402629160520497
5.487394957983199,0.04474789915966387,0.014675070028011217,2.0,7.224089635854341,1.215686274509805,-0.26050420168067223,8.176470588235293,0.0,0.11484593837535007,-5.487394957983199,1,0,42017,GSW,HOU,1,0,0.6460253385575843
-0.23205741626793497,0.014136363636363614,-0.011205741626794274,-0.32057416267942074,-1.983253588516746,1.1650717703349294,-0.8875598086124405,-2.6220095693779903,0.0,-0.03349282296650724,0.23205741626793497,1,1,42017,CLE,BOS,0,0,0.46312874855079195
5.487394957983199,0.04474789915966387,0.014675070028011217,2.0,7.224089635854341,1.215686274509805,-0.26050420168067223,8.176470588235293,0.0,0.11484593837535007,-5.487394957983199,1,1,42017,GSW,HOU,1,1,0.6460253385575843
-0.23205741626793497,0.014136363636363614,-0.011205741626794274,-0.32057416267942074,-1.983253588516746,1.1650717703349294,-0.8875598086124405,-2.6220095693779903,0.0,-0.03349282296650724,0.23205741626793497,1,1,42017,CLE,BOS,0,0,0.46312874855079195
-5.487394957983199,-0.04474789915966387,-0.014675070028011217,-2.0,-7.224089635854341,-1.215686274509805,0.26050420168067223,-8.176470588235293,0.0,-0.11484593837535007,5.487394957983199,1,1,42017,HOU,GSW,0,0,0.35710180339413794
0.23205741626793497,-0.014136363636363614,0.011205741626794274,0.32057416267942074,1.983253588516746,-1.1650717703349294,0.8875598086124405,2.6220095693779903,0.0,0.03349282296650724,-0.23205741626793497,1,1,42017,BOS,CLE,1,1,0.5402629160520497
-5.487394957983199,-0.04474789915966387,-0.014675070028011217,-2.0,-7.224089635854341,-1.215686274509805,0.26050420168067223,-8.176470588235293,0.0,-0.11484593837535007,5.487394957983199,1,0,42017,HOU,GSW,0,1,0.35710180339413794
0.23205741626793497,-0.014136363636363614,0.011205741626794274,0.32057416267942074,1.983253588516746,-1.1650717703349294,0.8875598086124405,2.6220095693779903,0.0,0.03349282296650724,-0.23205741626793497,1,1,42017,BOS,CLE,1,1,0.5402629160520497
-7.431578947368422,-0.0016999999999999238,0.007042105263157905,-7.815789473684212,-4.589473684210528,-2.810526315789474,-0.9578947368421051,-3.0052631578947366,-7.0,0.07894736842105265,7.431578947368422,1,1,42017,BOS,PHI,1,1,0.627760975166095
2.577540106951872,-0.019812834224598952,-0.017475935828876965,-2.0,-1.4491978609625669,-3.9732620320855627,0.5721925133689831,4.005347593582887,-394.0,0.19251336898395727,-2.577540106951872,1,1,42017,HOU,UTA,1,1,0.7402459122581554
0.4285714285714306,0.0005714285714285561,-0.011619047619047584,-0.5555555555555571,-0.8412698412698418,-1.7777777777777768,-0.25396825396825395,10.777777777777779,-1122.0,0.20634920634920628,-0.4285714285714306,1,1,42017,GSW,NOP,1,1,0.8171365946645709
-6.163636363636357,-0.02206363636363634,-0.04876363636363634,1.2636363636363654,-2.572727272727274,-1.7454545454545443,0.25454545454545396,2.672727272727273,-393.0,0.1454545454545454,6.163636363636357,1,1,42017,CLE,TOR,1,1,0.6805237148411634
7.431578947368422,0.0016999999999999238,-0.007042105263157905,7.815789473684212,4.589473684210528,2.810526315789474,0.9578947368421051,3.0052631578947366,0.0,-0.07894736842105265,-7.431578947368422,1,1,42017,PHI,BOS,0,0,0.3762499442185351
-0.4285714285714306,-0.0005714285714285561,0.011619047619047584,0.5555555555555571,0.8412698412698418,1.7777777777777768,0.25396825396825395,-10.777777777777779,0.0,-0.20634920634920628,0.4285714285714306,1,0,42017,NOP,GSW,0,1,0.28379081317137145
-2.577540106951872,0.019812834224598952,0.017475935828876965,2.0,1.4491978609625669,3.9732620320855627,-0.5721925133689831,-4.005347593582887,0.0,-0.19251336898395727,2.577540106951872,1,0,42017,UTA,HOU,0,1,0.302006004041032
-6.163636363636357,-0.02206363636363634,-0.04876363636363634,1.2636363636363654,-2.572727272727274,-1.7454545454545443,0.25454545454545396,2.672727272727273,0.0,0.1454545454545454,6.163636363636357,1,1,42017,CLE,TOR,1,1,0.6366471338095933
7.431578947368422,0.0016999999999999238,-0.007042105263157905,7.815789473684212,4.589473684210528,2.810526315789474,0.9578947368421051,3.0052631578947366,0.0,-0.07894736842105265,-7.431578947368422,1,0,42017,PHI,BOS,0,1,0.3762499442185351
-0.4285714285714306,-0.0005714285714285561,0.011619047619047584,0.5555555555555571,0.8412698412698418,1.7777777777777768,0.25396825396825395,-10.777777777777779,0.0,-0.20634920634920628,0.4285714285714306,1,1,42017,NOP,GSW,0,0,0.28379081317137145
-2.577540106951872,0.019812834224598952,0.017475935828876965,2.0,1.4491978609625669,3.9732620320855627,-0.5721925133689831,-4.005347593582887,0.0,-0.19251336898395727,2.577540106951872,1,0,42017,UTA,HOU,0,1,0.302006004041032
6.163636363636357,0.02206363636363634,0.04876363636363634,-1.2636363636363654,2.572727272727274,1.7454545454545443,-0.25454545454545396,-2.672727272727273,0.0,-0.1454545454545454,-6.163636363636357,1,0,42017,TOR,CLE,0,1,0.36651585425991706
-7.431578947368422,-0.0016999999999999238,0.007042105263157905,-7.815789473684212,-4.589473684210528,-2.810526315789474,-0.9578947368421051,-3.0052631578947366,0.0,0.07894736842105265,7.431578947368422,1,1,42017,BOS,PHI,1,1,0.6269475787571358
2.577540106951872,-0.019812834224598952,-0.017475935828876965,-2.0,-1.4491978609625669,-3.9732620320855627,0.5721925133689831,4.005347593582887,0.0,0.19251336898395727,-2.577540106951872,1,0,42017,HOU,UTA,1,0,0.7008631562209291
0.4285714285714306,0.0005714285714285561,-0.011619047619047584,-0.5555555555555571,-0.8412698412698418,-1.7777777777777768,-0.25396825396825395,10.777777777777779,0.0,0.20634920634920628,-0.4285714285714306,1,1,42017,GSW,NOP,1,1,0.7189749698341499
6.163636363636357,0.02206363636363634,0.04876363636363634,-1.2636363636363654,2.572727272727274,1.7454545454545443,-0.25454545454545396,-2.672727272727273,0.0,-0.1454545454545454,-6.163636363636357,1,0,42017,TOR,CLE,0,1,0.36651585425991706
-7.431578947368422,-0.0016999999999999238,0.007042105263157905,-7.815789473684212,-4.589473684210528,-2.810526315789474,-0.9578947368421051,-3.0052631578947366,0.0,0.07894736842105265,7.431578947368422,1,1,42017,BOS,PHI,1,1,0.6269475787571358
0.5649350649350708,-0.03029220779220776,-0.017935064935064915,1.3636363636363669,-1.9155844155844157,-0.18831168831168732,-2.188311688311688,-7.441558441558442,-381.0,0.11688311688311687,-0.5649350649350708,1,1,42017,CLE,IND,1,1,0.6651748239177406
2.577540106951872,-0.019812834224598952,-0.017475935828876965,-2.0,-1.4491978609625669,-3.9732620320855627,0.5721925133689831,4.005347593582887,0.0,0.19251336898395727,-2.577540106951872,1,1,42017,HOU,UTA,1,1,0.7008631562209291
-0.488721804511286,-0.0655714285714285,-0.030443609022556384,3.112781954887218,-0.7894736842105274,-1.7819548872180455,0.2706766917293235,1.4661654135338344,-380.0,0.1503759398496241,0.488721804511286,1,1,42017,BOS,MIL,1,1,0.681193657705009
0.4285714285714306,0.0005714285714285561,-0.011619047619047584,-0.5555555555555571,-0.8412698412698418,-1.7777777777777768,-0.25396825396825395,10.777777777777779,0.0,0.20634920634920628,-0.4285714285714306,1,1,42017,GSW,NOP,1,1,0.7189749698341499
-0.13333333333332575,-0.007699999999999985,-0.009233333333333316,-0.10000000000000142,1.5333333333333314,-1.3666666666666654,2.133333333333333,2.4000000000000004,380.0,-0.06666666666666671,0.13333333333332575,1,0,42017,WAS,TOR,0,1,0.3724342944232189
1.1969696969696884,0.024803030303030327,-0.011484848484848487,1.0,3.9393939393939412,1.4242424242424256,-1.287878787878788,2.1515151515151514,-378.0,0.12121212121212122,-1.1969696969696884,1,1,42017,UTA,OKC,1,1,0.6931721585083164
-0.5649350649350708,0.03029220779220776,0.017935064935064915,-1.3636363636363669,1.9155844155844157,0.18831168831168732,2.188311688311688,7.441558441558442,0.0,-0.11688311688311687,0.5649350649350708,1,1,42017,IND,CLE,0,0,0.38144499281712196
0.488721804511286,0.0655714285714285,0.030443609022556384,-3.112781954887218,0.7894736842105274,1.7819548872180455,-0.2706766917293235,-1.4661654135338344,0.0,-0.1503759398496241,-0.488721804511286,1,1,42017,MIL,BOS,0,0,0.3643025714267757
0.5649350649350708,-0.03029220779220776,-0.017935064935064915,1.3636363636363669,-1.9155844155844157,-0.18831168831168732,-2.188311688311688,-7.441558441558442,0.0,0.11688311688311687,-0.5649350649350708,1,1,42017,CLE,IND,1,1,0.6217699082892245
3.3411764705882376,-0.02337647058823522,-0.06429411764705883,-2.200000000000003,-3.576470588235292,-0.882352941176471,3.117647058823529,10.623529411764707,-7.0,0.4470588235294118,-3.3411764705882376,1,1,42017,HOU,MIN,1,1,0.8869377826490306
0.13333333333332575,0.007699999999999985,0.009233333333333316,0.10000000000000142,-1.5333333333333314,1.3666666666666654,-2.133333333333333,-2.4000000000000004,0.0,0.06666666666666671,-0.13333333333332575,1,1,42017,TOR,WAS,1,1,0.5857828291631996
-1.1969696969696884,-0.024803030303030327,0.011484848484848487,-1.0,-3.9393939393939412,-1.4242424242424256,1.287878787878788,-2.1515151515151514,0.0,-0.12121212121212122,1.1969696969696884,1,1,42017,OKC,UTA,0,0,0.35127014328999623
-0.488721804511286,-0.0655714285714285,-0.030443609022556384,3.112781954887218,-0.7894736842105274,-1.7819548872180455,0.2706766917293235,1.4661654135338344,0.0,0.1503759398496241,0.488721804511286,1,1,42017,BOS,MIL,1,1,0.6388522053493814
13.628571428571433,0.06737142857142864,0.047780952380952424,7.399999999999999,7.0476190476190474,1.9333333333333336,0.2571428571428571,18.8,-378.0,0.5619047619047619,-13.628571428571433,1,1,42017,GSW,SAS,1,1,0.9390232275193443
5.3999999999999915,-0.0047000000000000375,-0.054400000000000004,8.5,2.0,-1.5999999999999996,-1.0000000000000009,14.700000000000001,-743.0,0.3,-5.3999999999999915,1,1,42017,PHI,MIA,1,1,0.8143775956635453
-3.3411764705882376,0.02337647058823522,0.06429411764705883,2.200000000000003,3.576470588235292,0.882352941176471,-3.117647058823529,-10.623529411764707,0.0,-0.4470588235294118,3.3411764705882376,1,0,42017,MIN,HOU,0,1,0.11479113650712938
1.1969696969696884,0.024803030303030327,-0.011484848484848487,1.0,3.9393939393939412,1.4242424242424256,-1.287878787878788,2.1515151515151514,0.0,0.12121212121212122,-1.1969696969696884,1,1,42017,UTA,OKC,1,1,0.6518335869848992
-0.13333333333332575,-0.007699999999999985,-0.009233333333333316,-0.10000000000000142,1.5333333333333314,-1.3666666666666654,2.133333333333333,2.4000000000000004,0.0,-0.06666666666666671,0.13333333333332575,1,1,42017,WAS,TOR,0,0,0.41753254824161035
0.488721804511286,0.0655714285714285,0.030443609022556384,-3.112781954887218,0.7894736842105274,1.7819548872180455,-0.2706766917293235,-1.4661654135338344,0.0,-0.1503759398496241,-0.488721804511286,1,1,42017,MIL,BOS,0,0,0.3643025714267757
-13.628571428571433,-0.06737142857142864,-0.047780952380952424,-7.399999999999999,-7.0476190476190474,-1.9333333333333336,-0.2571428571428571,-18.8,0.0,-0.5619047619047619,13.628571428571433,1,1,42017,SAS,GSW,0,0,0.07358940779486486
-0.5649350649350708,0.03029220779220776,0.017935064935064915,-1.3636363636363669,1.9155844155844157,0.18831168831168732,2.188311688311688,7.441558441558442,0.0,-0.11688311688311687,0.5649350649350708,1,0,42017,IND,CLE,0,1,0.38144499281712196
4.5,0.025500000000000023,0.03025,2.055555555555557,7.888888888888889,-0.3888888888888893,-0.13888888888888928,8.222222222222221,-377.0,0.5555555555555556,-4.5,1,1,42017,NOP,POR,1,1,0.9454570535993044
-3.3411764705882376,0.02337647058823522,0.06429411764705883,2.200000000000003,3.576470588235292,0.882352941176471,-3.117647058823529,-10.623529411764707,0.0,-0.4470588235294118,3.3411764705882376,1,1,42017,MIN,HOU,0,0,0.11479113650712938
-5.3999999999999915,0.0047000000000000375,0.054400000000000004,-8.5,-2.0,1.5999999999999996,1.0000000000000009,-14.700000000000001,0.0,-0.3,5.3999999999999915,1,0,42017,MIA,PHI,0,1,0.25053564020774804
1.1969696969696884,0.024803030303030327,-0.011484848484848487,1.0,3.9393939393939412,1.4242424242424256,-1.287878787878788,2.1515151515151514,0.0,0.12121212121212122,-1.1969696969696884,1,1,42017,UTA,OKC,1,1,0.6518335869848992
-0.13333333333332575,-0.007699999999999985,-0.009233333333333316,-0.10000000000000142,1.5333333333333314,-1.3666666666666654,2.133333333333333,2.4000000000000004,0.0,-0.06666666666666671,0.13333333333332575,1,1,42017,WAS,TOR,0,0,0.41753254824161035
-0.5649350649350708,0.03029220779220776,0.017935064935064915,-1.3636363636363669,1.9155844155844157,0.18831168831168732,2.188311688311688,7.441558441558442,0.0,-0.11688311688311687,0.5649350649350708,1,1,42017,IND,CLE,0,0,0.38144499281712196
0.488721804511286,0.0655714285714285,0.030443609022556384,-3.112781954887218,0.7894736842105274,1.7819548872180455,-0.2706766917293235,-1.4661654135338344,0.0,-0.1503759398496241,-0.488721804511286,1,1,42017,MIL,BOS,0,0,0.3643025714267757
-5.3999999999999915,0.0047000000000000375,0.054400000000000004,-8.5,-2.0,1.5999999999999996,1.0000000000000009,-14.700000000000001,0.0,-0.3,5.3999999999999915,1,0,42017,MIA,PHI,0,1,0.25053564020774804
-13.628571428571433,-0.06737142857142864,-0.047780952380952424,-7.399999999999999,-7.0476190476190474,-1.9333333333333336,-0.2571428571428571,-18.8,0.0,-0.5619047619047619,13.628571428571433,1,0,42017,SAS,GSW,0,1,0.07358940779486486
4.5,0.025500000000000023,0.03025,2.055555555555557,7.888888888888889,-0.3888888888888893,-0.13888888888888928,8.222222222222221,0.0,0.5555555555555556,-4.5,1,1,42017,NOP,POR,1,1,0.9349474099978494
3.3411764705882376,-0.02337647058823522,-0.06429411764705883,-2.200000000000003,-3.576470588235292,-0.882352941176471,3.117647058823529,10.623529411764707,0.0,0.4470588235294118,-3.3411764705882376,1,1,42017,HOU,MIN,1,1,0.8865884101891707
-1.1969696969696884,-0.024803030303030327,0.011484848484848487,-1.0,-3.9393939393939412,-1.4242424242424256,1.287878787878788,-2.1515151515151514,0.0,-0.12121212121212122,1.1969696969696884,1,0,42017,OKC,UTA,0,1,0.35127014328999623
0.5649350649350708,-0.03029220779220776,-0.017935064935064915,1.3636363636363669,-1.9155844155844157,-0.18831168831168732,-2.188311688311688,-7.441558441558442,0.0,0.11688311688311687,-0.5649350649350708,1,1,42017,CLE,IND,1,1,0.6217699082892245
-4.5,-0.025500000000000023,-0.03025,-2.055555555555557,-7.888888888888889,0.3888888888888893,0.13888888888888928,-8.222222222222221,0.0,-0.5555555555555556,4.5,1,0,42017,POR,NOP,0,1,0.06588761011820445
-0.488721804511286,-0.0655714285714285,-0.030443609022556384,3.112781954887218,-0.7894736842105274,-1.7819548872180455,0.2706766917293235,1.4661654135338344,0.0,0.1503759398496241,0.488721804511286,1,1,42017,BOS,MIL,1,1,0.6388522053493814
0.13333333333332575,0.007699999999999985,0.009233333333333316,0.10000000000000142,-1.5333333333333314,1.3666666666666654,-2.133333333333333,-2.4000000000000004,0.0,0.06666666666666671,-0.13333333333332575,1,1,42017,TOR,WAS,1,1,0.5857828291631996
5.3999999999999915,-0.0047000000000000375,-0.054400000000000004,8.5,2.0,-1.5999999999999996,-1.0000000000000009,14.700000000000001,0.0,0.3,-5.3999999999999915,1,0,42017,PHI,MIA,1,0,0.7520182598713341
13.628571428571433,0.06737142857142864,0.047780952380952424,7.399999999999999,7.0476190476190474,1.9333333333333336,0.2571428571428571,18.8,0.0,0.5619047619047619,-13.628571428571433,1,1,42017,GSW,SAS,1,1,0.9273356273929086
-1.1969696969696884,-0.024803030303030327,0.011484848484848487,-1.0,-3.9393939393939412,-1.4242424242424256,1.287878787878788,-2.1515151515151514,0.0,-0.12121212121212122,1.1969696969696884,1,1,42017,OKC,UTA,0,0,0.35127014328999623
3.3411764705882376,-0.02337647058823522,-0.06429411764705883,-2.200000000000003,-3.576470588235292,-0.882352941176471,3.117647058823529,10.623529411764707,0.0,0.4470588235294118,-3.3411764705882376,1,1,42017,HOU,MIN,1,1,0.8865884101891707
0.5649350649350708,-0.03029220779220776,-0.017935064935064915,1.3636363636363669,-1.9155844155844157,-0.18831168831168732,-2.188311688311688,-7.441558441558442,0.0,0.11688311688311687,-0.5649350649350708,1,0,42017,CLE,IND,1,0,0.6217699082892245
-0.488721804511286,-0.0655714285714285,-0.030443609022556384,3.112781954887218,-0.7894736842105274,-1.7819548872180455,0.2706766917293235,1.4661654135338344,0.0,0.1503759398496241,0.488721804511286,1,1,42017,BOS,MIL,1,1,0.6388522053493814
-4.5,-0.025500000000000023,-0.03025,-2.055555555555557,-7.888888888888889,0.3888888888888893,0.13888888888888928,-8.222222222222221,0.0,-0.5555555555555556,4.5,1,0,42017,POR,NOP,0,1,0.06588761011820445
13.628571428571433,0.06737142857142864,0.047780952380952424,7.399999999999999,7.0476190476190474,1.9333333333333336,0.2571428571428571,18.8,0.0,0.5619047619047619,-13.628571428571433,1,1,42017,GSW,SAS,1,1,0.9273356273929086
0.13333333333332575,0.007699999999999985,0.009233333333333316,0.10000000000000142,-1.5333333333333314,1.3666666666666654,-2.133333333333333,-2.4000000000000004,0.0,0.06666666666666671,-0.13333333333332575,1,1,42017,TOR,WAS,1,1,0.5857828291631996
5.3999999999999915,-0.0047000000000000375,-0.054400000000000004,8.5,2.0,-1.5999999999999996,-1.0000000000000009,14.700000000000001,0.0,0.3,-5.3999999999999915,1,1,42017,PHI,MIA,1,1,0.7520182598713341
7.553030303030312,0.030640151515151592,0.025321969696969704,0.9848484848484844,5.867424242424242,3.045454545454545,-0.6325757575757569,-2.0946969696969693,0.0,-0.030303030303030276,-7.553030303030312,1,0,42018,GSW,TOR,0,1,0.4960414978245288
-7.553030303030312,-0.030640151515151592,-0.025321969696969704,-0.9848484848484844,-5.867424242424242,-3.045454545454545,0.6325757575757569,2.0946969696969693,0.0,0.030303030303030276,7.553030303030312,1,0,42018,TOR,GSW,1,0,0.5073700292303361
7.553030303030312,0.030640151515151592,0.025321969696969704,0.9848484848484844,5.867424242424242,3.045454545454545,-0.6325757575757569,-2.0946969696969693,0.0,-0.030303030303030276,-7.553030303030312,1,0,42018,GSW,TOR,0,1,0.4960414978245288
7.553030303030312,0.030640151515151592,0.025321969696969704,0.9848484848484844,5.867424242424242,3.045454545454545,-0.6325757575757569,-2.0946969696969693,0.0,-0.030303030303030276,-7.553030303030312,1,0,42018,GSW,TOR,0,1,0.4960414978245288
-7.553030303030312,-0.030640151515151592,-0.025321969696969704,-0.9848484848484844,-5.867424242424242,-3.045454545454545,0.6325757575757569,2.0946969696969693,0.0,0.030303030303030276,7.553030303030312,1,0,42018,TOR,GSW,1,0,0.5073700292303361
-7.553030303030312,-0.030640151515151592,-0.025321969696969704,-0.9848484848484844,-5.867424242424242,-3.045454545454545,0.6325757575757569,2.0946969696969693,0.0,0.030303030303030276,7.553030303030312,1,1,42018,TOR,GSW,1,1,0.5073700292303361
-6.216666666666669,-0.004958333333333398,0.005975000000000008,-9.599999999999994,-2.458333333333332,-0.9000000000000004,1.3749999999999991,-3.3416666666666677,-410.0,0.0,6.216666666666669,1,1,42018,TOR,MIL,1,1,0.6144938888158574
6.216666666666669,0.004958333333333398,-0.005975000000000008,9.599999999999994,2.458333333333332,0.9000000000000004,-1.3749999999999991,3.3416666666666677,0.0,0.0,-6.216666666666669,1,0,42018,MIL,TOR,0,1,0.4381174664477429
-6.216666666666669,-0.004958333333333398,0.005975000000000008,-9.599999999999994,-2.458333333333332,-0.9000000000000004,1.3749999999999991,-3.3416666666666677,0.0,0.0,6.216666666666669,1,1,42018,TOR,MIL,1,1,0.5652393605859686
-4.44886363636364,-0.04055681818181822,-0.011113636363636326,1.8693181818181799,-8.65909090909091,-2.045454545454545,-0.5340909090909092,-4.738636363636363,411.0,-0.13636363636363635,4.44886363636364,1,0,42018,POR,GSW,0,1,0.2587269259679099
-6.216666666666669,-0.004958333333333398,0.005975000000000008,-9.599999999999994,-2.458333333333332,-0.9000000000000004,1.3749999999999991,-3.3416666666666677,0.0,0.0,6.216666666666669,1,1,42018,TOR,MIL,1,1,0.5652393605859686
-4.44886363636364,-0.04055681818181822,-0.011113636363636326,1.8693181818181799,-8.65909090909091,-2.045454545454545,-0.5340909090909092,-4.738636363636363,0.0,-0.13636363636363635,4.44886363636364,1,0,42018,POR,GSW,0,1,0.29978736928535044
6.216666666666669,0.004958333333333398,-0.005975000000000008,9.599999999999994,2.458333333333332,0.9000000000000004,-1.3749999999999991,3.3416666666666677,0.0,0.0,-6.216666666666669,1,1,42018,MIL,TOR,0,0,0.4381174664477429
4.44886363636364,0.04055681818181822,0.011113636363636326,-1.8693181818181799,8.65909090909091,2.045454545454545,0.5340909090909092,4.738636363636363,0.0,0.13636363636363635,-4.44886363636364,1,1,42018,GSW,POR,1,1,0.7030696797902988
6.216666666666669,0.004958333333333398,-0.005975000000000008,9.599999999999994,2.458333333333332,0.9000000000000004,-1.3749999999999991,3.3416666666666677,0.0,0.0,-6.216666666666669,1,1,42018,MIL,TOR,0,0,0.4381174664477429
4.44886363636364,0.04055681818181822,0.011113636363636326,-1.8693181818181799,8.65909090909091,2.045454545454545,0.5340909090909092,4.738636363636363,0.0,0.13636363636363635,-4.44886363636364,1,1,42018,GSW,POR,1,1,0.7030696797902988
-0.5446428571428612,0.007017857142857131,-0.02703571428571433,2.5267857142857153,4.25,-3.2857142857142865,-1.1607142857142856,3.232142857142857,5.0,0.0,0.5446428571428612,1,0,42018,DEN,POR,0,1,0.4737000022637525
-2.083333333333343,-0.008708333333333429,0.013124999999999942,-6.166666666666664,-1.875,-4.25,1.708333333333333,2.458333333333333,-396.0,0.08333333333333326,2.083333333333343,1,1,42018,TOR,PHI,1,1,0.6608918884140402
-5.5909090909090935,-0.035772727272727345,-0.0015454545454545165,-0.4090909090909136,-10.136363636363637,0.0,1.1363636363636358,-0.1818181818181821,394.0,-0.09090909090909094,5.5909090909090935,1,0,42018,HOU,GSW,0,1,0.32446764974850073
2.083333333333343,0.008708333333333429,-0.013124999999999942,6.166666666666664,1.875,4.25,-1.708333333333333,-2.458333333333333,0.0,-0.08333333333333326,-2.083333333333343,1,1,42018,PHI,TOR,0,0,0.3877467141015156
0.5446428571428612,-0.007017857142857131,0.02703571428571433,-2.5267857142857153,-4.25,3.2857142857142865,1.1607142857142856,-3.232142857142857,0.0,0.0,-0.5446428571428612,1,1,42018,POR,DEN,1,1,0.5290821034199237
10.688888888888883,0.026666666666666672,-0.012933333333333352,4.1555555555555515,3.555555555555557,-1.488888888888889,0.7777777777777777,10.244444444444445,-395.0,0.11111111111111105,-10.688888888888883,1,1,42018,MIL,BOS,1,1,0.6383279057821714
5.5909090909090935,0.035772727272727345,0.0015454545454545165,0.4090909090909136,10.136363636363637,0.0,-1.1363636363636358,0.1818181818181821,0.0,0.09090909090909094,-5.5909090909090935,1,1,42018,GSW,HOU,1,1,0.6343971537245283
-0.5446428571428612,0.007017857142857131,-0.02703571428571433,2.5267857142857153,4.25,-3.2857142857142865,-1.1607142857142856,3.232142857142857,0.0,0.0,0.5446428571428612,1,1,42018,DEN,POR,0,0,0.47431962915873693
-2.083333333333343,-0.008708333333333429,0.013124999999999942,-6.166666666666664,-1.875,-4.25,1.708333333333333,2.458333333333333,0.0,0.08333333333333326,2.083333333333343,1,1,42018,TOR,PHI,1,1,0.6154882831499904
-10.688888888888883,-0.026666666666666672,0.012933333333333352,-4.1555555555555515,-3.555555555555557,1.488888888888889,-0.7777777777777777,-10.244444444444445,0.0,-0.11111111111111105,10.688888888888883,1,0,42018,BOS,MIL,0,1,0.4114114421527373
-5.5909090909090935,-0.035772727272727345,-0.0015454545454545165,-0.4090909090909136,-10.136363636363637,0.0,1.1363636363636358,-0.1818181818181821,0.0,-0.09090909090909094,5.5909090909090935,1,1,42018,HOU,GSW,0,0,0.36877407530649187
0.5446428571428612,-0.007017857142857131,0.02703571428571433,-2.5267857142857153,-4.25,3.2857142857142865,1.1607142857142856,-3.232142857142857,0.0,0.0,-0.5446428571428612,1,0,42018,POR,DEN,1,0,0.5290821034199237
2.083333333333343,0.008708333333333429,-0.013124999999999942,6.166666666666664,1.875,4.25,-1.708333333333333,-2.458333333333333,0.0,-0.08333333333333326,-2.083333333333343,1,0,42018,PHI,TOR,0,1,0.3877467141015156
-5.5909090909090935,-0.035772727272727345,-0.0015454545454545165,-0.4090909090909136,-10.136363636363637,0.0,1.1363636363636358,-0.1818181818181821,0.0,-0.09090909090909094,5.5909090909090935,1,1,42018,HOU,GSW,0,0,0.36877407530649187
-10.688888888888883,-0.026666666666666672,0.012933333333333352,-4.1555555555555515,-3.555555555555557,1.488888888888889,-0.7777777777777777,-10.244444444444445,0.0,-0.11111111111111105,10.688888888888883,1,0,42018,BOS,MIL,0,1,0.4114114421527373
0.5446428571428612,-0.007017857142857131,0.02703571428571433,-2.5267857142857153,-4.25,3.2857142857142865,1.1607142857142856,-3.232142857142857,0.0,0.0,-0.5446428571428612,1,1,42018,POR,DEN,1,1,0.5290821034199237
2.083333333333343,0.008708333333333429,-0.013124999999999942,6.166666666666664,1.875,4.25,-1.708333333333333,-2.458333333333333,0.0,-0.08333333333333326,-2.083333333333343,1,1,42018,PHI,TOR,0,0,0.3877467141015156
-0.5446428571428612,0.007017857142857131,-0.02703571428571433,2.5267857142857153,4.25,-3.2857142857142865,-1.1607142857142856,3.232142857142857,0.0,0.0,0.5446428571428612,1,0,42018,DEN,POR,0,1,0.47431962915873693
5.5909090909090935,0.035772727272727345,0.0015454545454545165,0.4090909090909136,10.136363636363637,0.0,-1.1363636363636358,0.1818181818181821,0.0,0.09090909090909094,-5.5909090909090935,1,1,42018,GSW,HOU,1,1,0.6343971537245283
10.688888888888883,0.026666666666666672,-0.012933333333333352,4.1555555555555515,3.555555555555557,-1.488888888888889,0.7777777777777777,10.244444444444445,0.0,0.11111111111111105,-10.688888888888883,1,1,42018,MIL,BOS,1,1,0.5918893860268876
-2.083333333333343,-0.008708333333333429,0.013124999999999942,-6.166666666666664,-1.875,-4.25,1.708333333333333,2.458333333333333,0.0,0.08333333333333326,2.083333333333343,1,0,42018,TOR,PHI,1,0,0.6154882831499904
-0.5446428571428612,0.007017857142857131,-0.02703571428571433,2.5267857142857153,4.25,-3.2857142857142865,-1.1607142857142856,3.232142857142857,0.0,0.0,0.5446428571428612,1,1,42018,DEN,POR,0,0,0.47431962915873693
5.5909090909090935,0.035772727272727345,0.0015454545454545165,0.4090909090909136,10.136363636363637,0.0,-1.1363636363636358,0.1818181818181821,0.0,0.09090909090909094,-5.5909090909090935,1,1,42018,GSW,HOU,1,1,0.6343971537245283
10.688888888888883,0.026666666666666672,-0.012933333333333352,4.1555555555555515,3.555555555555557,-1.488888888888889,0.7777777777777777,10.244444444444445,0.0,0.11111111111111105,-10.688888888888883,1,0,42018,MIL,BOS,1,0,0.5918893860268876
-2.083333333333343,-0.008708333333333429,0.013124999999999942,-6.166666666666664,-1.875,-4.25,1.708333333333333,2.458333333333333,0.0,0.08333333333333326,2.083333333333343,1,1,42018,TOR,PHI,1,1,0.6154882831499904
5.857142857142847,-0.019285714285714295,-0.011357142857142899,2.5714285714285694,2.8571428571428577,1.2142857142857135,1.1428571428571432,3.7142857142857144,-380.0,0.07142857142857145,-5.857142857142847,1,1,42018,DEN,SAS,1,1,0.6235896248597622
0.5303030303030312,-0.0278484848484849,-0.005530303030303052,-3.151515151515156,-3.075757575757578,-1.045454545454545,0.5909090909090908,-13.196969696969697,743.0,-0.30303030303030304,-0.5303030303030312,1,0,42018,LAC,GSW,0,1,0.1468374273102853
-5.857142857142847,0.019285714285714295,0.011357142857142899,-2.5714285714285694,-2.8571428571428577,-1.2142857142857135,-1.1428571428571432,-3.7142857142857144,0.0,-0.07142857142857145,5.857142857142847,1,1,42018,SAS,DEN,0,0,0.4249983369538424
10.74545454545455,0.040709090909090806,0.10501818181818179,-4.290909090909096,-4.727272727272727,-0.054545454545454675,-0.6545454545454543,12.381818181818181,-378.0,0.3454545454545454,-10.74545454545455,1,1,42018,HOU,UTA,1,1,0.873310880648704
-0.5303030303030312,0.0278484848484849,0.005530303030303052,3.151515151515156,3.075757575757578,1.045454545454545,-0.5909090909090908,13.196969696969697,0.0,0.30303030303030304,0.5303030303030312,1,0,42018,GSW,LAC,1,0,0.8028127754559338
-2.7333333333333343,0.035150000000000015,0.0007166666666666988,8.100000000000001,5.216666666666669,2.1500000000000004,-1.2666666666666666,14.0,-1469.0,0.38333333333333336,2.7333333333333343,1,1,42018,PHI,BKN,1,1,0.9178659003975946
4.487499999999997,-0.004475000000000062,0.024849999999999983,1.9874999999999972,-2.8500000000000014,-2.6999999999999993,0.27500000000000036,5.625,-379.0,0.3,-4.487499999999997,1,1,42018,POR,OKC,1,1,0.80973662277263
14.583333333333329,0.05924166666666658,0.04004166666666664,-1.0666666666666629,3.541666666666668,-3.9000000000000004,1.4416666666666664,19.858333333333334,-7.0,0.4666666666666666,-14.583333333333329,1,1,42018,TOR,ORL,1,1,0.8974882144569787
5.857142857142847,-0.019285714285714295,-0.011357142857142899,2.5714285714285694,2.8571428571428577,1.2142857142857135,1.1428571428571432,3.7142857142857144,0.0,0.07142857142857145,-5.857142857142847,1,1,42018,DEN,SAS,1,1,0.5783334061677669
-10.74545454545455,-0.040709090909090806,-0.10501818181818179,4.290909090909096,4.727272727272727,0.054545454545454675,0.6545454545454543,-12.381818181818181,0.0,-0.3454545454545454,10.74545454545455,1,1,42018,UTA,HOU,0,0,0.15071238272730506
-14.799999999999997,-0.06475000000000003,-0.00881666666666664,-9.68333333333333,-2.0,-2.4000000000000004,0.583333333333333,-32.55,1106.0,-0.6666666666666666,14.799999999999997,1,0,42018,DET,MIL,0,1,0.031402915375926335
-10.361111111111114,-0.023833333333333373,-0.01899999999999996,-7.527777777777779,-0.6944444444444429,-2.6388888888888893,2.3611111111111107,-6.055555555555555,378.0,-0.5555555555555556,10.361111111111114,1,0,42018,IND,BOS,0,1,0.06690383686399887
-4.487499999999997,0.004475000000000062,-0.024849999999999983,-1.9874999999999972,2.8500000000000014,2.6999999999999993,-0.27500000000000036,-5.625,0.0,-0.3,4.487499999999997,1,0,42018,OKC,POR,0,1,0.22334615386868958
0.5303030303030312,-0.0278484848484849,-0.005530303030303052,-3.151515151515156,-3.075757575757578,-1.045454545454545,0.5909090909090908,-13.196969696969697,0.0,-0.30303030303030304,-0.5303030303030312,1,0,42018,LAC,GSW,0,1,0.19935668166682127
-14.583333333333329,-0.05924166666666658,-0.04004166666666664,1.0666666666666629,-3.541666666666668,3.9000000000000004,-1.4416666666666664,-19.858333333333334,0.0,-0.4666666666666666,14.583333333333329,1,0,42018,ORL,TOR,0,1,0.10409830568429962
-10.74545454545455,-0.040709090909090806,-0.10501818181818179,4.290909090909096,4.727272727272727,0.054545454545454675,0.6545454545454543,-12.381818181818181,0.0,-0.3454545454545454,10.74545454545455,1,0,42018,UTA,HOU,0,1,0.15071238272730506
2.7333333333333343,-0.035150000000000015,-0.0007166666666666988,-8.100000000000001,-5.216666666666669,-2.1500000000000004,1.2666666666666666,-14.0,0.0,-0.38333333333333336,-2.7333333333333343,1,0,42018,BKN,PHI,0,1,0.15843862695261055
-5.857142857142847,0.019285714285714295,0.011357142857142899,-2.5714285714285694,-2.8571428571428577,-1.2142857142857135,-1.1428571428571432,-3.7142857142857144,0.0,-0.07142857142857145,5.857142857142847,1,0,42018,SAS,DEN,0,1,0.4249983369538424
-14.799999999999997,-0.06475000000000003,-0.00881666666666664,-9.68333333333333,-2.0,-2.4000000000000004,0.583333333333333,-32.55,0.0,-0.6666666666666666,14.799999999999997,1,0,42018,DET,MIL,0,1,0.05319057133084489
-10.361111111111114,-0.023833333333333373,-0.01899999999999996,-7.527777777777779,-0.6944444444444429,-2.6388888888888893,2.3611111111111107,-6.055555555555555,0.0,-0.5555555555555556,10.361111111111114,1,0,42018,IND,BOS,0,1,0.07963115499391346
-14.583333333333329,-0.05924166666666658,-0.04004166666666664,1.0666666666666629,-3.541666666666668,3.9000000000000004,-1.4416666666666664,-19.858333333333334,0.0,-0.4666666666666666,14.583333333333329,1,0,42018,ORL,TOR,0,1,0.10409830568429962
-4.487499999999997,0.004475000000000062,-0.024849999999999983,-1.9874999999999972,2.8500000000000014,2.6999999999999993,-0.27500000000000036,-5.625,0.0,-0.3,4.487499999999997,1,1,42018,OKC,POR,0,0,0.22334615386868958
0.5303030303030312,-0.0278484848484849,-0.005530303030303052,-3.151515151515156,-3.075757575757578,-1.045454545454545,0.5909090909090908,-13.196969696969697,0.0,-0.30303030303030304,-0.5303030303030312,1,0,42018,LAC,GSW,0,1,0.19935668166682127
2.7333333333333343,-0.035150000000000015,-0.0007166666666666988,-8.100000000000001,-5.216666666666669,-2.1500000000000004,1.2666666666666666,-14.0,0.0,-0.38333333333333336,-2.7333333333333343,1,0,42018,BKN,PHI,0,1,0.15843862695261055
-5.857142857142847,0.019285714285714295,0.011357142857142899,-2.5714285714285694,-2.8571428571428577,-1.2142857142857135,-1.1428571428571432,-3.7142857142857144,0.0,-0.07142857142857145,5.857142857142847,1,1,42018,SAS,DEN,0,0,0.4249983369538424
10.74545454545455,0.040709090909090806,0.10501818181818179,-4.290909090909096,-4.727272727272727,-0.054545454545454675,-0.6545454545454543,12.381818181818181,0.0,0.3454545454545454,-10.74545454545455,1,1,42018,HOU,UTA,1,1,0.8510262100528935
10.361111111111114,0.023833333333333373,0.01899999999999996,7.527777777777779,0.6944444444444429,2.6388888888888893,-2.3611111111111107,6.055555555555555,0.0,0.5555555555555556,-10.361111111111114,1,1,42018,BOS,IND,1,1,0.9213633797549184
14.799999999999997,0.06475000000000003,0.00881666666666664,9.68333333333333,2.0,2.4000000000000004,-0.583333333333333,32.55,0.0,0.6666666666666666,-14.799999999999997,1,1,42018,MIL,DET,1,1,0.9474925792981485
14.583333333333329,0.05924166666666658,0.04004166666666664,-1.0666666666666629,3.541666666666668,-3.9000000000000004,1.4416666666666664,19.858333333333334,0.0,0.4666666666666666,-14.583333333333329,1,1,42018,TOR,ORL,1,1,0.8971676639045328
5.857142857142847,-0.019285714285714295,-0.011357142857142899,2.5714285714285694,2.8571428571428577,1.2142857142857135,1.1428571428571432,3.7142857142857144,0.0,0.07142857142857145,-5.857142857142847,1,1,42018,DEN,SAS,1,1,0.5783334061677669
4.487499999999997,-0.004475000000000062,0.024849999999999983,1.9874999999999972,-2.8500000000000014,-2.6999999999999993,0.27500000000000036,5.625,0.0,0.3,-4.487499999999997,1,1,42018,POR,OKC,1,1,0.7790123076650266
-0.5303030303030312,0.0278484848484849,0.005530303030303052,3.151515151515156,3.075757575757578,1.045454545454545,-0.5909090909090908,13.196969696969697,0.0,0.30303030303030304,0.5303030303030312,1,0,42018,GSW,LAC,1,0,0.8028127754559338
-2.7333333333333343,0.035150000000000015,0.0007166666666666988,8.100000000000001,5.216666666666669,2.1500000000000004,-1.2666666666666666,14.0,0.0,0.38333333333333336,2.7333333333333343,1,1,42018,PHI,BKN,1,1,0.8433726571979927
10.361111111111114,0.023833333333333373,0.01899999999999996,7.527777777777779,0.6944444444444429,2.6388888888888893,-2.3611111111111107,6.055555555555555,0.0,0.5555555555555556,-10.361111111111114,1,1,42018,BOS,IND,1,1,0.9213633797549184
4.487499999999997,-0.004475000000000062,0.024849999999999983,1.9874999999999972,-2.8500000000000014,-2.6999999999999993,0.27500000000000036,5.625,0.0,0.3,-4.487499999999997,1,1,42018,POR,OKC,1,1,0.7790123076650266
10.74545454545455,0.040709090909090806,0.10501818181818179,-4.290909090909096,-4.727272727272727,-0.054545454545454675,-0.6545454545454543,12.381818181818181,0.0,0.3454545454545454,-10.74545454545455,1,1,42018,HOU,UTA,1,1,0.8510262100528935
14.799999999999997,0.06475000000000003,0.00881666666666664,9.68333333333333,2.0,2.4000000000000004,-0.583333333333333,32.55,0.0,0.6666666666666666,-14.799999999999997,1,1,42018,MIL,DET,1,1,0.9474925792981485
-0.5303030303030312,0.0278484848484849,0.005530303030303052,3.151515151515156,3.075757575757578,1.045454545454545,-0.5909090909090908,13.196969696969697,0.0,0.30303030303030304,0.5303030303030312,1,1,42018,GSW,LAC,1,1,0.8028127754559338
-2.7333333333333343,0.035150000000000015,0.0007166666666666988,8.100000000000001,5.216666666666669,2.1500000000000004,-1.2666666666666666,14.0,0.0,0.38333333333333336,2.7333333333333343,1,0,42018,PHI,BKN,1,0,0.8433726571979927
14.583333333333329,0.05924166666666658,0.04004166666666664,-1.0666666666666629,3.541666666666668,-3.9000000000000004,1.4416666666666664,19.858333333333334,0.0,0.4666666666666666,-14.583333333333329,1,0,42018,TOR,ORL,1,0,0.8971676639045328
5.857142857142847,-0.019285714285714295,-0.011357142857142899,2.5714285714285694,2.8571428571428577,1.2142857142857135,1.1428571428571432,3.7142857142857144,0.0,0.07142857142857145,-5.857142857142847,1,0,42018,DEN,SAS,1,0,0.5783334061677669
-2.80952380952381,-0.02880952380952384,0.009714285714285675,-2.761904761904759,-0.7142857142857153,-2.095238095238095,-1.1428571428571423,-4.857142857142857,908.0,-0.09523809523809523,2.80952380952381,1,0,42019,MIA,LAL,0,1,0.3025325875255487
2.80952380952381,0.02880952380952384,-0.009714285714285675,2.761904761904759,0.7142857142857153,2.095238095238095,1.1428571428571423,4.857142857142857,0.0,0.09523809523809523,-2.80952380952381,1,0,42019,LAL,MIA,1,0,0.598110473116584
-2.80952380952381,-0.02880952380952384,0.009714285714285675,-2.761904761904759,-0.7142857142857153,-2.095238095238095,-1.1428571428571423,-4.857142857142857,0.0,-0.09523809523809523,2.80952380952381,1,0,42019,MIA,LAL,0,1,0.40517448240199294
-2.80952380952381,-0.02880952380952384,0.009714285714285675,-2.761904761904759,-0.7142857142857153,-2.095238095238095,-1.1428571428571423,-4.857142857142857,0.0,-0.09523809523809523,2.80952380952381,1,1,42019,MIA,LAL,0,0,0.40517448240199294
2.80952380952381,0.02880952380952384,-0.009714285714285675,2.761904761904759,0.7142857142857153,2.095238095238095,1.1428571428571423,4.857142857142857,0.0,0.09523809523809523,-2.80952380952381,1,1,42019,LAL,MIA,1,1,0.598110473116584
2.80952380952381,0.02880952380952384,-0.009714285714285675,2.761904761904759,0.7142857142857153,2.095238095238095,1.1428571428571423,4.857142857142857,0.0,0.09523809523809523,-2.80952380952381,1,1,42019,LAL,MIA,1,1,0.598110473116584
0.6470588235294059,0.005515406162464931,0.02457422969187678,-3.9019607843137223,2.257703081232492,-0.8431372549019596,0.19887955182072847,-2.988235294117647,-535.0,0.07843137254901955,-0.6470588235294059,1,1,42019,MIA,BOS,1,1,0.6874639609932542
5.388471177944865,0.01788220551378439,-0.025483709273182942,3.463659147869677,3.0927318295739354,1.2180451127819545,1.8897243107769421,9.120300751879698,-536.0,0.2882205513784461,-5.388471177944865,1,1,42019,LAL,DEN,1,1,0.824913823732995
-0.6470588235294059,-0.005515406162464931,-0.02457422969187678,3.9019607843137223,-2.257703081232492,0.8431372549019596,-0.19887955182072847,2.988235294117647,0.0,-0.07843137254901955,0.6470588235294059,1,1,42019,BOS,MIA,0,0,0.37549296452391584
-5.388471177944865,-0.01788220551378439,0.025483709273182942,-3.463659147869677,-3.0927318295739354,-1.2180451127819545,-1.8897243107769421,-9.120300751879698,0.0,-0.2882205513784461,5.388471177944865,1,0,42019,DEN,LAL,0,1,0.21926806563616913
0.6470588235294059,0.005515406162464931,0.02457422969187678,-3.9019607843137223,2.257703081232492,-0.8431372549019596,0.19887955182072847,-2.988235294117647,0.0,0.07843137254901955,-0.6470588235294059,1,1,42019,MIA,BOS,1,1,0.6277019650727393
-5.388471177944865,-0.01788220551378439,0.025483709273182942,-3.463659147869677,-3.0927318295739354,-1.2180451127819545,-1.8897243107769421,-9.120300751879698,0.0,-0.2882205513784461,5.388471177944865,1,1,42019,DEN,LAL,0,0,0.21926806563616913
5.388471177944865,0.01788220551378439,-0.025483709273182942,3.463659147869677,3.0927318295739354,1.2180451127819545,1.8897243107769421,9.120300751879698,0.0,0.2882205513784461,-5.388471177944865,1,1,42019,LAL,DEN,1,1,0.7830593613802538
0.6470588235294059,0.005515406162464931,0.02457422969187678,-3.9019607843137223,2.257703081232492,-0.8431372549019596,0.19887955182072847,-2.988235294117647,0.0,0.07843137254901955,-0.6470588235294059,1,0,42019,MIA,BOS,1,0,0.6277019650727393
5.388471177944865,0.01788220551378439,-0.025483709273182942,3.463659147869677,3.0927318295739354,1.2180451127819545,1.8897243107769421,9.120300751879698,0.0,0.2882205513784461,-5.388471177944865,1,1,42019,LAL,DEN,1,1,0.7830593613802538
-0.6470588235294059,-0.005515406162464931,-0.02457422969187678,3.9019607843137223,-2.257703081232492,0.8431372549019596,-0.19887955182072847,2.988235294117647,0.0,-0.07843137254901955,0.6470588235294059,1,0,42019,BOS,MIA,0,1,0.37549296452391584
6.578947368421055,0.002724696356275258,-0.010578947368421077,3.3684210526315823,-1.3724696356275317,-0.9797570850202444,1.3036437246963564,6.493927125506072,524.0,0.06477732793522267,-6.578947368421055,1,0,42019,LAC,DEN,0,1,0.4685087151270302
-0.6470588235294059,-0.005515406162464931,-0.02457422969187678,3.9019607843137223,-2.257703081232492,0.8431372549019596,-0.19887955182072847,2.988235294117647,0.0,-0.07843137254901955,0.6470588235294059,1,0,42019,BOS,MIA,0,1,0.37549296452391584
-6.578947368421055,-0.002724696356275258,0.010578947368421077,-3.3684210526315823,1.3724696356275317,0.9797570850202444,-1.3036437246963564,-6.493927125506072,0.0,-0.06477732793522267,6.578947368421055,1,1,42019,DEN,LAC,0,0,0.4698687175071634
5.142857142857139,0.05245238095238097,-0.011904761904761918,5.261904761904759,4.285714285714288,1.345238095238095,-1.0357142857142865,6.123809523809523,-523.0,0.3452380952380952,-5.142857142857139,1,1,42019,LAL,HOU,1,1,0.8567972657279924
6.578947368421055,0.002724696356275258,-0.010578947368421077,3.3684210526315823,-1.3724696356275317,-0.9797570850202444,1.3036437246963564,6.493927125506072,0.0,0.06477732793522267,-6.578947368421055,1,0,42019,LAC,DEN,1,0,0.5335294196500133
0.010695187165765674,-0.015839572192513418,0.01958288770053479,-0.5989304812834249,2.1711229946524035,-0.7219251336898385,0.3850267379679142,-0.8973262032085563,521.0,0.048128342245989275,-0.010695187165765674,1,0,42019,TOR,BOS,1,0,0.5058046063074163
-5.142857142857139,-0.05245238095238097,0.011904761904761918,-5.261904761904759,-4.285714285714288,-1.345238095238095,1.0357142857142865,-6.123809523809523,0.0,-0.3452380952380952,5.142857142857139,1,0,42019,HOU,LAL,0,1,0.1801490850362784
-0.010695187165765674,0.015839572192513418,-0.01958288770053479,0.5989304812834249,-2.1711229946524035,0.7219251336898385,-0.3850267379679142,0.8973262032085563,0.0,-0.048128342245989275,0.010695187165765674,1,0,42019,BOS,TOR,0,1,0.4332675766321489
-6.578947368421055,-0.002724696356275258,0.010578947368421077,-3.3684210526315823,1.3724696356275317,0.9797570850202444,-1.3036437246963564,-6.493927125506072,0.0,-0.06477732793522267,6.578947368421055,1,0,42019,DEN,LAC,0,1,0.4698687175071634
-5.142857142857139,-0.05245238095238097,0.011904761904761918,-5.261904761904759,-4.285714285714288,-1.345238095238095,1.0357142857142865,-6.123809523809523,0.0,-0.3452380952380952,5.142857142857139,1,0,42019,HOU,LAL,0,1,0.1801490850362784
1.0999999999999943,0.0007904761904761748,-0.006809523809523821,5.366666666666667,-0.6047619047619044,2.2666666666666657,0.2952380952380951,-0.8,520.0,-0.16666666666666663,-1.0999999999999943,1,0,42019,MIL,MIA,0,1,0.23658522660157405
0.010695187165765674,-0.015839572192513418,0.01958288770053479,-0.5989304812834249,2.1711229946524035,-0.7219251336898385,0.3850267379679142,-0.8973262032085563,0.0,0.048128342245989275,-0.010695187165765674,1,0,42019,TOR,BOS,1,0,0.5700805231578666
-6.578947368421055,-0.002724696356275258,0.010578947368421077,-3.3684210526315823,1.3724696356275317,0.9797570850202444,-1.3036437246963564,-6.493927125506072,0.0,-0.06477732793522267,6.578947368421055,1,0,42019,DEN,LAC,0,1,0.4698687175071634
-1.0999999999999943,-0.0007904761904761748,0.006809523809523821,-5.366666666666667,0.6047619047619044,-2.2666666666666657,-0.2952380952380951,0.8,0.0,0.16666666666666663,1.0999999999999943,1,0,42019,MIA,MIL,1,0,0.716400780506382
5.142857142857139,0.05245238095238097,-0.011904761904761918,5.261904761904759,4.285714285714288,1.345238095238095,-1.0357142857142865,6.123809523809523,0.0,0.3452380952380952,-5.142857142857139,1,1,42019,LAL,HOU,1,1,0.8218578567341691
-0.010695187165765674,0.015839572192513418,-0.01958288770053479,0.5989304812834249,-2.1711229946524035,0.7219251336898385,-0.3850267379679142,0.8973262032085563,0.0,-0.048128342245989275,0.010695187165765674,1,0,42019,BOS,TOR,0,1,0.4332675766321489
6.578947368421055,0.002724696356275258,-0.010578947368421077,3.3684210526315823,-1.3724696356275317,-0.9797570850202444,1.3036437246963564,6.493927125506072,0.0,0.06477732793522267,-6.578947368421055,1,0,42019,LAC,DEN,1,0,0.5335294196500133
-1.0999999999999943,-0.0007904761904761748,0.006809523809523821,-5.366666666666667,0.6047619047619044,-2.2666666666666657,-0.2952380952380951,0.8,0.0,0.16666666666666663,1.0999999999999943,1,1,42019,MIA,MIL,1,1,0.716400780506382
5.142857142857139,0.05245238095238097,-0.011904761904761918,5.261904761904759,4.285714285714288,1.345238095238095,-1.0357142857142865,6.123809523809523,0.0,0.3452380952380952,-5.142857142857139,1,0,42019,LAL,HOU,1,0,0.8218578567341691
-0.010695187165765674,0.015839572192513418,-0.01958288770053479,0.5989304812834249,-2.1711229946524035,0.7219251336898385,-0.3850267379679142,0.8973262032085563,0.0,-0.048128342245989275,0.010695187165765674,1,0,42019,BOS,TOR,0,1,0.4332675766321489
6.578947368421055,0.002724696356275258,-0.010578947368421077,3.3684210526315823,-1.3724696356275317,-0.9797570850202444,1.3036437246963564,6.493927125506072,0.0,0.06477732793522267,-6.578947368421055,1,1,42019,LAC,DEN,1,1,0.5335294196500133
3.6666666666666714,0.005738095238095209,0.02742857142857147,-11.023809523809518,3.4761904761904745,-2.916666666666666,3.7976190476190483,7.161904761904762,-509.0,-0.011904761904761862,-3.6666666666666714,1,1,42019,HOU,OKC,1,1,0.6268447615757201
1.0999999999999943,0.0007904761904761748,-0.006809523809523821,5.366666666666667,-0.6047619047619044,2.2666666666666657,0.2952380952380951,-0.8,0.0,-0.16666666666666663,-1.0999999999999943,1,0,42019,MIL,MIA,0,1,0.2863802458706097
0.010695187165765674,-0.015839572192513418,0.01958288770053479,-0.5989304812834249,2.1711229946524035,-0.7219251336898385,0.3850267379679142,-0.8973262032085563,0.0,0.048128342245989275,-0.010695187165765674,1,0,42019,TOR,BOS,1,0,0.5700805231578666
-6.0075187969924855,-0.015548872180451034,-0.046706766917293197,-0.5112781954887282,1.097744360902258,2.067669172932332,0.015037593984962072,-5.69172932330827,-508.0,0.045112781954887216,6.0075187969924855,1,1,42019,DEN,UTA,1,1,0.6317509197128549
-3.6666666666666714,-0.005738095238095209,-0.02742857142857147,11.023809523809518,-3.4761904761904745,2.916666666666666,-3.7976190476190483,-7.161904761904762,0.0,0.011904761904761862,3.6666666666666714,1,1,42019,OKC,HOU,0,0,0.43731633166840606
1.0999999999999943,0.0007904761904761748,-0.006809523809523821,5.366666666666667,-0.6047619047619044,2.2666666666666657,0.2952380952380951,-0.8,0.0,-0.16666666666666663,-1.0999999999999943,1,0,42019,MIL,MIA,0,1,0.2863802458706097
3.0,-0.002461538461538515,-0.004666666666666652,-0.8333333333333357,0.3461538461538467,0.26923076923077005,-0.9615384615384617,-13.897435897435898,1601.0,-0.20512820512820512,-3.0,1,0,42019,DAL,LAC,0,1,0.1516413141269643
0.010695187165765674,-0.015839572192513418,0.01958288770053479,-0.5989304812834249,2.1711229946524035,-0.7219251336898385,0.3850267379679142,-0.8973262032085563,0.0,0.048128342245989275,-0.010695187165765674,1,0,42019,TOR,BOS,1,0,0.5700805231578666
6.0075187969924855,0.015548872180451034,0.046706766917293197,0.5112781954887282,-1.097744360902258,-2.067669172932332,-0.015037593984962072,5.69172932330827,0.0,-0.045112781954887216,-6.0075187969924855,1,0,42019,UTA,DEN,0,1,0.432026192265733
4.099999999999994,0.04119999999999996,-0.016000000000000014,3.700000000000003,0.5,0.40000000000000036,0.40000000000000036,10.399999999999999,-506.0,0.3,-4.099999999999994,1,1,42019,MIL,ORL,1,1,0.8227945821905005
3.6666666666666714,0.005738095238095209,0.02742857142857147,-11.023809523809518,3.4761904761904745,-2.916666666666666,3.7976190476190483,7.161904761904762,0.0,-0.011904761904761862,-3.6666666666666714,1,1,42019,HOU,OKC,1,1,0.5660390978954776
6.209523809523816,0.06461904761904763,-0.030104761904761856,1.2952380952380977,7.81904761904762,-1.5714285714285712,0.6476190476190471,17.457142857142856,-509.0,0.5619047619047619,-6.209523809523816,1,1,42019,LAL,POR,1,1,0.9469708942342219
-3.0,0.002461538461538515,0.004666666666666652,0.8333333333333357,-0.3461538461538467,-0.26923076923077005,0.9615384615384617,13.897435897435898,0.0,0.20512820512820512,3.0,1,1,42019,LAC,DAL,1,1,0.719032007784712
-6.0075187969924855,-0.015548872180451034,-0.046706766917293197,-0.5112781954887282,1.097744360902258,2.067669172932332,0.015037593984962072,-5.69172932330827,0.0,0.045112781954887216,6.0075187969924855,1,1,42019,DEN,UTA,1,1,0.5713195707697171
-6.209523809523816,-0.06461904761904763,0.030104761904761856,-1.2952380952380977,-7.81904761904762,1.5714285714285712,-0.6476190476190471,-17.457142857142856,0.0,-0.5619047619047619,6.209523809523816,1,0,42019,POR,LAL,0,1,0.06812948234178358
-3.6666666666666714,-0.005738095238095209,-0.02742857142857147,11.023809523809518,-3.4761904761904745,2.916666666666666,-3.7976190476190483,-7.161904761904762,0.0,0.011904761904761862,3.6666666666666714,1,1,42019,OKC,HOU,0,0,0.43731633166840606
9.25,0.0060595238095237924,-0.0161904761904762,4.833333333333336,2.404761904761905,-2.166666666666666,-2.345238095238095,12.5,-505.0,0.6666666666666666,-9.25,1,1,42019,MIA,IND,1,1,0.9615630481399807
-4.099999999999994,-0.04119999999999996,0.016000000000000014,-3.700000000000003,-0.5,-0.40000000000000036,-0.40000000000000036,-10.399999999999999,0.0,-0.3,4.099999999999994,1,0,42019,ORL,MIL,0,1,0.21921540167959563
3.0,-0.002461538461538515,-0.004666666666666652,-0.8333333333333357,0.3461538461538467,0.26923076923077005,-0.9615384615384617,-13.897435897435898,0.0,-0.20512820512820512,-3.0,1,1,42019,DAL,LAC,0,0,0.28373343539717955
-3.6136363636363598,-0.04295454545454541,-0.02056818181818182,-0.38636363636363313,0.9318181818181834,2.045454545454545,-2.090909090909091,-24.59090909090909,505.0,-0.6363636363636364,3.6136363636363598,1,0,42019,BKN,TOR,0,1,0.041186941238542586
-8.852941176470594,-0.054544117647058854,-0.07048529411764698,0.764705882352942,-5.147058823529413,-1.4264705882352935,-1.7058823529411766,-16.738235294117647,505.0,-0.5882352941176471,8.852941176470594,1,0,42019,PHI,BOS,0,1,0.041229860745842235
6.0075187969924855,0.015548872180451034,0.046706766917293197,0.5112781954887282,-1.097744360902258,-2.067669172932332,-0.015037593984962072,5.69172932330827,0.0,-0.045112781954887216,-6.0075187969924855,1,1,42019,UTA,DEN,0,0,0.432026192265733
-3.6666666666666714,-0.005738095238095209,-0.02742857142857147,11.023809523809518,-3.4761904761904745,2.916666666666666,-3.7976190476190483,-7.161904761904762,0.0,0.011904761904761862,3.6666666666666714,1,1,42019,OKC,HOU,0,0,0.43731633166840606
9.25,0.0060595238095237924,-0.0161904761904762,4.833333333333336,2.404761904761905,-2.166666666666666,-2.345238095238095,12.5,0.0,0.6666666666666666,-9.25,1,1,42019,MIA,IND,1,1,0.9511321520842115
-4.099999999999994,-0.04119999999999996,0.016000000000000014,-3.700000000000003,-0.5,-0.40000000000000036,-0.40000000000000036,-10.399999999999999,0.0,-0.3,4.099999999999994,1,0,42019,ORL,MIL,0,1,0.21921540167959563
-6.209523809523816,-0.06461904761904763,0.030104761904761856,-1.2952380952380977,-7.81904761904762,1.5714285714285712,-0.6476190476190471,-17.457142857142856,0.0,-0.5619047619047619,6.209523809523816,1,0,42019,POR,LAL,0,1,0.06812948234178358
-3.6136363636363598,-0.04295454545454541,-0.02056818181818182,-0.38636363636363313,0.9318181818181834,2.045454545454545,-2.090909090909091,-24.59090909090909,0.0,-0.6363636363636364,3.6136363636363598,1,0,42019,BKN,TOR,0,1,0.05232351149625689
6.0075187969924855,0.015548872180451034,0.046706766917293197,0.5112781954887282,-1.097744360902258,-2.067669172932332,-0.015037593984962072,5.69172932330827,0.0,-0.045112781954887216,-6.0075187969924855,1,1,42019,UTA,DEN,0,0,0.432026192265733
3.0,-0.002461538461538515,-0.004666666666666652,-0.8333333333333357,0.3461538461538467,0.26923076923077005,-0.9615384615384617,-13.897435897435898,0.0,-0.20512820512820512,-3.0,1,0,42019,DAL,LAC,0,1,0.28373343539717955
-8.852941176470594,-0.054544117647058854,-0.07048529411764698,0.764705882352942,-5.147058823529413,-1.4264705882352935,-1.7058823529411766,-16.738235294117647,0.0,-0.5882352941176471,8.852941176470594,1,0,42019,PHI,BOS,0,1,0.05237740209133141
6.209523809523816,0.06461904761904763,-0.030104761904761856,1.2952380952380977,7.81904761904762,-1.5714285714285712,0.6476190476190471,17.457142857142856,0.0,0.5619047619047619,-6.209523809523816,1,1,42019,LAL,POR,1,1,0.9327319038807259
3.6666666666666714,0.005738095238095209,0.02742857142857147,-11.023809523809518,3.4761904761904745,-2.916666666666666,3.7976190476190483,7.161904761904762,0.0,-0.011904761904761862,-3.6666666666666714,1,1,42019,HOU,OKC,1,1,0.5660390978954776
4.099999999999994,0.04119999999999996,-0.016000000000000014,3.700000000000003,0.5,0.40000000000000036,0.40000000000000036,10.399999999999999,0.0,0.3,-4.099999999999994,1,1,42019,MIL,ORL,1,1,0.7831116216255812
-9.25,-0.0060595238095237924,0.0161904761904762,-4.833333333333336,-2.404761904761905,2.166666666666666,2.345238095238095,-12.5,0.0,-0.6666666666666666,9.25,1,0,42019,IND,MIA,0,1,0.04950611985522084
-3.0,0.002461538461538515,0.004666666666666652,0.8333333333333357,-0.3461538461538467,-0.26923076923077005,0.9615384615384617,13.897435897435898,0.0,0.20512820512820512,3.0,1,0,42019,LAC,DAL,1,0,0.719032007784712
8.852941176470594,0.054544117647058854,0.07048529411764698,-0.764705882352942,5.147058823529413,1.4264705882352935,1.7058823529411766,16.738235294117647,0.0,0.5882352941176471,-8.852941176470594,1,1,42019,BOS,PHI,1,1,0.948295874965254
-6.0075187969924855,-0.015548872180451034,-0.046706766917293197,-0.5112781954887282,1.097744360902258,2.067669172932332,0.015037593984962072,-5.69172932330827,0.0,0.045112781954887216,6.0075187969924855,1,0,42019,DEN,UTA,1,0,0.5713195707697171
3.6136363636363598,0.04295454545454541,0.02056818181818182,0.38636363636363313,-0.9318181818181834,-2.045454545454545,2.090909090909091,24.59090909090909,0.0,0.6363636363636364,-3.6136363636363598,1,1,42019,TOR,BKN,1,1,0.9483491105898455
3.6666666666666714,0.005738095238095209,0.02742857142857147,-11.023809523809518,3.4761904761904745,-2.916666666666666,3.7976190476190483,7.161904761904762,0.0,-0.011904761904761862,-3.6666666666666714,1,1,42019,HOU,OKC,1,1,0.5660390978954776
-9.25,-0.0060595238095237924,0.0161904761904762,-4.833333333333336,-2.404761904761905,2.166666666666666,2.345238095238095,-12.5,0.0,-0.6666666666666666,9.25,1,0,42019,IND,MIA,0,1,0.04950611985522084
4.099999999999994,0.04119999999999996,-0.016000000000000014,3.700000000000003,0.5,0.40000000000000036,0.40000000000000036,10.399999999999999,0.0,0.3,-4.099999999999994,1,0,42019,MIL,ORL,1,0,0.7831116216255812
6.209523809523816,0.06461904761904763,-0.030104761904761856,1.2952380952380977,7.81904761904762,-1.5714285714285712,0.6476190476190471,17.457142857142856,0.0,0.5619047619047619,-6.209523809523816,1,0,42019,LAL,POR,1,0,0.9327319038807259
-3.0,0.002461538461538515,0.004666666666666652,0.8333333333333357,-0.3461538461538467,-0.26923076923077005,0.9615384615384617,13.897435897435898,0.0,0.20512820512820512,3.0,1,1,42019,LAC,DAL,1,1,0.719032007784712
3.6136363636363598,0.04295454545454541,0.02056818181818182,0.38636363636363313,-0.9318181818181834,-2.045454545454545,2.090909090909091,24.59090909090909,0.0,0.6363636363636364,-3.6136363636363598,1,1,42019,TOR,BKN,1,1,0.9483491105898455
8.852941176470594,0.054544117647058854,0.07048529411764698,-0.764705882352942,5.147058823529413,1.4264705882352935,1.7058823529411766,16.738235294117647,0.0,0.5882352941176471,-8.852941176470594,1,1,42019,BOS,PHI,1,1,0.948295874965254
-6.0075187969924855,-0.015548872180451034,-0.046706766917293197,-0.5112781954887282,1.097744360902258,2.067669172932332,0.015037593984962072,-5.69172932330827,0.0,0.045112781954887216,6.0075187969924855,1,1,42019,DEN,UTA,1,1,0.5713195707697171
1.3043478260869534,-0.018918972332015838,-0.05757114624505927,6.274703557312257,-0.40118577075098827,0.7233201581027675,1.371541501976285,0.6758893280632412,333.0,0.059288537549407105,-1.3043478260869534,1,1,42020,MIL,PHX,0,0,0.47283982833970667
-1.3043478260869534,0.018918972332015838,0.05757114624505927,-6.274703557312257,0.40118577075098827,-0.7233201581027675,-1.371541501976285,-0.6758893280632412,0.0,-0.059288537549407105,1.3043478260869534,1,0,42020,PHX,MIL,0,1,0.48922162028033506
1.3043478260869534,-0.018918972332015838,-0.05757114624505927,6.274703557312257,-0.40118577075098827,0.7233201581027675,1.371541501976285,0.6758893280632412,0.0,0.059288537549407105,-1.3043478260869534,1,1,42020,MIL,PHX,1,1,0.5141882178480358
1.3043478260869534,-0.018918972332015838,-0.05757114624505927,6.274703557312257,-0.40118577075098827,0.7233201581027675,1.371541501976285,0.6758893280632412,0.0,0.059288537549407105,-1.3043478260869534,1,1,42020,MIL,PHX,1,1,0.5141882178480358
-1.3043478260869534,0.018918972332015838,0.05757114624505927,-6.274703557312257,0.40118577075098827,-0.7233201581027675,-1.371541501976285,-0.6758893280632412,0.0,-0.059288537549407105,1.3043478260869534,1,1,42020,PHX,MIL,0,0,0.48922162028033506
-1.3043478260869534,0.018918972332015838,0.05757114624505927,-6.274703557312257,0.40118577075098827,-0.7233201581027675,-1.371541501976285,-0.6758893280632412,0.0,-0.059288537549407105,1.3043478260869534,1,1,42020,PHX,MIL,0,0,0.48922162028033506
-4.026570048309182,-0.012439613526570081,0.027101449275362344,-6.5676328502415515,-2.603864734299517,-0.19806763285024154,-1.103864734299517,-6.630434782608695,1542.0,-0.14009661835748788,4.026570048309182,1,0,42020,ATL,MIL,0,1,0.22869563811015767
4.026570048309182,0.012439613526570081,-0.027101449275362344,6.5676328502415515,2.603864734299517,0.19806763285024154,1.103864734299517,6.630434782608695,0.0,0.14009661835748788,-4.026570048309182,1,1,42020,MIL,ATL,1,1,0.6137010121598222
2.578947368421055,-0.003925837320574221,0.004021531100478537,-1.5239234449760772,-2.437799043062199,-1.8899521531100483,0.3349282296650724,-0.401913875598086,323.0,-0.11004784688995217,-2.578947368421055,1,0,42020,LAC,PHX,0,1,0.33032411030622016
-4.026570048309182,-0.012439613526570081,0.027101449275362344,-6.5676328502415515,-2.603864734299517,-0.19806763285024154,-1.103864734299517,-6.630434782608695,0.0,-0.14009661835748788,4.026570048309182,1,1,42020,ATL,MIL,0,0,0.38953950516633645
-2.578947368421055,0.003925837320574221,-0.004021531100478537,1.5239234449760772,2.437799043062199,1.8899521531100483,-0.3349282296650724,0.401913875598086,0.0,0.11004784688995217,2.578947368421055,1,0,42020,PHX,LAC,1,0,0.6364113625278874
-4.026570048309182,-0.012439613526570081,0.027101449275362344,-6.5676328502415515,-2.603864734299517,-0.19806763285024154,-1.103864734299517,-6.630434782608695,0.0,-0.14009661835748788,4.026570048309182,1,0,42020,ATL,MIL,0,1,0.38953950516633645
2.578947368421055,-0.003925837320574221,0.004021531100478537,-1.5239234449760772,-2.437799043062199,-1.8899521531100483,0.3349282296650724,-0.401913875598086,0.0,-0.11004784688995217,-2.578947368421055,1,0,42020,LAC,PHX,0,1,0.3667524956139107
4.026570048309182,0.012439613526570081,-0.027101449275362344,6.5676328502415515,2.603864734299517,0.19806763285024154,1.103864734299517,6.630434782608695,0.0,0.14009661835748788,-4.026570048309182,1,1,42020,MIL,ATL,1,1,0.6137010121598222
2.578947368421055,-0.003925837320574221,0.004021531100478537,-1.5239234449760772,-2.437799043062199,-1.8899521531100483,0.3349282296650724,-0.401913875598086,0.0,-0.11004784688995217,-2.578947368421055,1,1,42020,LAC,PHX,0,0,0.3667524956139107
4.026570048309182,0.012439613526570081,-0.027101449275362344,6.5676328502415515,2.603864734299517,0.19806763285024154,1.103864734299517,6.630434782608695,0.0,0.14009661835748788,-4.026570048309182,1,0,42020,MIL,ATL,1,0,0.6137010121598222
-2.578947368421055,0.003925837320574221,-0.004021531100478537,1.5239234449760772,2.437799043062199,1.8899521531100483,-0.3349282296650724,0.401913875598086,0.0,0.11004784688995217,2.578947368421055,1,1,42020,PHX,LAC,1,1,0.6364113625278874
9.972222222222229,0.0471388888888889,0.054333333333333345,2.2777777777777786,4.694444444444446,0.3611111111111107,1.2777777777777777,9.0,310.0,0.02777777777777779,-9.972222222222229,1,0,42020,PHI,ATL,0,1,0.49408459018763234
-2.578947368421055,0.003925837320574221,-0.004021531100478537,1.5239234449760772,2.437799043062199,1.8899521531100483,-0.3349282296650724,0.401913875598086,0.0,0.11004784688995217,2.578947368421055,1,1,42020,PHX,LAC,1,1,0.6364113625278874
2.1956521739130466,0.010282608695652118,0.06635144927536235,-6.3731884057971016,-0.2427536231884062,-1.3369565217391308,-0.7427536231884062,1.2028985507246377,310.0,-0.11231884057971009,-2.1956521739130466,1,0,42020,BKN,MIL,0,1,0.3849920468797962
-9.972222222222229,-0.0471388888888889,-0.054333333333333345,-2.2777777777777786,-4.694444444444446,-0.3611111111111107,-1.2777777777777777,-9.0,0.0,-0.02777777777777779,9.972222222222229,1,0,42020,ATL,PHI,0,1,0.47083983756799186
-5.330143540669852,0.005483253588516757,-0.041660287081339675,-1.2057416267942642,1.1531100478468908,-2.98086124401914,1.607655502392345,4.8708133971291865,-307.0,-0.019138755980861233,5.330143540669852,1,1,42020,LAC,UTA,1,1,0.5054025837355941
-2.1956521739130466,-0.010282608695652118,-0.06635144927536235,6.3731884057971016,0.2427536231884062,1.3369565217391308,0.7427536231884062,-1.2028985507246377,0.0,0.11231884057971009,2.1956521739130466,1,1,42020,MIL,BKN,1,1,0.5812669754714603
9.972222222222229,0.0471388888888889,0.054333333333333345,2.2777777777777786,4.694444444444446,0.3611111111111107,1.2777777777777777,9.0,0.0,0.02777777777777779,-9.972222222222229,1,0,42020,PHI,ATL,1,0,0.5325591301185525
5.330143540669852,-0.005483253588516757,0.041660287081339675,1.2057416267942642,-1.1531100478468908,2.98086124401914,-1.607655502392345,-4.8708133971291865,0.0,0.019138755980861233,-5.330143540669852,1,0,42020,UTA,LAC,1,0,0.5360944595031507
2.1956521739130466,0.010282608695652118,0.06635144927536235,-6.3731884057971016,-0.2427536231884062,-1.3369565217391308,-0.7427536231884062,1.2028985507246377,0.0,-0.11231884057971009,-2.1956521739130466,1,1,42020,BKN,MIL,0,0,0.42205850425772734
-5.330143540669852,0.005483253588516757,-0.041660287081339675,-1.2057416267942642,1.1531100478468908,-2.98086124401914,1.607655502392345,4.8708133971291865,0.0,-0.019138755980861233,5.330143540669852,1,1,42020,LAC,UTA,0,0,0.4673013581537212
-9.972222222222229,-0.0471388888888889,-0.054333333333333345,-2.2777777777777786,-4.694444444444446,-0.3611111111111107,-1.2777777777777777,-9.0,0.0,-0.02777777777777779,9.972222222222229,1,1,42020,ATL,PHI,0,0,0.47083983756799186
-2.1956521739130466,-0.010282608695652118,-0.06635144927536235,6.3731884057971016,0.2427536231884062,1.3369565217391308,0.7427536231884062,-1.2028985507246377,0.0,0.11231884057971009,2.1956521739130466,1,1,42020,MIL,BKN,1,1,0.5812669754714603
5.799999999999997,-0.023736363636363722,0.011563636363636387,0.9181818181818215,1.672727272727272,-0.663636363636364,-0.3545454545454545,-9.954545454545453,307.0,-0.23636363636363633,-5.799999999999997,1,0,42020,DEN,PHX,0,1,0.2186092965642888
-5.330143540669852,0.005483253588516757,-0.041660287081339675,-1.2057416267942642,1.1531100478468908,-2.98086124401914,1.607655502392345,4.8708133971291865,0.0,-0.019138755980861233,5.330143540669852,1,1,42020,LAC,UTA,0,0,0.4673013581537212
-9.972222222222229,-0.0471388888888889,-0.054333333333333345,-2.2777777777777786,-4.694444444444446,-0.3611111111111107,-1.2777777777777777,-9.0,0.0,-0.02777777777777779,9.972222222222229,1,0,42020,ATL,PHI,0,1,0.47083983756799186
5.799999999999997,-0.023736363636363722,0.011563636363636387,0.9181818181818215,1.672727272727272,-0.663636363636364,-0.3545454545454545,-9.954545454545453,0.0,-0.23636363636363633,-5.799999999999997,1,0,42020,DEN,PHX,0,1,0.2457894128413968
-2.1956521739130466,-0.010282608695652118,-0.06635144927536235,6.3731884057971016,0.2427536231884062,1.3369565217391308,0.7427536231884062,-1.2028985507246377,0.0,0.11231884057971009,2.1956521739130466,1,1,42020,MIL,BKN,1,1,0.5812669754714603
5.330143540669852,-0.005483253588516757,0.041660287081339675,1.2057416267942642,-1.1531100478468908,2.98086124401914,-1.607655502392345,-4.8708133971291865,0.0,0.019138755980861233,-5.330143540669852,1,1,42020,UTA,LAC,1,1,0.5360944595031507
-5.799999999999997,0.023736363636363722,-0.011563636363636387,-0.9181818181818215,-1.672727272727272,0.663636363636364,0.3545454545454545,9.954545454545453,0.0,0.23636363636363633,5.799999999999997,1,1,42020,PHX,DEN,1,1,0.7567318095893875
5.330143540669852,-0.005483253588516757,0.041660287081339675,1.2057416267942642,-1.1531100478468908,2.98086124401914,-1.607655502392345,-4.8708133971291865,0.0,0.019138755980861233,-5.330143540669852,1,1,42020,UTA,LAC,1,1,0.5360944595031507
9.972222222222229,0.0471388888888889,0.054333333333333345,2.2777777777777786,4.694444444444446,0.3611111111111107,1.2777777777777777,9.0,0.0,0.02777777777777779,-9.972222222222229,1,1,42020,PHI,ATL,1,1,0.5325591301185525
-5.799999999999997,0.023736363636363722,-0.011563636363636387,-0.9181818181818215,-1.672727272727272,0.663636363636364,0.3545454545454545,9.954545454545453,0.0,0.23636363636363633,5.799999999999997,1,1,42020,PHX,DEN,1,1,0.7567318095893875
2.1956521739130466,0.010282608695652118,0.06635144927536235,-6.3731884057971016,-0.2427536231884062,-1.3369565217391308,-0.7427536231884062,1.2028985507246377,0.0,-0.11231884057971009,-2.1956521739130466,1,1,42020,BKN,MIL,0,0,0.42205850425772734
5.578947368421055,0.019781954887218067,-0.004556390977443592,0.5864661654135332,0.07518796992481214,-0.8120300751879714,1.2180451127819554,9.195488721804512,-295.0,0.09774436090225563,-5.578947368421055,1,1,42020,LAC,DAL,1,1,0.6340896816195587
9.972222222222229,0.0471388888888889,0.054333333333333345,2.2777777777777786,4.694444444444446,0.3611111111111107,1.2777777777777777,9.0,0.0,0.02777777777777779,-9.972222222222229,1,0,42020,PHI,ATL,1,0,0.5325591301185525
2.1956521739130466,0.010282608695652118,0.06635144927536235,-6.3731884057971016,-0.2427536231884062,-1.3369565217391308,-0.7427536231884062,1.2028985507246377,0.0,-0.11231884057971009,-2.1956521739130466,1,1,42020,BKN,MIL,0,0,0.42205850425772734
-5.578947368421055,-0.019781954887218067,0.004556390977443592,-0.5864661654135332,-0.07518796992481214,0.8120300751879714,-1.2180451127819554,-9.195488721804512,0.0,-0.09774436090225563,5.578947368421055,1,0,42020,DAL,LAC,0,1,0.40383139626322134
-11.5,-0.06713636363636372,-0.07713636363636361,0.4848484848484844,-3.8939393939393945,1.8030303030303028,0.21212121212121282,-10.954545454545453,293.0,-0.30303030303030304,11.5,1,0,42020,LAL,PHX,0,1,0.16819883667440846
4.700000000000003,0.01993333333333336,0.030299999999999994,-1.9333333333333371,-2.0666666666666664,0.9666666666666668,-0.9333333333333327,4.166666666666667,293.0,-0.06666666666666671,-4.700000000000003,1,0,42020,POR,DEN,0,1,0.40477118434341886
-9.277777777777771,-0.05257777777777778,-0.0012666666666666382,4.011111111111113,-1.62222222222222,-0.48888888888888893,-0.9222222222222225,-5.5,7.0,-0.35555555555555557,9.277777777777771,1,0,42020,NYK,ATL,0,1,0.1427479683610464
6.25,0.03611666666666663,0.09799999999999998,1.2666666666666657,2.5166666666666693,-0.5500000000000007,3.2,22.98,-1149.0,0.38333333333333336,-6.25,1,1,42020,PHI,WAS,1,1,0.9156492468272751
5.578947368421055,0.019781954887218067,-0.004556390977443592,0.5864661654135332,0.07518796992481214,-0.8120300751879714,1.2180451127819554,9.195488721804512,0.0,0.09774436090225563,-5.578947368421055,1,0,42020,LAC,DAL,1,0,0.5994500027803251
1.9090909090909065,0.0015272727272727105,0.08681818181818185,1.163636363636364,-2.3636363636363633,2.0545454545454547,-2.8181818181818183,7.581818181818182,-1515.0,0.3454545454545454,-1.9090909090909065,1,1,42020,UTA,MEM,1,1,0.9199023323599602
-4.700000000000003,-0.01993333333333336,-0.030299999999999994,1.9333333333333371,2.0666666666666664,-0.9666666666666668,0.9333333333333327,-4.166666666666667,0.0,0.06666666666666671,4.700000000000003,1,1,42020,DEN,POR,1,1,0.5630716883406979
11.5,0.06713636363636372,0.07713636363636361,-0.4848484848484844,3.8939393939393945,-1.8030303030303028,-0.21212121212121282,10.954545454545453,0.0,0.30303030303030304,-11.5,1,1,42020,PHX,LAL,1,1,0.8125187951959988
0.29999999999999716,0.03770000000000001,0.030916666666666703,1.1833333333333371,1.5833333333333321,-1.4499999999999993,0.6833333333333327,17.53333333333333,-292.0,0.38333333333333336,-0.29999999999999716,1,1,42020,BKN,BOS,1,1,0.8710637999927962
-6.25,-0.03611666666666663,-0.09799999999999998,-1.2666666666666657,-2.5166666666666693,0.5500000000000007,-3.2,-22.98,0.0,-0.38333333333333336,6.25,1,1,42020,WAS,PHI,0,0,0.14186354182838679
-1.9090909090909065,-0.0015272727272727105,-0.08681818181818185,-1.163636363636364,2.3636363636363633,-2.0545454545454547,2.8181818181818183,-7.581818181818182,0.0,-0.3454545454545454,1.9090909090909065,1,0,42020,MEM,UTA,0,1,0.15784502900570732
9.277777777777771,0.05257777777777778,0.0012666666666666382,-4.011111111111113,1.62222222222222,0.48888888888888893,0.9222222222222225,5.5,0.0,0.35555555555555557,-9.277777777777771,1,1,42020,ATL,NYK,1,1,0.8584918586613969
-11.5,-0.06713636363636372,-0.07713636363636361,0.4848484848484844,-3.8939393939393945,1.8030303030303028,0.21212121212121282,-10.954545454545453,0.0,-0.30303030303030304,11.5,1,0,42020,LAL,PHX,0,1,0.18956909158609647
-5.578947368421055,-0.019781954887218067,0.004556390977443592,-0.5864661654135332,-0.07518796992481214,0.8120300751879714,-1.2180451127819554,-9.195488721804512,0.0,-0.09774436090225563,5.578947368421055,1,0,42020,DAL,LAC,0,1,0.40383139626322134
-0.29999999999999716,-0.03770000000000001,-0.030916666666666703,-1.1833333333333371,-1.5833333333333321,1.4499999999999993,-0.6833333333333327,-17.53333333333333,0.0,-0.38333333333333336,0.29999999999999716,1,0,42020,BOS,BKN,0,1,0.1478439191627529
-6.25,-0.03611666666666663,-0.09799999999999998,-1.2666666666666657,-2.5166666666666693,0.5500000000000007,-3.2,-22.98,0.0,-0.38333333333333336,6.25,1,0,42020,WAS,PHI,0,1,0.14186354182838679
-1.9090909090909065,-0.0015272727272727105,-0.08681818181818185,-1.163636363636364,2.3636363636363633,-2.0545454545454547,2.8181818181818183,-7.581818181818182,0.0,-0.3454545454545454,1.9090909090909065,1,0,42020,MEM,UTA,0,1,0.15784502900570732
-12.304347826086953,-0.06671739130434784,0.00943478260869568,-6.706521739130437,-1.3260869565217384,1.6630434782608692,-0.5760869565217392,-25.630434782608695,291.0,-0.6956521739130435,12.304347826086953,1,0,42020,MIA,MIL,0,1,0.04198850150243281
4.700000000000003,0.01993333333333336,0.030299999999999994,-1.9333333333333371,-2.0666666666666664,0.9666666666666668,-0.9333333333333327,4.166666666666667,0.0,-0.06666666666666671,-4.700000000000003,1,1,42020,POR,DEN,0,0,0.44028883849124895
-0.29999999999999716,-0.03770000000000001,-0.030916666666666703,-1.1833333333333371,-1.5833333333333321,1.4499999999999993,-0.6833333333333327,-17.53333333333333,0.0,-0.38333333333333336,0.29999999999999716,1,1,42020,BOS,BKN,0,0,0.1478439191627529
-5.578947368421055,-0.019781954887218067,0.004556390977443592,-0.5864661654135332,-0.07518796992481214,0.8120300751879714,-1.2180451127819554,-9.195488721804512,0.0,-0.09774436090225563,5.578947368421055,1,0,42020,DAL,LAC,0,1,0.40383139626322134
9.277777777777771,0.05257777777777778,0.0012666666666666382,-4.011111111111113,1.62222222222222,0.48888888888888893,0.9222222222222225,5.5,0.0,0.35555555555555557,-9.277777777777771,1,1,42020,ATL,NYK,1,1,0.8584918586613969
-12.304347826086953,-0.06671739130434784,0.00943478260869568,-6.706521739130437,-1.3260869565217384,1.6630434782608692,-0.5760869565217392,-25.630434782608695,0.0,-0.6956521739130435,12.304347826086953,1,0,42020,MIA,MIL,0,1,0.048207887069273446
-11.5,-0.06713636363636372,-0.07713636363636361,0.4848484848484844,-3.8939393939393945,1.8030303030303028,0.21212121212121282,-10.954545454545453,0.0,-0.30303030303030304,11.5,1,1,42020,LAL,PHX,0,0,0.18956909158609647
4.700000000000003,0.01993333333333336,0.030299999999999994,-1.9333333333333371,-2.0666666666666664,0.9666666666666668,-0.9333333333333327,4.166666666666667,0.0,-0.06666666666666671,-4.700000000000003,1,0,42020,POR,DEN,0,1,0.44028883849124895
6.25,0.03611666666666663,0.09799999999999998,1.2666666666666657,2.5166666666666693,-0.5500000000000007,3.2,22.98,0.0,0.38333333333333336,-6.25,1,1,42020,PHI,WAS,1,1,0.8597898245409143
-9.277777777777771,-0.05257777777777778,-0.0012666666666666382,4.011111111111113,-1.62222222222222,-0.48888888888888893,-0.9222222222222225,-5.5,0.0,-0.35555555555555557,9.277777777777771,1,1,42020,NYK,ATL,0,0,0.1431742646556181
1.9090909090909065,0.0015272727272727105,0.08681818181818185,1.163636363636364,-2.3636363636363633,2.0545454545454547,-2.8181818181818183,7.581818181818182,0.0,0.3454545454545454,-1.9090909090909065,1,1,42020,UTA,MEM,1,1,0.8439607273289553
0.29999999999999716,0.03770000000000001,0.030916666666666703,1.1833333333333371,1.5833333333333321,-1.4499999999999993,0.6833333333333327,17.53333333333333,0.0,0.38333333333333336,-0.29999999999999716,1,1,42020,BKN,BOS,1,1,0.8538672771551715
5.578947368421055,0.019781954887218067,-0.004556390977443592,0.5864661654135332,0.07518796992481214,-0.8120300751879714,1.2180451127819554,9.195488721804512,0.0,0.09774436090225563,-5.578947368421055,1,0,42020,LAC,DAL,1,0,0.5994500027803251
11.5,0.06713636363636372,0.07713636363636361,-0.4848484848484844,3.8939393939393945,-1.8030303030303028,-0.21212121212121282,10.954545454545453,0.0,0.30303030303030304,-11.5,1,0,42020,PHX,LAL,1,0,0.8125187951959988
12.304347826086953,0.06671739130434784,-0.00943478260869568,6.706521739130437,1.3260869565217384,-1.6630434782608692,0.5760869565217392,25.630434782608695,0.0,0.6956521739130435,-12.304347826086953,1,1,42020,MIL,MIA,1,1,0.9524144849923312
-4.700000000000003,-0.01993333333333336,-0.030299999999999994,1.9333333333333371,2.0666666666666664,-0.9666666666666668,0.9333333333333327,-4.166666666666667,0.0,0.06666666666666671,4.700000000000003,1,1,42020,DEN,POR,1,1,0.5630716883406979
1.9090909090909065,0.0015272727272727105,0.08681818181818185,1.163636363636364,-2.3636363636363633,2.0545454545454547,-2.8181818181818183,7.581818181818182,0.0,0.3454545454545454,-1.9090909090909065,1,0,42020,UTA,MEM,1,0,0.8439607273289553
11.5,0.06713636363636372,0.07713636363636361,-0.4848484848484844,3.8939393939393945,-1.8030303030303028,-0.21212121212121282,10.954545454545453,0.0,0.30303030303030304,-11.5,1,1,42020,PHX,LAL,1,1,0.8125187951959988
-9.277777777777771,-0.05257777777777778,-0.0012666666666666382,4.011111111111113,-1.62222222222222,-0.48888888888888893,-0.9222222222222225,-5.5,0.0,-0.35555555555555557,9.277777777777771,1,0,42020,NYK,ATL,0,1,0.1431742646556181
6.25,0.03611666666666663,0.09799999999999998,1.2666666666666657,2.5166666666666693,-0.5500000000000007,3.2,22.98,0.0,0.38333333333333336,-6.25,1,1,42020,PHI,WAS,1,1,0.8597898245409143
5.578947368421055,0.019781954887218067,-0.004556390977443592,0.5864661654135332,0.07518796992481214,-0.8120300751879714,1.2180451127819554,9.195488721804512,0.0,0.09774436090225563,-5.578947368421055,1,0,42020,LAC,DAL,1,0,0.5994500027803251
0.29999999999999716,0.03770000000000001,0.030916666666666703,1.1833333333333371,1.5833333333333321,-1.4499999999999993,0.6833333333333327,17.53333333333333,0.0,0.38333333333333336,-0.29999999999999716,1,1,42020,BKN,BOS,1,1,0.8538672771551715
12.304347826086953,0.06671739130434784,-0.00943478260869568,6.706521739130437,1.3260869565217384,-1.6630434782608692,0.5760869565217392,25.630434782608695,0.0,0.6956521739130435,-12.304347826086953,1,1,42020,MIL,MIA,1,1,0.9524144849923312
-4.700000000000003,-0.01993333333333336,-0.030299999999999994,1.9333333333333371,2.0666666666666664,-0.9666666666666668,0.9333333333333327,-4.166666666666667,0.0,0.06666666666666671,4.700000000000003,1,0,42020,DEN,POR,1,0,0.5630716883406979
-6.321969696969688,-0.03329924242424248,-0.007859848484848442,-0.9924242424242422,-2.5,0.22727272727272663,-1.3106060606060606,-1.4621212121212124,-770.0,-0.14393939393939392,6.321969696969688,1,0,42021,BOS,GSW,0,1,0.43612952581411213
6.321969696969688,0.03329924242424248,0.007859848484848442,0.9924242424242422,2.5,-0.22727272727272663,1.3106060606060606,1.4621212121212124,0.0,0.14393939393939392,-6.321969696969688,1,1,42021,GSW,BOS,1,1,0.6577441631363554
-6.321969696969688,-0.03329924242424248,-0.007859848484848442,-0.9924242424242422,-2.5,0.22727272727272663,-1.3106060606060606,-1.4621212121212124,0.0,-0.14393939393939392,6.321969696969688,1,0,42021,BOS,GSW,0,1,0.3453347918367421
-6.321969696969688,-0.03329924242424248,-0.007859848484848442,-0.9924242424242422,-2.5,0.22727272727272663,-1.3106060606060606,-1.4621212121212124,0.0,-0.14393939393939392,6.321969696969688,1,1,42021,BOS,GSW,0,0,0.3453347918367421
6.321969696969688,0.03329924242424248,0.007859848484848442,0.9924242424242422,2.5,-0.22727272727272663,1.3106060606060606,1.4621212121212124,0.0,0.14393939393939392,-6.321969696969688,1,1,42021,GSW,BOS,1,1,0.6577441631363554
6.321969696969688,0.03329924242424248,0.007859848484848442,0.9924242424242422,2.5,-0.22727272727272663,1.3106060606060606,1.4621212121212124,0.0,0.14393939393939392,-6.321969696969688,1,0,42021,GSW,BOS,1,0,0.6577441631363554
-1.3194444444444429,-0.0024027777777777537,-0.054847222222222214,-1.8611111111111072,-2.6111111111111107,-2.0,1.916666666666667,0.25,376.0,0.02777777777777779,1.3194444444444429,1,0,42021,MIA,BOS,0,1,0.46979441429968233
1.3194444444444429,0.0024027777777777537,0.054847222222222214,1.8611111111111072,2.6111111111111107,2.0,-1.916666666666667,-0.25,0.0,-0.02777777777777779,-1.3194444444444429,1,0,42021,BOS,MIA,0,1,0.48693517435802397
5.530303030303031,0.034479797979798,-0.001404040404040463,7.4090909090909065,7.833333333333332,4.383838383838384,0.5606060606060606,4.3232323232323235,-376.0,0.2272727272727273,-5.530303030303031,1,1,42021,GSW,DAL,1,1,0.7715432090775189
-1.3194444444444429,-0.0024027777777777537,-0.054847222222222214,-1.8611111111111072,-2.6111111111111107,-2.0,1.916666666666667,0.25,0.0,0.02777777777777779,1.3194444444444429,1,0,42021,MIA,BOS,1,0,0.5164738134980909
-5.530303030303031,-0.034479797979798,0.001404040404040463,-7.4090909090909065,-7.833333333333332,-4.383838383838384,-0.5606060606060606,-4.3232323232323235,0.0,-0.2272727272727273,5.530303030303031,1,1,42021,DAL,GSW,0,0,0.2657079800306166
1.3194444444444429,0.0024027777777777537,0.054847222222222214,1.8611111111111072,2.6111111111111107,2.0,-1.916666666666667,-0.25,0.0,-0.02777777777777779,-1.3194444444444429,1,1,42021,BOS,MIA,0,0,0.48693517435802397
-5.530303030303031,-0.034479797979798,0.001404040404040463,-7.4090909090909065,-7.833333333333332,-4.383838383838384,-0.5606060606060606,-4.3232323232323235,0.0,-0.2272727272727273,5.530303030303031,1,0,42021,DAL,GSW,0,1,0.2657079800306166
1.3194444444444429,0.0024027777777777537,0.054847222222222214,1.8611111111111072,2.6111111111111107,2.0,-1.916666666666667,-0.25,0.0,-0.02777777777777779,-1.3194444444444429,1,0,42021,BOS,MIA,0,1,0.48693517435802397
5.530303030303031,0.034479797979798,-0.001404040404040463,7.4090909090909065,7.833333333333332,4.383838383838384,0.5606060606060606,4.3232323232323235,0.0,0.2272727272727273,-5.530303030303031,1,1,42021,GSW,DAL,1,1,0.7369462981654665
-1.3194444444444429,-0.0024027777777777537,-0.054847222222222214,-1.8611111111111072,-2.6111111111111107,-2.0,1.916666666666667,0.25,0.0,0.02777777777777779,1.3194444444444429,1,0,42021,MIA,BOS,1,0,0.5164738134980909
5.530303030303031,0.034479797979798,-0.001404040404040463,7.4090909090909065,7.833333333333332,4.383838383838384,0.5606060606060606,4.3232323232323235,0.0,0.2272727272727273,-5.530303030303031,1,1,42021,GSW,DAL,1,1,0.7369462981654665
-1.3194444444444429,-0.0024027777777777537,-0.054847222222222214,-1.8611111111111072,-2.6111111111111107,-2.0,1.916666666666667,0.25,0.0,0.02777777777777779,1.3194444444444429,1,1,42021,MIA,BOS,1,1,0.5164738134980909
1.2820512820512846,0.050427350427350415,-0.015991452991453048,3.6538461538461533,6.5256410256410255,3.3803418803418808,-0.551282051282052,-1.7222222222222223,360.0,0.038461538461538436,-1.2820512820512846,1,0,42021,PHX,DAL,1,0,0.5090090111367143
2.7916666666666714,0.010541666666666671,0.04812499999999997,-7.5,3.666666666666668,0.9166666666666661,0.08333333333333393,2.0833333333333335,-360.0,0.0,-2.7916666666666714,1,1,42021,BOS,MIL,1,1,0.6276895421752943
-2.7916666666666714,-0.010541666666666671,-0.04812499999999997,7.5,-3.666666666666668,-0.9166666666666661,-0.08333333333333393,-2.0833333333333335,0.0,0.0,2.7916666666666714,1,0,42021,MIL,BOS,0,1,0.41830543042178764
-0.6363636363636402,0.04675757575757583,0.014734848484848462,-1.9242424242424292,1.8333333333333321,0.8560606060606073,-1.4393939393939386,2.6287878787878793,-360.0,0.2272727272727273,0.6363636363636402,1,1,42021,GSW,MEM,1,1,0.7968039239718172
-1.2820512820512846,-0.050427350427350415,0.015991452991453048,-3.6538461538461533,-6.5256410256410255,-3.3803418803418808,0.551282051282052,1.7222222222222223,0.0,-0.038461538461538436,1.2820512820512846,1,1,42021,DAL,PHX,0,0,0.44983730292684454
0.27777777777777146,0.02136111111111111,0.06030555555555556,-2.055555555555557,-0.13888888888888928,1.666666666666666,-2.250000000000001,-3.5,359.0,-0.11111111111111116,-0.27777777777777146,1,0,42021,PHI,MIA,0,1,0.3665577243690408
0.6363636363636402,-0.04675757575757583,-0.014734848484848462,1.9242424242424292,-1.8333333333333321,-0.8560606060606073,1.4393939393939386,-2.6287878787878793,0.0,-0.2272727272727273,-0.6363636363636402,1,1,42021,MEM,GSW,0,0,0.23615919454341844
2.7916666666666714,0.010541666666666671,0.04812499999999997,-7.5,3.666666666666668,0.9166666666666661,0.08333333333333393,2.0833333333333335,0.0,0.0,-2.7916666666666714,1,0,42021,BOS,MIL,1,0,0.5850117115780539
1.2820512820512846,0.050427350427350415,-0.015991452991453048,3.6538461538461533,6.5256410256410255,3.3803418803418808,-0.551282051282052,-1.7222222222222223,0.0,0.038461538461538436,-1.2820512820512846,1,1,42021,PHX,DAL,1,1,0.5535379699020081
-0.27777777777777146,-0.02136111111111111,-0.06030555555555556,2.055555555555557,0.13888888888888928,-1.666666666666666,2.250000000000001,3.5,0.0,0.11111111111111116,0.27777777777777146,1,1,42021,MIA,PHI,1,1,0.594408856281897
-0.6363636363636402,0.04675757575757583,0.014734848484848462,-1.9242424242424292,1.8333333333333321,0.8560606060606073,-1.4393939393939386,2.6287878787878793,0.0,0.2272727272727273,0.6363636363636402,1,1,42021,GSW,MEM,1,1,0.766293854333023
-2.7916666666666714,-0.010541666666666671,-0.04812499999999997,7.5,-3.666666666666668,-0.9166666666666661,-0.08333333333333393,-2.0833333333333335,0.0,0.0,2.7916666666666714,1,0,42021,MIL,BOS,0,1,0.41830543042178764
0.27777777777777146,0.02136111111111111,0.06030555555555556,-2.055555555555557,-0.13888888888888928,1.666666666666666,-2.250000000000001,-3.5,0.0,-0.11111111111111116,-0.27777777777777146,1,1,42021,PHI,MIA,0,0,0.40888567141802473
-1.2820512820512846,-0.050427350427350415,0.015991452991453048,-3.6538461538461533,-6.5256410256410255,-3.3803418803418808,0.551282051282052,1.7222222222222223,0.0,-0.038461538461538436,1.2820512820512846,1,1,42021,DAL,PHX,0,0,0.44983730292684454
-0.6363636363636402,0.04675757575757583,0.014734848484848462,-1.9242424242424292,1.8333333333333321,0.8560606060606073,-1.4393939393939386,2.6287878787878793,0.0,0.2272727272727273,0.6363636363636402,1,1,42021,GSW,MEM,1,1,0.766293854333023
-2.7916666666666714,-0.010541666666666671,-0.04812499999999997,7.5,-3.666666666666668,-0.9166666666666661,-0.08333333333333393,-2.0833333333333335,0.0,0.0,2.7916666666666714,1,1,42021,MIL,BOS,0,0,0.41830543042178764
0.27777777777777146,0.02136111111111111,0.06030555555555556,-2.055555555555557,-0.13888888888888928,1.666666666666666,-2.250000000000001,-3.5,0.0,-0.11111111111111116,-0.27777777777777146,1,1,42021,PHI,MIA,0,0,0.40888567141802473
-1.2820512820512846,-0.050427350427350415,0.015991452991453048,-3.6538461538461533,-6.5256410256410255,-3.3803418803418808,0.551282051282052,1.7222222222222223,0.0,-0.038461538461538436,1.2820512820512846,1,1,42021,DAL,PHX,0,0,0.44983730292684454
1.2820512820512846,0.050427350427350415,-0.015991452991453048,3.6538461538461533,6.5256410256410255,3.3803418803418808,-0.551282051282052,-1.7222222222222223,0.0,0.038461538461538436,-1.2820512820512846,1,1,42021,PHX,DAL,1,1,0.5535379699020081
-0.27777777777777146,-0.02136111111111111,-0.06030555555555556,2.055555555555557,0.13888888888888928,-1.666666666666666,2.250000000000001,3.5,0.0,0.11111111111111116,0.27777777777777146,1,1,42021,MIA,PHI,1,1,0.594408856281897
0.6363636363636402,-0.04675757575757583,-0.014734848484848462,1.9242424242424292,-1.8333333333333321,-0.8560606060606073,1.4393939393939386,-2.6287878787878793,0.0,-0.2272727272727273,-0.6363636363636402,1,1,42021,MEM,GSW,0,0,0.23615919454341844
2.7916666666666714,0.010541666666666671,0.04812499999999997,-7.5,3.666666666666668,0.9166666666666661,0.08333333333333393,2.0833333333333335,0.0,0.0,-2.7916666666666714,1,1,42021,BOS,MIL,1,1,0.5850117115780539
1.2820512820512846,0.050427350427350415,-0.015991452991453048,3.6538461538461533,6.5256410256410255,3.3803418803418808,-0.551282051282052,-1.7222222222222223,0.0,0.038461538461538436,-1.2820512820512846,1,1,42021,PHX,DAL,1,1,0.5535379699020081
-0.27777777777777146,-0.02136111111111111,-0.06030555555555556,2.055555555555557,0.13888888888888928,-1.666666666666666,2.250000000000001,3.5,0.0,0.11111111111111116,0.27777777777777146,1,1,42021,MIA,PHI,1,1,0.594408856281897
0.6363636363636402,-0.04675757575757583,-0.014734848484848462,1.9242424242424292,-1.8333333333333321,-0.8560606060606073,1.4393939393939386,-2.6287878787878793,0.0,-0.2272727272727273,-0.6363636363636402,1,0,42021,MEM,GSW,0,1,0.23615919454341844
2.7916666666666714,0.010541666666666671,0.04812499999999997,-7.5,3.666666666666668,0.9166666666666661,0.08333333333333393,2.0833333333333335,0.0,0.0,-2.7916666666666714,1,0,42021,BOS,MIL,1,0,0.5850117115780539
-3.3333333333333286,0.006500000000000006,0.02675000000000005,-5.833333333333336,-2.3333333333333357,3.916666666666666,-1.0,-7.916666666666666,1477.0,-0.16666666666666669,3.3333333333333286,1,0,42021,MIN,MEM,0,1,0.22459734227299377
-1.3333333333333286,-0.02124999999999999,-0.07308333333333333,-1.5,-1.0833333333333321,-4.5,0.5833333333333339,-8.666666666666668,623.0,-0.16666666666666669,1.3333333333333286,1,0,42021,TOR,PHI,0,1,0.230292142260233
2.2179487179487154,-0.03437179487179487,-0.014730769230769214,5.512820512820511,-4.358974358974361,1.0641025641025639,-0.28205128205128194,-0.5,1479.0,-0.20512820512820512,-2.2179487179487154,1,0,42021,NOP,PHX,0,1,0.1297347448375031
-7.333333333333329,-0.0026111111111111196,-0.10138888888888892,8.333333333333336,-2.0,2.277777777777777,-3.166666666666667,-6.388888888888889,344.0,-0.16666666666666669,7.333333333333329,1,0,42021,UTA,DAL,0,1,0.2282347020321209
7.549999999999997,0.03414999999999996,0.026433333333333364,6.416666666666664,-2.166666666666668,0.4833333333333343,-1.4666666666666668,16.1,-1841.0,0.38333333333333336,-7.549999999999997,1,1,42021,MIL,CHI,1,1,0.9247511778565988
1.8636363636363598,0.003990909090909156,0.019018181818181767,2.1090909090909093,2.0,-1.627272727272727,0.7272727272727275,13.045454545454547,-344.0,0.5272727272727273,-1.8636363636363598,1,1,42021,GSW,DEN,1,1,0.9301715720743651
3.3333333333333286,-0.006500000000000006,-0.02675000000000005,5.833333333333336,2.3333333333333357,-3.916666666666666,1.0,7.916666666666666,0.0,0.16666666666666669,-3.3333333333333286,1,1,42021,MEM,MIN,1,1,0.6268171413470826
6.822222222222223,0.00888888888888889,-0.011888888888888838,1.6555555555555586,3.288888888888888,-4.399999999999999,2.533333333333334,15.833333333333334,-344.0,0.41111111111111115,-6.822222222222223,1,1,42021,MIA,ATL,1,1,0.8770951733270893
-2.2179487179487154,0.03437179487179487,0.014730769230769214,-5.512820512820511,4.358974358974361,-1.0641025641025639,0.28205128205128194,0.5,0.0,0.20512820512820512,2.2179487179487154,1,1,42021,PHX,NOP,1,1,0.7652758032623522
7.333333333333329,0.0026111111111111196,0.10138888888888892,-8.333333333333336,2.0,-2.277777777777777,3.166666666666667,6.388888888888889,0.0,0.16666666666666669,-7.333333333333329,1,1,42021,DAL,UTA,1,1,0.7428759788809888
3.4583333333333286,0.053458333333333385,0.06079166666666663,-8.916666666666664,-2.25,0.5,1.583333333333333,-8.083333333333334,344.0,-0.5833333333333334,-3.4583333333333286,1,0,42021,BKN,BOS,0,1,0.06582039808695964
1.3333333333333286,0.02124999999999999,0.07308333333333333,1.5,1.0833333333333321,4.5,-0.5833333333333339,8.666666666666668,0.0,0.16666666666666669,-1.3333333333333286,1,0,42021,PHI,TOR,1,0,0.7131334599990935
-7.549999999999997,-0.03414999999999996,-0.026433333333333364,-6.416666666666664,2.166666666666668,-0.4833333333333343,1.4666666666666668,-16.1,0.0,-0.38333333333333336,7.549999999999997,1,0,42021,CHI,MIL,0,1,0.17079300649022122
2.2179487179487154,-0.03437179487179487,-0.014730769230769214,5.512820512820511,-4.358974358974361,1.0641025641025639,-0.28205128205128194,-0.5,0.0,-0.20512820512820512,-2.2179487179487154,1,1,42021,NOP,PHX,0,0,0.2371846239025259
-6.822222222222223,-0.00888888888888889,0.011888888888888838,-1.6555555555555586,-3.288888888888888,4.399999999999999,-2.533333333333334,-15.833333333333334,0.0,-0.41111111111111115,6.822222222222223,1,0,42021,ATL,MIA,0,1,0.14423227455430365
-1.8636363636363598,-0.003990909090909156,-0.019018181818181767,-2.1090909090909093,-2.0,1.627272727272727,-0.7272727272727275,-13.045454545454547,0.0,-0.5272727272727273,1.8636363636363598,1,1,42021,DEN,GSW,0,0,0.0828152572695462
-1.3333333333333286,-0.02124999999999999,-0.07308333333333333,-1.5,-1.0833333333333321,-4.5,0.5833333333333339,-8.666666666666668,0.0,-0.16666666666666669,1.3333333333333286,1,1,42021,TOR,PHI,0,0,0.28966665142090803
3.4583333333333286,0.053458333333333385,0.06079166666666663,-8.916666666666664,-2.25,0.5,1.583333333333333,-8.083333333333334,0.0,-0.5833333333333334,-3.4583333333333286,1,0,42021,BKN,BOS,0,1,0.0771471194595238
-7.333333333333329,-0.0026111111111111196,-0.10138888888888892,8.333333333333336,-2.0,2.277777777777777,-3.166666666666667,-6.388888888888889,0.0,-0.16666666666666669,7.333333333333329,1,1,42021,UTA,DAL,0,0,0.2597395553503425
-3.3333333333333286,0.006500000000000006,0.02675000000000005,-5.833333333333336,-2.3333333333333357,3.916666666666666,-1.0,-7.916666666666666,0.0,-0.16666666666666669,3.3333333333333286,1,1,42021,MIN,MEM,0,0,0.3763808284543337
-7.549999999999997,-0.03414999999999996,-0.026433333333333364,-6.416666666666664,2.166666666666668,-0.4833333333333343,1.4666666666666668,-16.1,0.0,-0.38333333333333336,7.549999999999997,1,0,42021,CHI,MIL,0,1,0.17079300649022122
2.2179487179487154,-0.03437179487179487,-0.014730769230769214,5.512820512820511,-4.358974358974361,1.0641025641025639,-0.28205128205128194,-0.5,0.0,-0.20512820512820512,-2.2179487179487154,1,0,42021,NOP,PHX,0,1,0.2371846239025259
-6.822222222222223,-0.00888888888888889,0.011888888888888838,-1.6555555555555586,-3.288888888888888,4.399999999999999,-2.533333333333334,-15.833333333333334,0.0,-0.41111111111111115,6.822222222222223,1,1,42021,ATL,MIA,0,0,0.14423227455430365
-7.333333333333329,-0.0026111111111111196,-0.10138888888888892,8.333333333333336,-2.0,2.277777777777777,-3.166666666666667,-6.388888888888889,0.0,-0.16666666666666669,7.333333333333329,1,0,42021,UTA,DAL,0,1,0.2597395553503425
-3.3333333333333286,0.006500000000000006,0.02675000000000005,-5.833333333333336,-2.3333333333333357,3.916666666666666,-1.0,-7.916666666666666,0.0,-0.16666666666666669,3.3333333333333286,1,0,42021,MIN,MEM,0,1,0.3763808284543337
-1.8636363636363598,-0.003990909090909156,-0.019018181818181767,-2.1090909090909093,-2.0,1.627272727272727,-0.7272727272727275,-13.045454545454547,0.0,-0.5272727272727273,1.8636363636363598,1,0,42021,DEN,GSW,0,1,0.0828152572695462
7.549999999999997,0.03414999999999996,0.026433333333333364,6.416666666666664,-2.166666666666668,0.4833333333333343,-1.4666666666666668,16.1,0.0,0.38333333333333336,-7.549999999999997,1,0,42021,MIL,CHI,1,0,0.8311311733284815
-1.3333333333333286,-0.02124999999999999,-0.07308333333333333,-1.5,-1.0833333333333321,-4.5,0.5833333333333339,-8.666666666666668,0.0,-0.16666666666666669,1.3333333333333286,1,0,42021,TOR,PHI,0,1,0.28966665142090803
-3.4583333333333286,-0.053458333333333385,-0.06079166666666663,8.916666666666664,2.25,-0.5,-1.583333333333333,8.083333333333334,0.0,0.5833333333333334,3.4583333333333286,1,1,42021,BOS,BKN,1,1,0.9238189594161816
3.3333333333333286,-0.006500000000000006,-0.02675000000000005,5.833333333333336,2.3333333333333357,-3.916666666666666,1.0,7.916666666666666,0.0,0.16666666666666669,-3.3333333333333286,1,1,42021,MEM,MIN,1,1,0.6268171413470826
-2.2179487179487154,0.03437179487179487,0.014730769230769214,-5.512820512820511,4.358974358974361,-1.0641025641025639,0.28205128205128194,0.5,0.0,0.20512820512820512,2.2179487179487154,1,0,42021,PHX,NOP,1,0,0.7652758032623522
6.822222222222223,0.00888888888888889,-0.011888888888888838,1.6555555555555586,3.288888888888888,-4.399999999999999,2.533333333333334,15.833333333333334,0.0,0.41111111111111115,-6.822222222222223,1,1,42021,MIA,ATL,1,1,0.8574441124101834
7.333333333333329,0.0026111111111111196,0.10138888888888892,-8.333333333333336,2.0,-2.277777777777777,3.166666666666667,6.388888888888889,0.0,0.16666666666666669,-7.333333333333329,1,1,42021,DAL,UTA,1,1,0.7428759788809888
1.8636363636363598,0.003990909090909156,0.019018181818181767,2.1090909090909093,2.0,-1.627272727272727,0.7272727272727275,13.045454545454547,0.0,0.5272727272727273,-1.8636363636363598,1,1,42021,GSW,DEN,1,1,0.9182155108554861
1.3333333333333286,0.02124999999999999,0.07308333333333333,1.5,1.0833333333333321,4.5,-0.5833333333333339,8.666666666666668,0.0,0.16666666666666669,-1.3333333333333286,1,1,42021,PHI,TOR,1,1,0.7131334599990935
-2.2179487179487154,0.03437179487179487,0.014730769230769214,-5.512820512820511,4.358974358974361,-1.0641025641025639,0.28205128205128194,0.5,0.0,0.20512820512820512,2.2179487179487154,1,1,42021,PHX,NOP,1,1,0.7652758032623522
6.822222222222223,0.00888888888888889,-0.011888888888888838,1.6555555555555586,3.288888888888888,-4.399999999999999,2.533333333333334,15.833333333333334,0.0,0.41111111111111115,-6.822222222222223,1,1,42021,MIA,ATL,1,1,0.8574441124101834
-3.4583333333333286,-0.053458333333333385,-0.06079166666666663,8.916666666666664,2.25,-0.5,-1.583333333333333,8.083333333333334,0.0,0.5833333333333334,3.4583333333333286,1,1,42021,BOS,BKN,1,1,0.9238189594161816
7.549999999999997,0.03414999999999996,0.026433333333333364,6.416666666666664,-2.166666666666668,0.4833333333333343,-1.4666666666666668,16.1,0.0,0.38333333333333336,-7.549999999999997,1,1,42021,MIL,CHI,1,1,0.8311311733284815
1.8636363636363598,0.003990909090909156,0.019018181818181767,2.1090909090909093,2.0,-1.627272727272727,0.7272727272727275,13.045454545454547,0.0,0.5272727272727273,-1.8636363636363598,1,1,42021,GSW,DEN,1,1,0.9182155108554861
3.3333333333333286,-0.006500000000000006,-0.02675000000000005,5.833333333333336,2.3333333333333357,-3.916666666666666,1.0,7.916666666666666,0.0,0.16666666666666669,-3.3333333333333286,1,0,42021,MEM,MIN,1,0,0.6268171413470826
7.333333333333329,0.0026111111111111196,0.10138888888888892,-8.333333333333336,2.0,-2.277777777777777,3.166666666666667,6.388888888888889,0.0,0.16666666666666669,-7.333333333333329,1,0,42021,DAL,UTA,1,0,0.7428759788809888
1.3333333333333286,0.02124999999999999,0.07308333333333333,1.5,1.0833333333333321,4.5,-0.5833333333333339,8.666666666666668,0.0,0.16666666666666669,-1.3333333333333286,1,1,42021,PHI,TOR,1,1,0.7131334599990935
5.102173913043487,0.03231956521739132,-0.013069565217391332,4.489130434782609,2.1847826086956523,-0.4499999999999993,-0.15000000000000036,6.778260869565218,1.0,0.23478260869565226,-5.102173913043487,1,1,42022,DEN,MIA,1,1,0.7233424304238197
-5.102173913043487,-0.03231956521739132,0.013069565217391332,-4.489130434782609,-2.1847826086956523,0.4499999999999993,0.15000000000000036,-6.778260869565218,0.0,-0.23478260869565226,5.102173913043487,1,0,42022,MIA,DEN,0,1,0.27929701148190517
-5.102173913043487,-0.03231956521739132,0.013069565217391332,-4.489130434782609,-2.1847826086956523,0.4499999999999993,0.15000000000000036,-6.778260869565218,0.0,-0.23478260869565226,5.102173913043487,1,0,42022,MIA,DEN,0,1,0.27929701148190517
5.102173913043487,0.03231956521739132,-0.013069565217391332,4.489130434782609,2.1847826086956523,-0.4499999999999993,-0.15000000000000036,6.778260869565218,0.0,0.23478260869565226,-5.102173913043487,1,0,42022,DEN,MIA,1,0,0.7234418870259995
5.102173913043487,0.03231956521739132,-0.013069565217391332,4.489130434782609,2.1847826086956523,-0.4499999999999993,-0.15000000000000036,6.778260869565218,0.0,0.23478260869565226,-5.102173913043487,1,1,42022,DEN,MIA,1,1,0.7234418870259995
3.6021739130434867,0.017969565217391292,-0.02046956521739135,2.7891304347826065,0.5847826086956509,1.0500000000000007,-1.0,1.8282608695652174,410.0,-0.015217391304347738,-3.6021739130434867,1,0,42022,BOS,MIA,0,1,0.4151725387659335
-3.6021739130434867,-0.017969565217391292,0.02046956521739135,-2.7891304347826065,-0.5847826086956509,-1.0500000000000007,1.0,-1.8282608695652174,0.0,0.015217391304347738,3.6021739130434867,1,0,42022,MIA,BOS,1,0,0.5380468882565541
3.6021739130434867,0.017969565217391292,-0.02046956521739135,2.7891304347826065,0.5847826086956509,1.0500000000000007,-1.0,1.8282608695652174,0.0,-0.015217391304347738,-3.6021739130434867,1,1,42022,BOS,MIA,0,0,0.46534704332399945
-3.6021739130434867,-0.017969565217391292,0.02046956521739135,-2.7891304347826065,-0.5847826086956509,-1.0500000000000007,1.0,-1.8282608695652174,0.0,0.015217391304347738,3.6021739130434867,1,0,42022,MIA,BOS,1,0,0.5380468882565541
-1.1375000000000028,-0.02026249999999996,-0.0338,-0.125,-0.8125,0.6999999999999993,-0.037499999999999645,-5.925000000000001,739.0,-0.30000000000000004,1.1375000000000028,1,0,42022,LAL,DEN,0,1,0.14475915114393922
-3.6021739130434867,-0.017969565217391292,0.02046956521739135,-2.7891304347826065,-0.5847826086956509,-1.0500000000000007,1.0,-1.8282608695652174,0.0,0.015217391304347738,3.6021739130434867,1,1,42022,MIA,BOS,1,1,0.5380468882565541
-1.1375000000000028,-0.02026249999999996,-0.0338,-0.125,-0.8125,0.6999999999999993,-0.037499999999999645,-5.925000000000001,0.0,-0.30000000000000004,1.1375000000000028,1,0,42022,LAL,DEN,0,1,0.19639248569756385
3.6021739130434867,0.017969565217391292,-0.02046956521739135,2.7891304347826065,0.5847826086956509,1.0500000000000007,-1.0,1.8282608695652174,0.0,-0.015217391304347738,-3.6021739130434867,1,0,42022,BOS,MIA,0,1,0.46534704332399945
1.1375000000000028,0.02026249999999996,0.0338,0.125,0.8125,-0.6999999999999993,0.037499999999999645,5.925000000000001,0.0,0.30000000000000004,-1.1375000000000028,1,1,42022,DEN,LAL,1,1,0.8057525402515534
3.6021739130434867,0.017969565217391292,-0.02046956521739135,2.7891304347826065,0.5847826086956509,1.0500000000000007,-1.0,1.8282608695652174,0.0,-0.015217391304347738,-3.6021739130434867,1,0,42022,BOS,MIA,0,1,0.46534704332399945
1.1375000000000028,0.02026249999999996,0.0338,0.125,0.8125,-0.6999999999999993,0.037499999999999645,5.925000000000001,0.0,0.30000000000000004,-1.1375000000000028,1,1,42022,DEN,LAL,1,1,0.8057525402515534
9.404545454545456,0.041463636363636314,0.00812727272727276,0.04999999999999716,5.059090909090909,1.322727272727274,-1.6363636363636367,4.8954545454545455,-396.0,-0.08636363636363631,-9.404545454545456,1,1,42022,BOS,PHI,0,0,0.4713423637926203
-0.7644230769230802,0.023033653846153856,-0.0038461538461538325,-2.45192307692308,-3.2163461538461533,-2.4423076923076916,-0.41826923076923084,2.5288461538461537,-395.0,0.038461538461538436,0.7644230769230802,1,1,42022,LAL,GSW,1,1,0.5866837286226066
8.256916996047423,0.02622134387351782,0.09286956521739137,-5.102766798418976,4.837944664031621,-2.2727272727272734,0.0,1.158102766798419,-724.0,0.01976284584980237,-8.256916996047423,1,1,42022,MIA,NYK,1,1,0.6615810454396294
0.7318181818181841,0.004822727272727256,-0.006709090909090942,-4.75,-1.2045454545454533,0.8136363636363626,-0.5772727272727272,-10.572727272727274,394.0,-0.25454545454545463,-0.7318181818181841,1,0,42022,PHX,DEN,0,1,0.2244130563952709
-9.404545454545456,-0.041463636363636314,-0.00812727272727276,-0.04999999999999716,-5.059090909090909,-1.322727272727274,1.6363636363636367,-4.8954545454545455,0.0,0.08636363636363631,9.404545454545456,1,0,42022,PHI,BOS,1,0,0.5805992562865985
0.7644230769230802,-0.023033653846153856,0.0038461538461538325,2.45192307692308,3.2163461538461533,2.4423076923076916,0.41826923076923084,-2.5288461538461537,0.0,-0.038461538461538436,-0.7644230769230802,1,1,42022,GSW,LAL,0,0,0.4649843444150314
-8.256916996047423,-0.02622134387351782,-0.09286956521739137,5.102766798418976,-4.837944664031621,2.2727272727272734,0.0,-1.158102766798419,0.0,-0.01976284584980237,8.256916996047423,1,1,42022,NYK,MIA,0,0,0.4263302330778802
9.404545454545456,0.041463636363636314,0.00812727272727276,0.04999999999999716,5.059090909090909,1.322727272727274,-1.6363636363636367,4.8954545454545455,0.0,-0.08636363636363631,-9.404545454545456,1,0,42022,BOS,PHI,0,1,0.4227276697887526
-0.7318181818181841,-0.004822727272727256,0.006709090909090942,4.75,1.2045454545454533,-0.8136363636363626,0.5772727272727272,10.572727272727274,0.0,0.25454545454545463,0.7318181818181841,1,1,42022,DEN,PHX,1,1,0.7422974611368282
8.256916996047423,0.02622134387351782,0.09286956521739137,-5.102766798418976,4.837944664031621,-2.2727272727272734,0.0,1.158102766798419,0.0,0.01976284584980237,-8.256916996047423,1,1,42022,MIA,NYK,1,1,0.5770042702788264
-0.7644230769230802,0.023033653846153856,-0.0038461538461538325,-2.45192307692308,-3.2163461538461533,-2.4423076923076916,-0.41826923076923084,2.5288461538461537,0.0,0.038461538461538436,0.7644230769230802,1,1,42022,LAL,GSW,1,1,0.5384092256782249
0.7318181818181841,0.004822727272727256,-0.006709090909090942,-4.75,-1.2045454545454533,0.8136363636363626,-0.5772727272727272,-10.572727272727274,0.0,-0.25454545454545463,-0.7318181818181841,1,1,42022,PHX,DEN,0,0,0.2603218957408435
-9.404545454545456,-0.041463636363636314,-0.00812727272727276,-0.04999999999999716,-5.059090909090909,-1.322727272727274,1.6363636363636367,-4.8954545454545455,0.0,0.08636363636363631,9.404545454545456,1,1,42022,PHI,BOS,1,1,0.5805992562865985
-0.7644230769230802,0.023033653846153856,-0.0038461538461538325,-2.45192307692308,-3.2163461538461533,-2.4423076923076916,-0.41826923076923084,2.5288461538461537,0.0,0.038461538461538436,0.7644230769230802,1,1,42022,LAL,GSW,1,1,0.5384092256782249
8.256916996047423,0.02622134387351782,0.09286956521739137,-5.102766798418976,4.837944664031621,-2.2727272727272734,0.0,1.158102766798419,0.0,0.01976284584980237,-8.256916996047423,1,1,42022,MIA,NYK,1,1,0.5770042702788264
-9.404545454545456,-0.041463636363636314,-0.00812727272727276,-0.04999999999999716,-5.059090909090909,-1.322727272727274,1.6363636363636367,-4.8954545454545455,0.0,0.08636363636363631,9.404545454545456,1,0,42022,PHI,BOS,1,0,0.5805992562865985
0.7318181818181841,0.004822727272727256,-0.006709090909090942,-4.75,-1.2045454545454533,0.8136363636363626,-0.5772727272727272,-10.572727272727274,0.0,-0.25454545454545463,-0.7318181818181841,1,1,42022,PHX,DEN,0,0,0.2603218957408435
0.7644230769230802,-0.023033653846153856,0.0038461538461538325,2.45192307692308,3.2163461538461533,2.4423076923076916,0.41826923076923084,-2.5288461538461537,0.0,-0.038461538461538436,-0.7644230769230802,1,1,42022,GSW,LAL,0,0,0.4649843444150314
9.404545454545456,0.041463636363636314,0.00812727272727276,0.04999999999999716,5.059090909090909,1.322727272727274,-1.6363636363636367,4.8954545454545455,0.0,-0.08636363636363631,-9.404545454545456,1,1,42022,BOS,PHI,0,0,0.4227276697887526
-8.256916996047423,-0.02622134387351782,-0.09286956521739137,5.102766798418976,-4.837944664031621,2.2727272727272734,0.0,-1.158102766798419,0.0,-0.01976284584980237,8.256916996047423,1,1,42022,NYK,MIA,0,0,0.4263302330778802
0.7644230769230802,-0.023033653846153856,0.0038461538461538325,2.45192307692308,3.2163461538461533,2.4423076923076916,0.41826923076923084,-2.5288461538461537,0.0,-0.038461538461538436,-0.7644230769230802,1,0,42022,GSW,LAL,0,1,0.4649843444150314
9.404545454545456,0.041463636363636314,0.00812727272727276,0.04999999999999716,5.059090909090909,1.322727272727274,-1.6363636363636367,4.8954545454545455,0.0,-0.08636363636363631,-9.404545454545456,1,0,42022,BOS,PHI,0,1,0.4227276697887526
-0.7318181818181841,-0.004822727272727256,0.006709090909090942,4.75,1.2045454545454533,-0.8136363636363626,0.5772727272727272,10.572727272727274,0.0,0.25454545454545463,0.7318181818181841,1,1,42022,DEN,PHX,1,1,0.7422974611368282
0.637362637362628,-0.02015384615384619,-0.03041758241758241,0.6373626373626351,-6.153846153846153,0.3076923076923084,0.4835164835164836,-1.989010989010989,5.0,-0.032967032967033016,-0.637362637362628,1,0,42022,SAC,GSW,0,1,0.4336090861414076
-8.256916996047423,-0.02622134387351782,-0.09286956521739137,5.102766798418976,-4.837944664031621,2.2727272727272734,0.0,-1.158102766798419,0.0,-0.01976284584980237,8.256916996047423,1,0,42022,NYK,MIA,0,1,0.4263302330778802
-0.7318181818181841,-0.004822727272727256,0.006709090909090942,4.75,1.2045454545454533,-0.8136363636363626,0.5772727272727272,10.572727272727274,0.0,0.25454545454545463,0.7318181818181841,1,1,42022,DEN,PHX,1,1,0.7422974611368282
-0.637362637362628,0.02015384615384619,0.03041758241758241,-0.6373626373626351,6.153846153846153,-0.3076923076923084,-0.4835164835164836,1.989010989010989,0.0,0.032967032967033016,0.637362637362628,1,0,42022,GSW,SAC,1,0,0.5691303253066046
7.645833333333329,0.06935416666666672,0.023666666666666725,-1.875,1.6041666666666679,-1.75,0.14583333333333304,9.875,-381.0,0.16666666666666669,-7.645833333333329,1,1,42022,LAL,MEM,1,1,0.730184896914254
3.8833333333333258,-0.019766666666666655,0.005933333333333346,0.7833333333333385,0.3500000000000014,0.2833333333333332,1.666666666666667,-8.683333333333334,379.0,-0.21666666666666673,-3.8833333333333258,1,0,42022,ATL,BOS,0,1,0.226989795040646
0.637362637362628,-0.02015384615384619,-0.03041758241758241,0.6373626373626351,-6.153846153846153,0.3076923076923084,0.4835164835164836,-1.989010989010989,0.0,-0.032967032967033016,-0.637362637362628,1,0,42022,SAC,GSW,0,1,0.43421953801755636
10.452173913043481,0.014269565217391311,-0.00626956521739136,4.139130434782608,3.234782608695653,3.1999999999999993,-0.40000000000000036,-6.721739130434782,378.0,-0.36521739130434777,-10.452173913043481,1,0,42022,MIL,MIA,0,1,0.1259584378699407
-5.890909090909091,0.016290909090909134,0.03180000000000005,-8.163636363636364,3.2727272727272734,1.927272727272726,-0.20000000000000018,-5.763636363636364,1841.0,-0.3454545454545454,5.890909090909091,1,0,42022,CLE,NYK,0,1,0.10356332119640592
-7.645833333333329,-0.06935416666666672,-0.023666666666666725,1.875,-1.6041666666666679,1.75,-0.14583333333333304,-9.875,0.0,-0.16666666666666669,7.645833333333329,1,1,42022,MEM,LAL,0,0,0.31162376369455874
-3.8833333333333258,0.019766666666666655,-0.005933333333333346,-0.7833333333333385,-0.3500000000000014,-0.2833333333333332,-1.666666666666667,8.683333333333334,0.0,0.21666666666666673,3.8833333333333258,1,0,42022,BOS,ATL,1,0,0.7409006973746883
-1.4181818181818073,0.03547272727272721,0.0032909090909090666,0.0,2.9454545454545453,-2.4363636363636374,-0.32727272727272716,4.127272727272727,-707.0,0.3454545454545454,1.4181818181818073,1,1,42022,PHX,LAC,1,1,0.8766035661889331
8.049999999999997,0.03444999999999998,0.02040000000000003,5.549999999999997,3.1499999999999986,-1.8499999999999996,0.25,17.1,-378.0,0.6000000000000001,-8.049999999999997,1,1,42022,DEN,MIN,1,1,0.9443574940082908
7.645833333333329,0.06935416666666672,0.023666666666666725,-1.875,1.6041666666666679,-1.75,0.14583333333333304,9.875,0.0,0.16666666666666669,-7.645833333333329,1,1,42022,LAL,MEM,1,1,0.6912963572345603
-10.452173913043481,-0.014269565217391311,0.00626956521739136,-4.139130434782608,-3.234782608695653,-3.1999999999999993,0.40000000000000036,6.721739130434782,0.0,0.36521739130434777,10.452173913043481,1,1,42022,MIA,MIL,1,1,0.8535776168962464
3.8833333333333258,-0.019766666666666655,0.005933333333333346,0.7833333333333385,0.3500000000000014,0.2833333333333332,1.666666666666667,-8.683333333333334,0.0,-0.21666666666666673,-3.8833333333333258,1,0,42022,ATL,BOS,0,1,0.2617278508098121
5.890909090909091,-0.016290909090909134,-0.03180000000000005,8.163636363636364,-3.2727272727272734,-1.927272727272726,0.20000000000000018,5.763636363636364,0.0,0.3454545454545454,-5.890909090909091,1,1,42022,NYK,CLE,1,1,0.778480493943932
-8.049999999999997,-0.03444999999999998,-0.02040000000000003,-5.549999999999997,-3.1499999999999986,1.8499999999999996,-0.25,-17.1,0.0,-0.6000000000000001,8.049999999999997,1,1,42022,MIN,DEN,0,0,0.06723078067109878
-0.637362637362628,0.02015384615384619,0.03041758241758241,-0.6373626373626351,6.153846153846153,-0.3076923076923084,-0.4835164835164836,1.989010989010989,0.0,0.032967032967033016,0.637362637362628,1,1,42022,GSW,SAC,1,1,0.5691303253066046
-10.452173913043481,-0.014269565217391311,0.00626956521739136,-4.139130434782608,-3.234782608695653,-3.1999999999999993,0.40000000000000036,6.721739130434782,0.0,0.36521739130434777,10.452173913043481,1,1,42022,MIA,MIL,1,1,0.8535776168962464
7.645833333333329,0.06935416666666672,0.023666666666666725,-1.875,1.6041666666666679,-1.75,0.14583333333333304,9.875,0.0,0.16666666666666669,-7.645833333333329,1,1,42022,LAL,MEM,1,1,0.6912963572345603
1.4181818181818073,-0.03547272727272721,-0.0032909090909090666,0.0,-2.9454545454545453,2.4363636363636374,0.32727272727272716,-4.127272727272727,0.0,-0.3454545454545454,-1.4181818181818073,1,0,42022,LAC,PHX,0,1,0.16859828474926875
-10.045454545454547,0.007113636363636322,-0.02177272727272722,-8.0,3.15909090909091,0.7727272727272734,-2.3863636363636367,-9.704545454545455,379.0,-0.6363636363636364,10.045454545454547,1,0,42022,BKN,PHI,0,1,0.05497821532322038
-8.049999999999997,-0.03444999999999998,-0.02040000000000003,-5.549999999999997,-3.1499999999999986,1.8499999999999996,-0.25,-17.1,0.0,-0.6000000000000001,8.049999999999997,1,0,42022,MIN,DEN,0,1,0.06723078067109878
5.890909090909091,-0.016290909090909134,-0.03180000000000005,8.163636363636364,-3.2727272727272734,-1.927272727272726,0.20000000000000018,5.763636363636364,0.0,0.3454545454545454,-5.890909090909091,1,1,42022,NYK,CLE,1,1,0.778480493943932
3.8833333333333258,-0.019766666666666655,0.005933333333333346,0.7833333333333385,0.3500000000000014,0.2833333333333332,1.666666666666667,-8.683333333333334,0.0,-0.21666666666666673,-3.8833333333333258,1,1,42022,ATL,BOS,0,0,0.2617278508098121
-10.045454545454547,0.007113636363636322,-0.02177272727272722,-8.0,3.15909090909091,0.7727272727272734,-2.3863636363636367,-9.704545454545455,0.0,-0.6363636363636364,10.045454545454547,1,0,42022,BKN,PHI,0,1,0.06562684394281704
-0.637362637362628,0.02015384615384619,0.03041758241758241,-0.6373626373626351,6.153846153846153,-0.3076923076923084,-0.4835164835164836,1.989010989010989,0.0,0.032967032967033016,0.637362637362628,1,1,42022,GSW,SAC,1,1,0.5691303253066046
1.4181818181818073,-0.03547272727272721,-0.0032909090909090666,0.0,-2.9454545454545453,2.4363636363636374,0.32727272727272716,-4.127272727272727,0.0,-0.3454545454545454,-1.4181818181818073,1,0,42022,LAC,PHX,0,1,0.16859828474926875
8.049999999999997,0.03444999999999998,0.02040000000000003,5.549999999999997,3.1499999999999986,-1.8499999999999996,0.25,17.1,0.0,0.6000000000000001,-8.049999999999997,1,1,42022,DEN,MIN,1,1,0.9336200523275777
-7.645833333333329,-0.06935416666666672,-0.023666666666666725,1.875,-1.6041666666666679,1.75,-0.14583333333333304,-9.875,0.0,-0.16666666666666669,7.645833333333329,1,1,42022,MEM,LAL,0,0,0.31162376369455874
10.452173913043481,0.014269565217391311,-0.00626956521739136,4.139130434782608,3.234782608695653,3.1999999999999993,-0.40000000000000036,-6.721739130434782,0.0,-0.36521739130434777,-10.452173913043481,1,1,42022,MIL,MIA,0,0,0.14813638285373076
-1.4181818181818073,0.03547272727272721,0.0032909090909090666,0.0,2.9454545454545453,-2.4363636363636374,-0.32727272727272716,4.127272727272727,0.0,0.3454545454545454,1.4181818181818073,1,1,42022,PHX,LAC,1,1,0.8333061396355176
-3.8833333333333258,0.019766666666666655,-0.005933333333333346,-0.7833333333333385,-0.3500000000000014,-0.2833333333333332,-1.666666666666667,8.683333333333334,0.0,0.21666666666666673,3.8833333333333258,1,1,42022,BOS,ATL,1,1,0.7409006973746883
-5.890909090909091,0.016290909090909134,0.03180000000000005,-8.163636363636364,3.2727272727272734,1.927272727272726,-0.20000000000000018,-5.763636363636364,0.0,-0.3454545454545454,5.890909090909091,1,1,42022,CLE,NYK,0,0,0.22388201214583675
0.637362637362628,-0.02015384615384619,-0.03041758241758241,0.6373626373626351,-6.153846153846153,0.3076923076923084,0.4835164835164836,-1.989010989010989,0.0,-0.032967032967033016,-0.637362637362628,1,1,42022,SAC,GSW,0,0,0.43421953801755636
10.045454545454547,-0.007113636363636322,0.02177272727272722,8.0,-3.15909090909091,-0.7727272727272734,2.3863636363636367,9.704545454545455,0.0,0.6363636363636364,-10.045454545454547,1,1,42022,PHI,BKN,1,1,0.9352051006166259
10.452173913043481,0.014269565217391311,-0.00626956521739136,4.139130434782608,3.234782608695653,3.1999999999999993,-0.40000000000000036,-6.721739130434782,0.0,-0.36521739130434777,-10.452173913043481,1,0,42022,MIL,MIA,0,1,0.14813638285373076
8.049999999999997,0.03444999999999998,0.02040000000000003,5.549999999999997,3.1499999999999986,-1.8499999999999996,0.25,17.1,0.0,0.6000000000000001,-8.049999999999997,1,1,42022,DEN,MIN,1,1,0.9336200523275777
-7.645833333333329,-0.06935416666666672,-0.023666666666666725,1.875,-1.6041666666666679,1.75,-0.14583333333333304,-9.875,0.0,-0.16666666666666669,7.645833333333329,1,0,42022,MEM,LAL,0,1,0.31162376369455874
-1.4181818181818073,0.03547272727272721,0.0032909090909090666,0.0,2.9454545454545453,-2.4363636363636374,-0.32727272727272716,4.127272727272727,0.0,0.3454545454545454,1.4181818181818073,1,0,42022,PHX,LAC,1,0,0.8333061396355176
0.637362637362628,-0.02015384615384619,-0.03041758241758241,0.6373626373626351,-6.153846153846153,0.3076923076923084,0.4835164835164836,-1.989010989010989,0.0,-0.032967032967033016,-0.637362637362628,1,1,42022,SAC,GSW,0,0,0.43421953801755636
-3.8833333333333258,0.019766666666666655,-0.005933333333333346,-0.7833333333333385,-0.3500000000000014,-0.2833333333333332,-1.666666666666667,8.683333333333334,0.0,0.21666666666666673,3.8833333333333258,1,1,42022,BOS,ATL,1,1,0.7409006973746883
10.045454545454547,-0.007113636363636322,0.02177272727272722,8.0,-3.15909090909091,-0.7727272727272734,2.3863636363636367,9.704545454545455,0.0,0.6363636363636364,-10.045454545454547,1,1,42022,PHI,BKN,1,1,0.9352051006166259
-5.890909090909091,0.016290909090909134,0.03180000000000005,-8.163636363636364,3.2727272727272734,1.927272727272726,-0.20000000000000018,-5.763636363636364,0.0,-0.3454545454545454,5.890909090909091,1,0,42022,CLE,NYK,0,1,0.22388201214583675
2.834928229665067,0.0005287081339712119,0.0010071770334927899,-0.038277511961723576,2.6531100478468908,-1.653110047846889,-0.009569377990430006,5.461722488038277,-364.0,0.25119617224880375,-2.834928229665067,1,1,42023,BOS,DAL,1,1,0.7970328295158658
-2.834928229665067,-0.0005287081339712119,-0.0010071770334927899,0.038277511961723576,-2.6531100478468908,1.653110047846889,0.009569377990430006,-5.461722488038277,0.0,-0.25119617224880375,2.834928229665067,1,1,42023,DAL,BOS,0,0,0.23626271316368824
-2.834928229665067,-0.0005287081339712119,-0.0010071770334927899,0.038277511961723576,-2.6531100478468908,1.653110047846889,0.009569377990430006,-5.461722488038277,0.0,-0.25119617224880375,2.834928229665067,1,0,42023,DAL,BOS,0,1,0.23626271316368824
2.834928229665067,0.0005287081339712119,0.0010071770334927899,-0.038277511961723576,2.6531100478468908,-1.653110047846889,-0.009569377990430006,5.461722488038277,0.0,0.25119617224880375,-2.834928229665067,1,1,42023,BOS,DAL,1,1,0.7661910818504123
2.834928229665067,0.0005287081339712119,0.0010071770334927899,-0.038277511961723576,2.6531100478468908,-1.653110047846889,-0.009569377990430006,5.461722488038277,0.0,0.25119617224880375,-2.834928229665067,1,1,42023,BOS,DAL,1,1,0.7661910818504123
1.5454545454545467,-0.0009318181818182003,0.0025795454545454177,-0.6534090909090935,2.8011363636363633,-0.5511363636363633,0.9772727272727275,1.5965909090909092,417.0,-0.02840909090909094,-1.5454545454545467,1,0,42023,MIN,DAL,0,1,0.4270071137406014
-1.5454545454545467,0.0009318181818182003,-0.0025795454545454177,0.6534090909090935,-2.8011363636363633,0.5511363636363633,-0.9772727272727275,-1.5965909090909092,0.0,0.02840909090909094,1.5454545454545467,1,0,42023,DAL,MIN,1,0,0.5250921420966173
5.092879256965944,0.03820123839009293,0.01724148606811149,-1.699690402476783,6.092879256965944,1.201238390092879,-0.7925696594427247,-6.993808049535604,1388.0,-0.37151702786377705,-5.092879256965944,1,0,42023,IND,BOS,0,1,0.09331777094951592
-1.5454545454545467,0.0009318181818182003,-0.0025795454545454177,0.6534090909090935,-2.8011363636363633,0.5511363636363633,-0.9772727272727275,-1.5965909090909092,0.0,0.02840909090909094,1.5454545454545467,1,1,42023,DAL,MIN,1,1,0.5250921420966173
5.092879256965944,0.03820123839009293,0.01724148606811149,-1.699690402476783,6.092879256965944,1.201238390092879,-0.7925696594427247,-6.993808049535604,0.0,-0.37151702786377705,-5.092879256965944,1,0,42023,IND,BOS,0,1,0.1702461718215444
1.5454545454545467,-0.0009318181818182003,0.0025795454545454177,-0.6534090909090935,2.8011363636363633,-0.5511363636363633,0.9772727272727275,1.5965909090909092,0.0,-0.02840909090909094,-1.5454545454545467,1,0,42023,MIN,DAL,0,1,0.478312356185353
-5.092879256965944,-0.03820123839009293,-0.01724148606811149,1.699690402476783,-6.092879256965944,-1.201238390092879,0.7925696594427247,6.993808049535604,0.0,0.37151702786377705,5.092879256965944,1,1,42023,BOS,IND,1,1,0.8316730978859864
1.5454545454545467,-0.0009318181818182003,0.0025795454545454177,-0.6534090909090935,2.8011363636363633,-0.5511363636363633,0.9772727272727275,1.5965909090909092,0.0,-0.02840909090909094,-1.5454545454545467,1,0,42023,MIN,DAL,0,1,0.478312356185353
-5.092879256965944,-0.03820123839009293,-0.01724148606811149,1.699690402476783,-6.092879256965944,-1.201238390092879,0.7925696594427247,6.993808049535604,0.0,0.37151702786377705,5.092879256965944,1,1,42023,BOS,IND,1,1,0.8316730978859864
-3.959276018099544,-0.05387330316742078,0.0063212669683258005,1.4932126696832597,-7.343891402714931,-1.1040723981900449,0.22171945701357476,-3.135746606334842,402.0,0.0678733031674208,3.959276018099544,1,0,42023,NYK,IND,0,1,0.49468196283658394
-5.333333333333329,-0.009500000000000008,-0.021958333333333357,0.0625,0.9791666666666679,0.020833333333333925,-0.833333333333333,-6.270833333333334,402.0,0.02083333333333337,5.333333333333329,1,0,42023,DEN,MIN,0,1,0.480213767432192
0.2545454545454504,0.007981818181818201,0.0004454545454545822,1.5909090909090935,-1.9636363636363647,1.463636363636363,-1.5272727272727273,-3.709090909090909,-1373.0,-0.009090909090909038,-0.2545454545454504,1,1,42023,DAL,OKC,1,1,0.6478238979816033
3.959276018099544,0.05387330316742078,-0.0063212669683258005,-1.4932126696832597,7.343891402714931,1.1040723981900449,-0.22171945701357476,3.135746606334842,0.0,-0.0678733031674208,-3.959276018099544,1,1,42023,IND,NYK,0,0,0.4588703836148218
5.333333333333329,0.009500000000000008,0.021958333333333357,-0.0625,-0.9791666666666679,-0.020833333333333925,0.833333333333333,6.270833333333334,0.0,-0.02083333333333337,-5.333333333333329,1,1,42023,MIN,DEN,0,0,0.4732810456702142
-0.2545454545454504,-0.007981818181818201,-0.0004454545454545822,-1.5909090909090935,1.9636363636363647,-1.463636363636363,1.5272727272727273,3.709090909090909,0.0,0.009090909090909038,0.2545454545454504,1,0,42023,OKC,DAL,1,0,0.5216371175794763
10.706140350877192,0.02029385964912278,0.043885964912280695,4.30263157894737,2.5394736842105274,-1.2894736842105257,-0.4035087719298245,13.635964912280702,-402.0,0.425438596491228,-10.706140350877192,1,1,42023,BOS,CLE,1,1,0.8895879924625151
-5.333333333333329,-0.009500000000000008,-0.021958333333333357,0.0625,0.9791666666666679,0.020833333333333925,-0.833333333333333,-6.270833333333334,0.0,0.02083333333333337,5.333333333333329,1,1,42023,DEN,MIN,1,1,0.5301198962571224
-3.959276018099544,-0.05387330316742078,0.0063212669683258005,1.4932126696832597,-7.343891402714931,-1.1040723981900449,0.22171945701357476,-3.135746606334842,0.0,0.0678733031674208,3.959276018099544,1,1,42023,NYK,IND,1,1,0.5445165533608319
0.2545454545454504,0.007981818181818201,0.0004454545454545822,1.5909090909090935,-1.9636363636363647,1.463636363636363,-1.5272727272727273,-3.709090909090909,0.0,-0.009090909090909038,-0.2545454545454504,1,0,42023,DAL,OKC,0,1,0.4817694242045209
-10.706140350877192,-0.02029385964912278,-0.043885964912280695,-4.30263157894737,-2.5394736842105274,1.2894736842105257,0.4035087719298245,-13.635964912280702,0.0,-0.425438596491228,10.706140350877192,1,0,42023,CLE,BOS,0,1,0.13318577731193232
5.333333333333329,0.009500000000000008,0.021958333333333357,-0.0625,-0.9791666666666679,-0.020833333333333925,0.833333333333333,6.270833333333334,0.0,-0.02083333333333337,-5.333333333333329,1,0,42023,MIN,DEN,0,1,0.4732810456702142
3.959276018099544,0.05387330316742078,-0.0063212669683258005,-1.4932126696832597,7.343891402714931,1.1040723981900449,-0.22171945701357476,3.135746606334842,0.0,-0.0678733031674208,-3.959276018099544,1,1,42023,IND,NYK,0,0,0.4588703836148218
0.2545454545454504,0.007981818181818201,0.0004454545454545822,1.5909090909090935,-1.9636363636363647,1.463636363636363,-1.5272727272727273,-3.709090909090909,0.0,-0.009090909090909038,-0.2545454545454504,1,1,42023,DAL,OKC,0,0,0.4817694242045209
-10.706140350877192,-0.02029385964912278,-0.043885964912280695,-4.30263157894737,-2.5394736842105274,1.2894736842105257,0.4035087719298245,-13.635964912280702,0.0,-0.425438596491228,10.706140350877192,1,0,42023,CLE,BOS,0,1,0.13318577731193232
5.333333333333329,0.009500000000000008,0.021958333333333357,-0.0625,-0.9791666666666679,-0.020833333333333925,0.833333333333333,6.270833333333334,0.0,-0.02083333333333337,-5.333333333333329,1,0,42023,MIN,DEN,0,1,0.4732810456702142
3.959276018099544,0.05387330316742078,-0.0063212669683258005,-1.4932126696832597,7.343891402714931,1.1040723981900449,-0.22171945701357476,3.135746606334842,0.0,-0.0678733031674208,-3.959276018099544,1,1,42023,IND,NYK,0,0,0.4588703836148218
-0.2545454545454504,-0.007981818181818201,-0.0004454545454545822,-1.5909090909090935,1.9636363636363647,-1.463636363636363,1.5272727272727273,3.709090909090909,0.0,0.009090909090909038,0.2545454545454504,1,0,42023,OKC,DAL,1,0,0.5216371175794763
10.706140350877192,0.02029385964912278,0.043885964912280695,4.30263157894737,2.5394736842105274,-1.2894736842105257,-0.4035087719298245,13.635964912280702,0.0,0.425438596491228,-10.706140350877192,1,0,42023,BOS,CLE,1,0,0.868381964874501
-3.959276018099544,-0.05387330316742078,0.0063212669683258005,1.4932126696832597,-7.343891402714931,-1.1040723981900449,0.22171945701357476,-3.135746606334842,0.0,0.0678733031674208,3.959276018099544,1,1,42023,NYK,IND,1,1,0.5445165533608319
10.706140350877192,0.02029385964912278,0.043885964912280695,4.30263157894737,2.5394736842105274,-1.2894736842105257,-0.4035087719298245,13.635964912280702,0.0,0.425438596491228,-10.706140350877192,1,1,42023,BOS,CLE,1,1,0.868381964874501
-0.2545454545454504,-0.007981818181818201,-0.0004454545454545822,-1.5909090909090935,1.9636363636363647,-1.463636363636363,1.5272727272727273,3.709090909090909,0.0,0.009090909090909038,0.2545454545454504,1,1,42023,OKC,DAL,1,1,0.5216371175794763
-5.333333333333329,-0.009500000000000008,-0.021958333333333357,0.0625,0.9791666666666679,0.020833333333333925,-0.833333333333333,-6.270833333333334,0.0,0.02083333333333337,5.333333333333329,1,0,42023,DEN,MIN,1,0,0.5301198962571224
-3.959276018099544,-0.05387330316742078,0.0063212669683258005,1.4932126696832597,-7.343891402714931,-1.1040723981900449,0.22171945701357476,-3.135746606334842,0.0,0.0678733031674208,3.959276018099544,1,1,42023,NYK,IND,1,1,0.5445165533608319
-2.202380952380963,0.0274880952380952,-0.0008333333333333526,-6.25,1.9642857142857153,-2.3571428571428577,-1.333333333333333,-10.011904761904763,-1358.0,-0.011904761904761862,2.202380952380963,1,1,42023,CLE,ORL,1,1,0.688683266539313
-5.333333333333329,-0.009500000000000008,-0.021958333333333357,0.0625,0.9791666666666679,0.020833333333333925,-0.833333333333333,-6.270833333333334,0.0,0.02083333333333337,5.333333333333329,1,0,42023,DEN,MIN,1,0,0.5301198962571224
5.621212121212125,0.03251515151515155,-0.01762121212121215,1.0909090909090935,0.9696969696969688,-0.30303030303030276,0.10606060606060552,9.257575757575758,-387.0,0.2575757575757576,-5.621212121212125,1,1,42023,DAL,LAC,1,1,0.7944607472096988
2.202380952380963,-0.0274880952380952,0.0008333333333333526,6.25,-1.9642857142857153,2.3571428571428577,1.333333333333333,10.011904761904763,0.0,0.011904761904761862,-2.202380952380963,1,1,42023,ORL,CLE,0,0,0.47369027482119164
3.7156862745097925,0.034745098039215716,0.023794117647058854,-1.3137254901960773,7.715686274509803,1.5784313725490193,0.13725490196078471,3.8921568627450984,-386.0,0.13725490196078433,-3.7156862745097925,1,1,42023,IND,MIL,1,1,0.7368592514239944
-1.7564102564102484,-0.00803846153846155,-0.003115384615384631,-1.6794871794871824,0.4615384615384599,0.6923076923076916,-0.1923076923076925,1.9102564102564104,387.0,-0.20512820512820512,1.7564102564102484,1,0,42023,PHI,NYK,0,1,0.255859099121039
16.589473684210517,0.029410526315789443,0.04685263157894731,6.852631578947367,2.589473684210528,-0.18947368421052602,1.6631578947368428,23.652631578947368,-387.0,0.6421052631578947,-16.589473684210517,1,1,42023,BOS,MIA,1,1,0.9535437673641795
-5.621212121212125,-0.03251515151515155,0.01762121212121215,-1.0909090909090935,-0.9696969696969688,0.30303030303030276,-0.10606060606060552,-9.257575757575758,0.0,-0.2575757575757576,5.621212121212125,1,0,42023,LAC,DAL,0,1,0.24121635964320418
1.7564102564102484,0.00803846153846155,0.003115384615384631,1.6794871794871824,-0.4615384615384599,-0.6923076923076916,0.1923076923076925,-1.9102564102564104,0.0,0.20512820512820512,-1.7564102564102484,1,0,42023,NYK,PHI,1,0,0.7086621204662426
-3.7156862745097925,-0.034745098039215716,-0.023794117647058854,1.3137254901960773,-7.715686274509803,-1.5784313725490193,-0.13725490196078471,-3.8921568627450984,0.0,-0.13725490196078433,3.7156862745097925,1,1,42023,MIL,IND,0,0,0.3048726906636989
-2.202380952380963,0.0274880952380952,-0.0008333333333333526,-6.25,1.9642857142857153,-2.3571428571428577,-1.333333333333333,-10.011904761904763,0.0,-0.011904761904761862,2.202380952380963,1,1,42023,CLE,ORL,1,1,0.5297109821545471
-16.589473684210517,-0.029410526315789443,-0.04685263157894731,-6.852631578947367,-2.589473684210528,0.18947368421052602,-1.6631578947368428,-23.652631578947368,0.0,-0.6421052631578947,16.589473684210517,1,0,42023,MIA,BOS,0,1,0.05648322103710881
-16.200000000000003,-0.06219999999999998,-0.08984999999999999,4.0,-3.6000000000000014,6.85,0.9500000000000002,-22.05,751.0,-0.6,16.200000000000003,1,0,42023,NOP,OKC,0,1,0.03830205085667735
-4.233333333333334,-0.03294999999999998,0.04006666666666664,1.8999999999999986,0.5166666666666693,0.9333333333333336,0.41666666666666696,0.1166666666666667,-384.0,0.38333333333333336,4.233333333333334,1,1,42023,DEN,LAL,1,1,0.882477728908939
-1.7564102564102484,-0.00803846153846155,-0.003115384615384631,-1.6794871794871824,0.4615384615384599,0.6923076923076916,-0.1923076923076925,1.9102564102564104,0.0,-0.20512820512820512,1.7564102564102484,1,0,42023,PHI,NYK,0,1,0.2941636325466717
-4.25,-0.0017499999999999738,0.006125000000000047,-9.9375,-4.1875,2.1875,0.25,-19.1875,384.0,-0.5625,4.25,1,0,42023,PHX,MIN,0,1,0.07454231670395955
3.7156862745097925,0.034745098039215716,0.023794117647058854,-1.3137254901960773,7.715686274509803,1.5784313725490193,0.13725490196078471,3.8921568627450984,0.0,0.13725490196078433,-3.7156862745097925,1,1,42023,IND,MIL,1,1,0.6980119210552806
5.621212121212125,0.03251515151515155,-0.01762121212121215,1.0909090909090935,0.9696969696969688,-0.30303030303030276,0.10606060606060552,9.257575757575758,0.0,0.2575757575757576,-5.621212121212125,1,0,42023,DAL,LAC,1,0,0.7612728018444066
4.233333333333334,0.03294999999999998,-0.04006666666666664,-1.8999999999999986,-0.5166666666666693,-0.9333333333333336,-0.41666666666666696,-0.1166666666666667,0.0,-0.38333333333333336,-4.233333333333334,1,1,42023,LAL,DEN,0,0,0.14044574778016375
2.202380952380963,-0.0274880952380952,0.0008333333333333526,6.25,-1.9642857142857153,2.3571428571428577,1.333333333333333,10.011904761904763,0.0,0.011904761904761862,-2.202380952380963,1,1,42023,ORL,CLE,0,0,0.47369027482119164
-16.589473684210517,-0.029410526315789443,-0.04685263157894731,-6.852631578947367,-2.589473684210528,0.18947368421052602,-1.6631578947368428,-23.652631578947368,0.0,-0.6421052631578947,16.589473684210517,1,0,42023,MIA,BOS,0,1,0.05648322103710881
-16.200000000000003,-0.06219999999999998,-0.08984999999999999,4.0,-3.6000000000000014,6.85,0.9500000000000002,-22.05,0.0,-0.6,16.200000000000003,1,0,42023,NOP,OKC,0,1,0.054685633492703695
-4.25,-0.0017499999999999738,0.006125000000000047,-9.9375,-4.1875,2.1875,0.25,-19.1875,0.0,-0.5625,4.25,1,0,42023,PHX,MIN,0,1,0.08882585109156949
5.621212121212125,0.03251515151515155,-0.01762121212121215,1.0909090909090935,0.9696969696969688,-0.30303030303030276,0.10606060606060552,9.257575757575758,0.0,0.2575757575757576,-5.621212121212125,1,1,42023,DAL,LAC,1,1,0.7612728018444066
3.7156862745097925,0.034745098039215716,0.023794117647058854,-1.3137254901960773,7.715686274509803,1.5784313725490193,0.13725490196078471,3.8921568627450984,0.0,0.13725490196078433,-3.7156862745097925,1,1,42023,IND,MIL,1,1,0.6980119210552806
-1.7564102564102484,-0.00803846153846155,-0.003115384615384631,-1.6794871794871824,0.4615384615384599,0.6923076923076916,-0.1923076923076925,1.9102564102564104,0.0,-0.20512820512820512,1.7564102564102484,1,1,42023,PHI,NYK,0,0,0.2941636325466717
4.233333333333334,0.03294999999999998,-0.04006666666666664,-1.8999999999999986,-0.5166666666666693,-0.9333333333333336,-0.41666666666666696,-0.1166666666666667,0.0,-0.38333333333333336,-4.233333333333334,1,0,42023,LAL,DEN,0,1,0.14044574778016375
2.202380952380963,-0.0274880952380952,0.0008333333333333526,6.25,-1.9642857142857153,2.3571428571428577,1.333333333333333,10.011904761904763,0.0,0.011904761904761862,-2.202380952380963,1,1,42023,ORL,CLE,0,0,0.47369027482119164
16.200000000000003,0.06219999999999998,0.08984999999999999,-4.0,3.6000000000000014,-6.85,-0.9500000000000002,22.05,0.0,0.6,-16.200000000000003,1,1,42023,OKC,NOP,1,1,0.9460156240679092
16.589473684210517,0.029410526315789443,0.04685263157894731,6.852631578947367,2.589473684210528,-0.18947368421052602,1.6631578947368428,23.652631578947368,0.0,0.6421052631578947,-16.589473684210517,1,0,42023,BOS,MIA,1,0,0.9442397280674096
-5.621212121212125,-0.03251515151515155,0.01762121212121215,-1.0909090909090935,-0.9696969696969688,0.30303030303030276,-0.10606060606060552,-9.257575757575758,0.0,-0.2575757575757576,5.621212121212125,1,0,42023,LAC,DAL,0,1,0.24121635964320418
4.25,0.0017499999999999738,-0.006125000000000047,9.9375,4.1875,-2.1875,-0.25,19.1875,0.0,0.5625,-4.25,1,1,42023,MIN,PHX,1,1,0.912272572863357
-3.7156862745097925,-0.034745098039215716,-0.023794117647058854,1.3137254901960773,-7.715686274509803,-1.5784313725490193,-0.13725490196078471,-3.8921568627450984,0.0,-0.13725490196078433,3.7156862745097925,1,0,42023,MIL,IND,0,1,0.3048726906636989
1.7564102564102484,0.00803846153846155,0.003115384615384631,1.6794871794871824,-0.4615384615384599,-0.6923076923076916,0.1923076923076925,-1.9102564102564104,0.0,0.20512820512820512,-1.7564102564102484,1,1,42023,NYK,PHI,1,1,0.7086621204662426
-2.202380952380963,0.0274880952380952,-0.0008333333333333526,-6.25,1.9642857142857153,-2.3571428571428577,-1.333333333333333,-10.011904761904763,0.0,-0.011904761904761862,2.202380952380963,1,1,42023,CLE,ORL,1,1,0.5297109821545471
-4.233333333333334,-0.03294999999999998,0.04006666666666664,1.8999999999999986,0.5166666666666693,0.9333333333333336,0.41666666666666696,0.1166666666666667,0.0,0.38333333333333336,4.233333333333334,1,1,42023,DEN,LAL,1,1,0.8611937675165294
-5.621212121212125,-0.03251515151515155,0.01762121212121215,-1.0909090909090935,-0.9696969696969688,0.30303030303030276,-0.10606060606060552,-9.257575757575758,0.0,-0.2575757575757576,5.621212121212125,1,1,42023,LAC,DAL,0,0,0.24121635964320418
16.589473684210517,0.029410526315789443,0.04685263157894731,6.852631578947367,2.589473684210528,-0.18947368421052602,1.6631578947368428,23.652631578947368,0.0,0.6421052631578947,-16.589473684210517,1,1,42023,BOS,MIA,1,1,0.9442397280674096
-3.7156862745097925,-0.034745098039215716,-0.023794117647058854,1.3137254901960773,-7.715686274509803,-1.5784313725490193,-0.13725490196078471,-3.8921568627450984,0.0,-0.13725490196078433,3.7156862745097925,1,1,42023,MIL,IND,0,0,0.3048726906636989
16.200000000000003,0.06219999999999998,0.08984999999999999,-4.0,3.6000000000000014,-6.85,-0.9500000000000002,22.05,0.0,0.6,-16.200000000000003,1,1,42023,OKC,NOP,1,1,0.9460156240679092
-4.233333333333334,-0.03294999999999998,0.04006666666666664,1.8999999999999986,0.5166666666666693,0.9333333333333336,0.41666666666666696,0.1166666666666667,0.0,0.38333333333333336,4.233333333333334,1,1,42023,DEN,LAL,1,1,0.8611937675165294
1.7564102564102484,0.00803846153846155,0.003115384615384631,1.6794871794871824,-0.4615384615384599,-0.6923076923076916,0.1923076923076925,-1.9102564102564104,0.0,0.20512820512820512,-1.7564102564102484,1,1,42023,NYK,PHI,1,1,0.7086621204662426
-2.202380952380963,0.0274880952380952,-0.0008333333333333526,-6.25,1.9642857142857153,-2.3571428571428577,-1.333333333333333,-10.011904761904763,0.0,-0.011904761904761862,2.202380952380963,1,1,42023,CLE,ORL,1,1,0.5297109821545471
4.25,0.0017499999999999738,-0.006125000000000047,9.9375,4.1875,-2.1875,-0.25,19.1875,0.0,0.5625,-4.25,1,1,42023,MIN,PHX,1,1,0.912272572863357
0.6086956521739211,-0.025043478260869556,-0.04617391304347823,2.9565217391304373,-3.4782608695652186,-1.9565217391304355,2.695652173913045,6.304347826086956,0.0,0.04347826086956519,-0.6086956521739211,1,1,42024,OKC,IND,0,0,0.49566951577034685
-0.6086956521739211,0.025043478260869556,0.04617391304347823,-2.9565217391304373,3.4782608695652186,1.9565217391304355,-2.695652173913045,-6.304347826086956,0.0,-0.04347826086956519,0.6086956521739211,1,1,42024,IND,OKC,1,1,0.5077419518880341
0.6086956521739211,-0.025043478260869556,-0.04617391304347823,2.9565217391304373,-3.4782608695652186,-1.9565217391304355,2.695652173913045,6.304347826086956,0.0,0.04347826086956519,-0.6086956521739211,1,1,42024,OKC,IND,0,0,0.49566951577034685
-0.6086956521739211,0.025043478260869556,0.04617391304347823,-2.9565217391304373,3.4782608695652186,1.9565217391304355,-2.695652173913045,-6.304347826086956,0.0,-0.04347826086956519,0.6086956521739211,1,0,42024,IND,OKC,1,0,0.5077419518880341
-0.6086956521739211,0.025043478260869556,0.04617391304347823,-2.9565217391304373,3.4782608695652186,1.9565217391304355,-2.695652173913045,-6.304347826086956,0.0,-0.04347826086956519,0.6086956521739211,1,1,42024,IND,OKC,1,1,0.5077419518880341
0.6086956521739211,-0.025043478260869556,-0.04617391304347823,2.9565217391304373,-3.4782608695652186,-1.9565217391304355,2.695652173913045,6.304347826086956,0.0,0.04347826086956519,-0.6086956521739211,1,1,42024,OKC,IND,0,0,0.49566951577034685
0.6086956521739211,-0.025043478260869556,-0.04617391304347823,2.9565217391304373,-3.4782608695652186,-1.9565217391304355,2.695652173913045,6.304347826086956,0.0,0.04347826086956519,-0.6086956521739211,1,0,42024,OKC,IND,0,1,0.49566951577034685
4.531400966183568,0.028359903381642515,0.040082125603864704,-2.0024154589372003,6.60144927536232,0.4661835748792278,0.15458937198067524,2.0434782608695654,-411.0,0.09661835748792269,-4.531400966183568,1,1,42024,IND,NYK,1,1,0.6985943416249989
-4.531400966183568,-0.028359903381642515,-0.040082125603864704,2.0024154589372003,-6.60144927536232,-0.4661835748792278,-0.15458937198067524,-2.0434782608695654,0.0,-0.09661835748792269,4.531400966183568,1,1,42024,NYK,IND,0,0,0.34917218646630205
5.628985507246384,-0.004339130434782568,-0.015069565217391334,1.3652173913043484,-1.2434782608695656,-2.901449275362319,3.4724637681159427,5.681159420289855,-411.0,0.09565217391304348,-5.628985507246384,1,1,42024,OKC,MIN,1,1,0.619721850963804
4.531400966183568,0.028359903381642515,0.040082125603864704,-2.0024154589372003,6.60144927536232,0.4661835748792278,0.15458937198067524,2.0434782608695654,0.0,0.09661835748792269,-4.531400966183568,1,1,42024,IND,NYK,1,1,0.6539228957221397
-5.628985507246384,0.004339130434782568,0.015069565217391334,-1.3652173913043484,1.2434782608695656,2.901449275362319,-3.4724637681159427,-5.681159420289855,0.0,-0.09565217391304348,5.628985507246384,1,0,42024,MIN,OKC,0,1,0.4328004140343226
4.531400966183568,0.028359903381642515,0.040082125603864704,-2.0024154589372003,6.60144927536232,0.4661835748792278,0.15458937198067524,2.0434782608695654,0.0,0.09661835748792269,-4.531400966183568,1,0,42024,IND,NYK,1,0,0.6539228957221397
-5.628985507246384,0.004339130434782568,0.015069565217391334,-1.3652173913043484,1.2434782608695656,2.901449275362319,-3.4724637681159427,-5.681159420289855,0.0,-0.09565217391304348,5.628985507246384,1,1,42024,MIN,OKC,0,0,0.4328004140343226
-4.531400966183568,-0.028359903381642515,-0.040082125603864704,2.0024154589372003,-6.60144927536232,-0.4661835748792278,-0.15458937198067524,-2.0434782608695654,0.0,-0.09661835748792269,4.531400966183568,1,0,42024,NYK,IND,0,1,0.34917218646630205
5.628985507246384,-0.004339130434782568,-0.015069565217391334,1.3652173913043484,-1.2434782608695656,-2.901449275362319,3.4724637681159427,5.681159420289855,0.0,0.09565217391304348,-5.628985507246384,1,1,42024,OKC,MIN,1,1,0.5705468113015131
-4.531400966183568,-0.028359903381642515,-0.040082125603864704,2.0024154589372003,-6.60144927536232,-0.4661835748792278,-0.15458937198067524,-2.0434782608695654,0.0,-0.09661835748792269,4.531400966183568,1,0,42024,NYK,IND,0,1,0.34917218646630205
5.628985507246384,-0.004339130434782568,-0.015069565217391334,1.3652173913043484,-1.2434782608695656,-2.901449275362319,3.4724637681159427,5.681159420289855,0.0,0.09565217391304348,-5.628985507246384,1,1,42024,OKC,MIN,1,1,0.5705468113015131
7.695652173913047,0.011975155279503102,-0.011226708074534186,-2.8633540372670794,0.31366459627329135,-3.29192546583851,3.167701863354038,13.204968944099377,-395.0,0.19565217391304346,-7.695652173913047,1,1,42024,OKC,DEN,1,1,0.7497089535994204
3.8282828282828234,0.007671717171717163,-0.020505050505050526,-0.4797979797979792,-0.16666666666666785,1.146464646464647,1.1616161616161618,-5.545454545454546,-395.0,0.010101010101010166,-3.8282828282828234,1,1,42024,NYK,BOS,1,1,0.5641953215512306
-7.695652173913047,-0.011975155279503102,0.011226708074534186,2.8633540372670794,-0.31366459627329135,3.29192546583851,-3.167701863354038,-13.204968944099377,0.0,-0.19565217391304346,7.695652173913047,1,1,42024,DEN,OKC,0,0,0.2917127547604316
5.983333333333334,0.029849999999999932,0.002866666666666684,1.8666666666666671,0.9499999999999993,1.4666666666666668,-1.6499999999999995,5.666666666666666,-766.0,0.1833333333333333,-5.983333333333334,1,1,42024,MIN,GSW,1,1,0.7745239198241974
-3.8282828282828234,-0.007671717171717163,0.020505050505050526,0.4797979797979792,0.16666666666666785,-1.146464646464647,-1.1616161616161618,5.545454545454546,0.0,-0.010101010101010166,3.8282828282828234,1,1,42024,BOS,NYK,0,0,0.48794587886232665
7.695652173913047,0.011975155279503102,-0.011226708074534186,-2.8633540372670794,0.31366459627329135,-3.29192546583851,3.167701863354038,13.204968944099377,0.0,0.19565217391304346,-7.695652173913047,1,1,42024,OKC,DEN,1,1,0.71109909130945
5.357487922705317,-0.015748792270531387,-0.028971014492753577,4.05797101449275,-3.545893719806763,-2.1884057971014492,0.8454106280193248,9.623188405797102,396.0,-0.09661835748792269,-5.357487922705317,1,0,42024,CLE,IND,0,1,0.2886717375713089
3.8282828282828234,0.007671717171717163,-0.020505050505050526,-0.4797979797979792,-0.16666666666666785,1.146464646464647,1.1616161616161618,-5.545454545454546,0.0,0.010101010101010166,-3.8282828282828234,1,1,42024,NYK,BOS,1,1,0.51546350243748
-5.983333333333334,-0.029849999999999932,-0.002866666666666684,-1.8666666666666671,-0.9499999999999993,-1.4666666666666668,1.6499999999999995,-5.666666666666666,0.0,-0.1833333333333333,5.983333333333334,1,0,42024,GSW,MIN,0,1,0.3016084171506509
-7.695652173913047,-0.011975155279503102,0.011226708074534186,2.8633540372670794,-0.31366459627329135,3.29192546583851,-3.167701863354038,-13.204968944099377,0.0,-0.19565217391304346,7.695652173913047,1,0,42024,DEN,OKC,0,1,0.2917127547604316
-5.357487922705317,0.015748792270531387,0.028971014492753577,-4.05797101449275,3.545893719806763,2.1884057971014492,-0.8454106280193248,-9.623188405797102,0.0,0.09661835748792269,5.357487922705317,1,1,42024,IND,CLE,1,1,0.6723123320177418
3.8282828282828234,0.007671717171717163,-0.020505050505050526,-0.4797979797979792,-0.16666666666666785,1.146464646464647,1.1616161616161618,-5.545454545454546,0.0,0.010101010101010166,-3.8282828282828234,1,0,42024,NYK,BOS,1,0,0.51546350243748
-5.983333333333334,-0.029849999999999932,-0.002866666666666684,-1.8666666666666671,-0.9499999999999993,-1.4666666666666668,1.6499999999999995,-5.666666666666666,0.0,-0.1833333333333333,5.983333333333334,1,0,42024,GSW,MIN,0,1,0.3016084171506509
-7.695652173913047,-0.011975155279503102,0.011226708074534186,2.8633540372670794,-0.31366459627329135,3.29192546583851,-3.167701863354038,-13.204968944099377,0.0,-0.19565217391304346,7.695652173913047,1,1,42024,DEN,OKC,0,0,0.2917127547604316
-5.357487922705317,0.015748792270531387,0.028971014492753577,-4.05797101449275,3.545893719806763,2.1884057971014492,-0.8454106280193248,-9.623188405797102,0.0,0.09661835748792269,5.357487922705317,1,0,42024,IND,CLE,1,0,0.6723123320177418
5.983333333333334,0.029849999999999932,0.002866666666666684,1.8666666666666671,0.9499999999999993,1.4666666666666668,-1.6499999999999995,5.666666666666666,0.0,0.1833333333333333,-5.983333333333334,1,1,42024,MIN,GSW,1,1,0.7012585825463481
-3.8282828282828234,-0.007671717171717163,0.020505050505050526,0.4797979797979792,0.16666666666666785,-1.146464646464647,-1.1616161616161618,5.545454545454546,0.0,-0.010101010101010166,3.8282828282828234,1,0,42024,BOS,NYK,0,1,0.48794587886232665
7.695652173913047,0.011975155279503102,-0.011226708074534186,-2.8633540372670794,0.31366459627329135,-3.29192546583851,3.167701863354038,13.204968944099377,0.0,0.19565217391304346,-7.695652173913047,1,1,42024,OKC,DEN,1,1,0.71109909130945
5.983333333333334,0.029849999999999932,0.002866666666666684,1.8666666666666671,0.9499999999999993,1.4666666666666668,-1.6499999999999995,5.666666666666666,0.0,0.1833333333333333,-5.983333333333334,1,0,42024,MIN,GSW,1,0,0.7012585825463481
5.357487922705317,-0.015748792270531387,-0.028971014492753577,4.05797101449275,-3.545893719806763,-2.1884057971014492,0.8454106280193248,9.623188405797102,0.0,-0.09661835748792269,-5.357487922705317,1,0,42024,CLE,IND,0,1,0.33070145938020307
7.695652173913047,0.011975155279503102,-0.011226708074534186,-2.8633540372670794,0.31366459627329135,-3.29192546583851,3.167701863354038,13.204968944099377,0.0,0.19565217391304346,-7.695652173913047,1,0,42024,OKC,DEN,1,0,0.71109909130945
-3.8282828282828234,-0.007671717171717163,0.020505050505050526,0.4797979797979792,0.16666666666666785,-1.146464646464647,-1.1616161616161618,5.545454545454546,0.0,-0.010101010101010166,3.8282828282828234,1,0,42024,BOS,NYK,0,1,0.48794587886232665
5.357487922705317,-0.015748792270531387,-0.028971014492753577,4.05797101449275,-3.545893719806763,-2.1884057971014492,0.8454106280193248,9.623188405797102,0.0,-0.09661835748792269,-5.357487922705317,1,0,42024,CLE,IND,0,1,0.33070145938020307
0.9166666666666714,0.016535714285714265,0.020809523809523833,6.523809523809518,-3.678571428571427,-0.5714285714285712,-1.0595238095238093,3.0,1722.0,0.011904761904761862,-0.9166666666666714,1,0,42024,HOU,GSW,0,1,0.25811315488504094
-1.2857142857142918,-0.041428571428571426,-0.00821428571428573,7.0,-3.3571428571428577,3.2857142857142865,-0.4285714285714288,-5.428571428571428,-379.0,0.07142857142857145,1.2857142857142918,1,1,42024,DEN,LAC,1,1,0.5880253826408552
-0.9166666666666714,-0.016535714285714265,-0.020809523809523833,-6.523809523809518,3.678571428571427,0.5714285714285712,1.0595238095238093,-3.0,0.0,-0.011904761904761862,0.9166666666666714,1,0,42024,GSW,HOU,1,0,0.5531820260966426
-2.8888888888888857,-0.004277777777777769,-0.029722222222222205,1.2222222222222214,0.16666666666666785,2.4444444444444446,-0.7222222222222223,-1.3333333333333333,2213.0,-0.22222222222222227,2.8888888888888857,1,0,42024,DET,NYK,0,1,0.10677904749516913
1.2857142857142918,0.041428571428571426,0.00821428571428573,-7.0,3.3571428571428577,-3.2857142857142865,0.4285714285714288,5.428571428571428,0.0,-0.07142857142857145,-1.2857142857142918,1,1,42024,LAC,DEN,0,0,0.46163044298003464
0.9166666666666714,0.016535714285714265,0.020809523809523833,6.523809523809518,-3.678571428571427,-0.5714285714285712,-1.0595238095238093,3.0,0.0,0.011904761904761862,-0.9166666666666714,1,1,42024,HOU,GSW,0,0,0.4501937491263571
-8.666666666666657,-0.021999999999999964,-0.016400000000000026,-3.200000000000003,-3.0,-1.2666666666666675,-2.2666666666666666,-9.666666666666666,381.0,-0.39999999999999997,8.666666666666657,1,0,42024,LAL,MIN,0,1,0.11811398425981884
3.8869565217391226,0.028904347826086974,0.00950434782608689,-2.9913043478260875,2.6347826086956516,1.1217391304347828,2.0434782608695645,9.643478260869564,-378.0,0.45217391304347826,-3.8869565217391226,1,1,42024,IND,MIL,1,1,0.9213337455723009
12.12727272727274,0.02367272727272729,0.09992727272727275,3.2909090909090963,1.3999999999999986,1.1090909090909076,0.32727272727272716,18.345454545454547,-380.0,0.3454545454545454,-12.12727272727274,1,1,42024,BOS,ORL,1,1,0.8582597524468633
2.8888888888888857,0.004277777777777769,0.029722222222222205,-1.2222222222222214,-0.16666666666666785,-2.4444444444444446,0.7222222222222223,1.3333333333333333,0.0,0.22222222222222227,-2.8888888888888857,1,0,42024,NYK,DET,1,0,0.7384176667363677
-1.2857142857142918,-0.041428571428571426,-0.00821428571428573,7.0,-3.3571428571428577,3.2857142857142865,-0.4285714285714288,-5.428571428571428,0.0,0.07142857142857145,1.2857142857142918,1,1,42024,DEN,LAC,1,1,0.5417596145540332
-0.9166666666666714,-0.016535714285714265,-0.020809523809523833,-6.523809523809518,3.678571428571427,0.5714285714285712,1.0595238095238093,-3.0,0.0,-0.011904761904761862,0.9166666666666714,1,1,42024,GSW,HOU,1,1,0.5531820260966426
-23.944444444444443,-0.019555555555555548,0.004166666666666652,-7.416666666666664,-1.6388888888888893,4.166666666666666,-4.388888888888889,-42.166666666666664,378.0,-0.5555555555555556,23.944444444444443,1,0,42024,MIA,CLE,0,1,0.08208701770287932
-2.8888888888888857,-0.004277777777777769,-0.029722222222222205,1.2222222222222214,0.16666666666666785,2.4444444444444446,-0.7222222222222223,-1.3333333333333333,0.0,-0.22222222222222227,2.8888888888888857,1,0,42024,DET,NYK,0,1,0.26422708808426326
-12.12727272727274,-0.02367272727272729,-0.09992727272727275,-3.2909090909090963,-1.3999999999999986,-1.1090909090909076,-0.32727272727272716,-18.345454545454547,0.0,-0.3454545454545454,12.12727272727274,1,0,42024,ORL,BOS,0,1,0.16820734185910716
8.666666666666657,0.021999999999999964,0.016400000000000026,3.200000000000003,3.0,1.2666666666666675,2.2666666666666666,9.666666666666666,0.0,0.39999999999999997,-8.666666666666657,1,1,42024,MIN,LAL,1,1,0.8623190902900694
-3.8869565217391226,-0.028904347826086974,-0.00950434782608689,2.9913043478260875,-2.6347826086956516,-1.1217391304347828,-2.0434782608695645,-9.643478260869564,0.0,-0.45217391304347826,3.8869565217391226,1,0,42024,MIL,IND,0,1,0.09456934599278662
-0.9166666666666714,-0.016535714285714265,-0.020809523809523833,-6.523809523809518,3.678571428571427,0.5714285714285712,1.0595238095238093,-3.0,0.0,-0.011904761904761862,0.9166666666666714,1,1,42024,GSW,HOU,1,1,0.5531820260966426
-23.944444444444443,-0.019555555555555548,0.004166666666666652,-7.416666666666664,-1.6388888888888893,4.166666666666666,-4.388888888888889,-42.166666666666664,0.0,-0.5555555555555556,23.944444444444443,1,0,42024,MIA,CLE,0,1,0.09740117859682063
-14.195652173913047,-0.039760869565217405,-0.03638043478260866,0.6847826086956488,-2.4565217391304337,6.684782608695652,-4.989130434782609,-27.847826086956523,750.0,-0.6956521739130435,14.195652173913047,1,0,42024,MEM,OKC,0,1,0.02955801675340033
1.2857142857142918,0.041428571428571426,0.00821428571428573,-7.0,3.3571428571428577,-3.2857142857142865,0.4285714285714288,5.428571428571428,0.0,-0.07142857142857145,-1.2857142857142918,1,0,42024,LAC,DEN,0,1,0.46163044298003464
8.666666666666657,0.021999999999999964,0.016400000000000026,3.200000000000003,3.0,1.2666666666666675,2.2666666666666666,9.666666666666666,0.0,0.39999999999999997,-8.666666666666657,1,1,42024,MIN,LAL,1,1,0.8623190902900694
-3.8869565217391226,-0.028904347826086974,-0.00950434782608689,2.9913043478260875,-2.6347826086956516,-1.1217391304347828,-2.0434782608695645,-9.643478260869564,0.0,-0.45217391304347826,3.8869565217391226,1,1,42024,MIL,IND,0,0,0.09456934599278662
-12.12727272727274,-0.02367272727272729,-0.09992727272727275,-3.2909090909090963,-1.3999999999999986,-1.1090909090909076,-0.32727272727272716,-18.345454545454547,0.0,-0.3454545454545454,12.12727272727274,1,1,42024,ORL,BOS,0,0,0.16820734185910716
1.2857142857142918,0.041428571428571426,0.00821428571428573,-7.0,3.3571428571428577,-3.2857142857142865,0.4285714285714288,5.428571428571428,0.0,-0.07142857142857145,-1.2857142857142918,1,1,42024,LAC,DEN,0,0,0.46163044298003464
-2.8888888888888857,-0.004277777777777769,-0.029722222222222205,1.2222222222222214,0.16666666666666785,2.4444444444444446,-0.7222222222222223,-1.3333333333333333,0.0,-0.22222222222222227,2.8888888888888857,1,0,42024,DET,NYK,0,1,0.26422708808426326
-14.195652173913047,-0.039760869565217405,-0.03638043478260866,0.6847826086956488,-2.4565217391304337,6.684782608695652,-4.989130434782609,-27.847826086956523,0.0,-0.6956521739130435,14.195652173913047,1,0,42024,MEM,OKC,0,1,0.04234597525033664
23.944444444444443,0.019555555555555548,-0.004166666666666652,7.416666666666664,1.6388888888888893,-4.166666666666666,4.388888888888889,42.166666666666664,0.0,0.5555555555555556,-23.944444444444443,1,1,42024,CLE,MIA,1,1,0.9037920914766182
0.9166666666666714,0.016535714285714265,0.020809523809523833,6.523809523809518,-3.678571428571427,-0.5714285714285712,-1.0595238095238093,3.0,0.0,0.011904761904761862,-0.9166666666666714,1,1,42024,HOU,GSW,0,0,0.4501937491263571
12.12727272727274,0.02367272727272729,0.09992727272727275,3.2909090909090963,1.3999999999999986,1.1090909090909076,0.32727272727272716,18.345454545454547,0.0,0.3454545454545454,-12.12727272727274,1,1,42024,BOS,ORL,1,1,0.8336935499063498
-8.666666666666657,-0.021999999999999964,-0.016400000000000026,-3.200000000000003,-3.0,-1.2666666666666675,-2.2666666666666666,-9.666666666666666,0.0,-0.39999999999999997,8.666666666666657,1,1,42024,LAL,MIN,0,0,0.13930928333271447
3.8869565217391226,0.028904347826086974,0.00950434782608689,-2.9913043478260875,2.6347826086956516,1.1217391304347828,2.0434782608695645,9.643478260869564,0.0,0.45217391304347826,-3.8869565217391226,1,1,42024,IND,MIL,1,1,0.9065928213341193
14.195652173913047,0.039760869565217405,0.03638043478260866,-0.6847826086956488,2.4565217391304337,-6.684782608695652,4.989130434782609,27.847826086956523,0.0,0.6956521739130435,-14.195652173913047,1,1,42024,OKC,MEM,1,1,0.9582040417811851
2.8888888888888857,0.004277777777777769,0.029722222222222205,-1.2222222222222214,-0.16666666666666785,-2.4444444444444446,0.7222222222222223,1.3333333333333333,0.0,0.22222222222222227,-2.8888888888888857,1,0,42024,NYK,DET,1,0,0.7384176667363677
-1.2857142857142918,-0.041428571428571426,-0.00821428571428573,7.0,-3.3571428571428577,3.2857142857142865,-0.4285714285714288,-5.428571428571428,0.0,0.07142857142857145,1.2857142857142918,1,0,42024,DEN,LAC,1,0,0.5417596145540332
23.944444444444443,0.019555555555555548,-0.004166666666666652,7.416666666666664,1.6388888888888893,-4.166666666666666,4.388888888888889,42.166666666666664,0.0,0.5555555555555556,-23.944444444444443,1,1,42024,CLE,MIA,1,1,0.9037920914766182
14.195652173913047,0.039760869565217405,0.03638043478260866,-0.6847826086956488,2.4565217391304337,-6.684782608695652,4.989130434782609,27.847826086956523,0.0,0.6956521739130435,-14.195652173913047,1,1,42024,OKC,MEM,1,1,0.9582040417811851
0.9166666666666714,0.016535714285714265,0.020809523809523833,6.523809523809518,-3.678571428571427,-0.5714285714285712,-1.0595238095238093,3.0,0.0,0.011904761904761862,-0.9166666666666714,1,0,42024,HOU,GSW,0,1,0.4501937491263571
12.12727272727274,0.02367272727272729,0.09992727272727275,3.2909090909090963,1.3999999999999986,1.1090909090909076,0.32727272727272716,18.345454545454547,0.0,0.3454545454545454,-12.12727272727274,1,1,42024,BOS,ORL,1,1,0.8336935499063498
2.8888888888888857,0.004277777777777769,0.029722222222222205,-1.2222222222222214,-0.16666666666666785,-2.4444444444444446,0.7222222222222223,1.3333333333333333,0.0,0.22222222222222227,-2.8888888888888857,1,1,42024,NYK,DET,1,1,0.7384176667363677
-1.2857142857142918,-0.041428571428571426,-0.00821428571428573,7.0,-3.3571428571428577,3.2857142857142865,-0.4285714285714288,-5.428571428571428,0.0,0.07142857142857145,1.2857142857142918,1,1,42024,DEN,LAC,1,1,0.5417596145540332
-8.666666666666657,-0.021999999999999964,-0.016400000000000026,-3.200000000000003,-3.0,-1.2666666666666675,-2.2666666666666666,-9.666666666666666,0.0,-0.39999999999999997,8.666666666666657,1,0,42024,LAL,MIN,0,1,0.13930928333271447
3.8869565217391226,0.028904347826086974,0.00950434782608689,-2.9913043478260875,2.6347826086956516,1.1217391304347828,2.0434782608695645,9.643478260869564,0.0,0.45217391304347826,-3.8869565217391226,1,1,42024,IND,MIL,1,1,0.9065928213341193
-14.412698412698418,-0.03519047619047627,0.0637619047619048,-0.9047619047619051,-1.6666666666666679,5.5396825396825395,-1.6507936507936511,-17.333333333333332,1.0,-0.4126984126984127,14.412698412698418,1,0,42025,LAL,OKC,0,1,0.15283071396974415
5.299999999999997,0.02889999999999998,-0.01100000000000001,-3.3000000000000043,-0.10000000000000142,0.8999999999999986,-1.0999999999999996,-4.699999999999999,-1.0,-0.09999999999999998,-5.299999999999997,1,1,42025,CLE,DET,0,0,0.41117153017316976
-5.2222222222222285,-0.029625000000000068,-0.04783333333333334,0.8333333333333357,-1.1388888888888893,0.5416666666666661,-2.2777777777777777,-14.902777777777779,-2198.0,-0.19444444444444442,5.2222222222222285,1,0,42025,MIN,SAS,1,0,0.5392083805723858
-15.777777777777771,-0.07337777777777771,-0.04074444444444447,-5.644444444444446,-4.444444444444443,-1.177777777777779,-3.377777777777778,-26.12222222222222,364.0,-0.37777777777777777,15.777777777777771,1,0,42025,PHI,NYK,0,1,0.1399616528520072
14.412698412698418,0.03519047619047627,-0.0637619047619048,0.9047619047619051,1.6666666666666679,-5.5396825396825395,1.6507936507936511,17.333333333333332,0.0,0.4126984126984127,-14.412698412698418,1,1,42025,OKC,LAL,1,1,0.8488642120389491
-5.299999999999997,-0.02889999999999998,0.01100000000000001,3.3000000000000043,0.10000000000000142,-0.8999999999999986,1.0999999999999996,4.699999999999999,0.0,0.09999999999999998,5.299999999999997,1,1,42025,DET,CLE,1,1,0.5922487438878193
5.2222222222222285,0.029625000000000068,0.04783333333333334,-0.8333333333333357,1.1388888888888893,-0.5416666666666661,2.2777777777777777,14.902777777777779,0.0,0.19444444444444442,-5.2222222222222285,1,1,42025,SAS,MIN,1,1,0.7209131617333467
15.777777777777771,0.07337777777777771,0.04074444444444447,5.644444444444446,4.444444444444443,1.177777777777779,3.377777777777778,26.12222222222222,0.0,0.37777777777777777,-15.777777777777771,1,1,42025,NYK,PHI,1,1,0.8386655135494121
14.412698412698418,0.03519047619047627,-0.0637619047619048,0.9047619047619051,1.6666666666666679,-5.5396825396825395,1.6507936507936511,17.333333333333332,0.0,0.4126984126984127,-14.412698412698418,1,1,42025,OKC,LAL,1,1,0.8488642120389491
-5.299999999999997,-0.02889999999999998,0.01100000000000001,3.3000000000000043,0.10000000000000142,-0.8999999999999986,1.0999999999999996,4.699999999999999,0.0,0.09999999999999998,5.299999999999997,1,1,42025,DET,CLE,1,1,0.5922487438878193
15.777777777777771,0.07337777777777771,0.04074444444444447,5.644444444444446,4.444444444444443,1.177777777777779,3.377777777777778,26.12222222222222,0.0,0.37777777777777777,-15.777777777777771,1,1,42025,NYK,PHI,1,1,0.8386655135494121
5.2222222222222285,0.029625000000000068,0.04783333333333334,-0.8333333333333357,1.1388888888888893,-0.5416666666666661,2.2777777777777777,14.902777777777779,0.0,0.19444444444444442,-5.2222222222222285,1,0,42025,SAS,MIN,1,0,0.7209131617333467
6.6857142857142975,0.048642857142857154,0.024228571428571433,4.028571428571432,1.7428571428571438,1.6571428571428584,-1.6857142857142868,9.314285714285713,-380.0,0.17142857142857143,-6.6857142857142975,1,1,42025,DET,ORL,1,1,0.7186918432466424
-0.44285714285713595,0.005542857142857127,-0.022199999999999998,2.0142857142857125,-4.785714285714285,0.8428571428571416,-1.6428571428571423,1.614285714285714,-1480.0,0.07142857142857145,0.44285714285713595,1,1,42025,CLE,TOR,1,1,0.7239381114230043
4.571428571428569,-0.007971428571428518,-0.006985714285714317,8.057142857142857,2.7142857142857153,-0.4571428571428573,0.02857142857142847,10.757142857142858,379.0,0.028571428571428525,-4.571428571428569,1,0,42025,BOS,PHI,0,1,0.42986564567730345
-6.6857142857142975,-0.048642857142857154,-0.024228571428571433,-4.028571428571432,-1.7428571428571438,-1.6571428571428584,1.6857142857142868,-9.314285714285713,0.0,-0.17142857142857143,6.6857142857142975,1,0,42025,ORL,DET,0,1,0.3239983458833087
0.44285714285713595,-0.005542857142857127,0.022199999999999998,-2.0142857142857125,4.785714285714285,-0.8428571428571416,1.6428571428571423,-1.614285714285714,0.0,-0.07142857142857145,-0.44285714285713595,1,1,42025,TOR,CLE,0,0,0.4465038063325638
8.222222222222229,-0.0738333333333333,-0.09483333333333338,5.833333333333336,-0.5,-2.277777777777777,4.722222222222222,-0.16666666666666652,380.0,-0.1111111111111111,-8.222222222222229,1,0,42025,HOU,LAL,0,1,0.2629066289719292
1.2777777777777715,0.01366666666666666,0.031166666666666676,9.0,-0.3888888888888893,1.8333333333333321,-1.1111111111111107,2.7222222222222223,-380.0,0.22222222222222227,-1.2777777777777715,1,1,42025,MIN,DEN,1,1,0.7336554085410235
-17.444444444444443,-0.07944444444444437,-0.06861111111111112,-7.611111111111107,-3.277777777777775,1.5555555555555554,-1.4444444444444455,-35.72222222222222,1115.0,-0.4444444444444445,17.444444444444443,1,0,42025,ATL,NYK,0,1,0.08417688372389491
-4.571428571428569,0.007971428571428518,0.006985714285714317,-8.057142857142857,-2.7142857142857153,0.4571428571428573,-0.02857142857142847,-10.757142857142858,0.0,-0.028571428571428525,4.571428571428569,1,1,42025,PHI,BOS,1,1,0.5268908662409976
6.6857142857142975,0.048642857142857154,0.024228571428571433,4.028571428571432,1.7428571428571438,1.6571428571428584,-1.6857142857142868,9.314285714285713,0.0,0.17142857142857143,-6.6857142857142975,1,1,42025,DET,ORL,1,1,0.6789836573796166
-8.222222222222229,0.0738333333333333,0.09483333333333338,-5.833333333333336,0.5,2.277777777777777,-4.722222222222222,0.16666666666666652,0.0,0.1111111111111111,8.222222222222229,1,0,42025,LAL,HOU,1,0,0.701758675047525
-0.44285714285713595,0.005542857142857127,-0.022199999999999998,2.0142857142857125,-4.785714285714285,0.8428571428571416,-1.6428571428571423,1.614285714285714,0.0,0.07142857142857145,0.44285714285713595,1,1,42025,CLE,TOR,1,1,0.5568666005762543
17.444444444444443,0.07944444444444437,0.06861111111111112,7.611111111111107,3.277777777777775,-1.5555555555555554,1.4444444444444455,35.72222222222222,0.0,0.4444444444444445,-17.444444444444443,1,1,42025,NYK,ATL,1,1,0.8636975234505837
14.0,0.07602500000000006,0.08250000000000002,5.899999999999999,3.8500000000000014,0.7249999999999996,0.9000000000000004,25.525,-1808.0,0.55,-14.0,1,1,42025,SAS,POR,1,1,0.9669763888333545
4.571428571428569,-0.007971428571428518,-0.006985714285714317,8.057142857142857,2.7142857142857153,-0.4571428571428573,0.02857142857142847,10.757142857142858,0.0,0.028571428571428525,-4.571428571428569,1,0,42025,BOS,PHI,0,1,0.4765124390760768
0.6428571428571388,-0.0743571428571429,0.0124285714285714,3.6785714285714306,-1.0,5.678571428571429,-2.928571428571429,-32.25,745.0,-0.8571428571428571,-0.6428571428571388,1,0,42025,PHX,OKC,0,1,0.012801949946381874
-6.6857142857142975,-0.048642857142857154,-0.024228571428571433,-4.028571428571432,-1.7428571428571438,-1.6571428571428584,1.6857142857142868,-9.314285714285713,0.0,-0.17142857142857143,6.6857142857142975,1,1,42025,ORL,DET,0,0,0.3239983458833087
-1.2777777777777715,-0.01366666666666666,-0.031166666666666676,-9.0,0.3888888888888893,-1.8333333333333321,1.1111111111111107,-2.7222222222222223,0.0,-0.22222222222222227,1.2777777777777715,1,1,42025,DEN,MIN,0,0,0.30773630749195
-14.0,-0.07602500000000006,-0.08250000000000002,-5.899999999999999,-3.8500000000000014,-0.7249999999999996,-0.9000000000000004,-25.525,0.0,-0.55,14.0,1,0,42025,POR,SAS,0,1,0.07837403480249262
-4.571428571428569,0.007971428571428518,0.006985714285714317,-8.057142857142857,-2.7142857142857153,0.4571428571428573,-0.02857142857142847,-10.757142857142858,0.0,-0.028571428571428525,4.571428571428569,1,0,42025,PHI,BOS,1,0,0.5268908662409976
8.222222222222229,-0.0738333333333333,-0.09483333333333338,5.833333333333336,-0.5,-2.277777777777777,4.722222222222222,-0.16666666666666652,0.0,-0.1111111111111111,-8.222222222222229,1,1,42025,HOU,LAL,0,0,0.3011055860379202
0.44285714285713595,-0.005542857142857127,0.022199999999999998,-2.0142857142857125,4.785714285714285,-0.8428571428571416,1.6428571428571423,-1.614285714285714,0.0,-0.07142857142857145,-0.44285714285713595,1,1,42025,TOR,CLE,0,0,0.4465038063325638
0.6428571428571388,-0.0743571428571429,0.0124285714285714,3.6785714285714306,-1.0,5.678571428571429,-2.928571428571429,-32.25,0.0,-0.8571428571428571,-0.6428571428571388,1,0,42025,PHX,OKC,0,1,0.018433592860730208
-17.444444444444443,-0.07944444444444437,-0.06861111111111112,-7.611111111111107,-3.277777777777775,1.5555555555555554,-1.4444444444444455,-35.72222222222222,0.0,-0.4444444444444445,17.444444444444443,1,0,42025,ATL,NYK,0,1,0.13791715467998023
1.2777777777777715,0.01366666666666666,0.031166666666666676,9.0,-0.3888888888888893,1.8333333333333321,-1.1111111111111107,2.7222222222222223,0.0,0.22222222222222227,-1.2777777777777715,1,1,42025,MIN,DEN,1,1,0.6951635169773803
-6.6857142857142975,-0.048642857142857154,-0.024228571428571433,-4.028571428571432,-1.7428571428571438,-1.6571428571428584,1.6857142857142868,-9.314285714285713,0.0,-0.17142857142857143,6.6857142857142975,1,1,42025,ORL,DET,0,0,0.3239983458833087
8.222222222222229,-0.0738333333333333,-0.09483333333333338,5.833333333333336,-0.5,-2.277777777777777,4.722222222222222,-0.16666666666666652,0.0,-0.1111111111111111,-8.222222222222229,1,0,42025,HOU,LAL,0,1,0.3011055860379202
-4.571428571428569,0.007971428571428518,0.006985714285714317,-8.057142857142857,-2.7142857142857153,0.4571428571428573,-0.02857142857142847,-10.757142857142858,0.0,-0.028571428571428525,4.571428571428569,1,0,42025,PHI,BOS,1,0,0.5268908662409976
-14.0,-0.07602500000000006,-0.08250000000000002,-5.899999999999999,-3.8500000000000014,-0.7249999999999996,-0.9000000000000004,-25.525,0.0,-0.55,14.0,1,0,42025,POR,SAS,0,1,0.07837403480249262
-17.444444444444443,-0.07944444444444437,-0.06861111111111112,-7.611111111111107,-3.277777777777775,1.5555555555555554,-1.4444444444444455,-35.72222222222222,0.0,-0.4444444444444445,17.444444444444443,1,1,42025,ATL,NYK,0,0,0.13791715467998023
1.2777777777777715,0.01366666666666666,0.031166666666666676,9.0,-0.3888888888888893,1.8333333333333321,-1.1111111111111107,2.7222222222222223,0.0,0.22222222222222227,-1.2777777777777715,1,1,42025,MIN,DEN,1,1,0.6951635169773803
0.44285714285713595,-0.005542857142857127,0.022199999999999998,-2.0142857142857125,4.785714285714285,-0.8428571428571416,1.6428571428571423,-1.614285714285714,0.0,-0.07142857142857145,-0.44285714285713595,1,1,42025,TOR,CLE,0,0,0.4465038063325638
-0.6428571428571388,0.0743571428571429,-0.0124285714285714,-3.6785714285714306,1.0,-5.678571428571429,2.928571428571429,32.25,0.0,0.8571428571428571,0.6428571428571388,1,1,42025,OKC,PHX,1,1,0.9818117334958989
6.6857142857142975,0.048642857142857154,0.024228571428571433,4.028571428571432,1.7428571428571438,1.6571428571428584,-1.6857142857142868,9.314285714285713,0.0,0.17142857142857143,-6.6857142857142975,1,1,42025,DET,ORL,1,1,0.6789836573796166
-8.222222222222229,0.0738333333333333,0.09483333333333338,-5.833333333333336,0.5,2.277777777777777,-4.722222222222222,0.16666666666666652,0.0,0.1111111111111111,8.222222222222229,1,1,42025,LAL,HOU,1,1,0.701758675047525
14.0,0.07602500000000006,0.08250000000000002,5.899999999999999,3.8500000000000014,0.7249999999999996,0.9000000000000004,25.525,0.0,0.55,-14.0,1,0,42025,SAS,POR,1,0,0.922606119693681
4.571428571428569,-0.007971428571428518,-0.006985714285714317,8.057142857142857,2.7142857142857153,-0.4571428571428573,0.02857142857142847,10.757142857142858,0.0,0.028571428571428525,-4.571428571428569,1,0,42025,BOS,PHI,0,1,0.4765124390760768
-1.2777777777777715,-0.01366666666666666,-0.031166666666666676,-9.0,0.3888888888888893,-1.8333333333333321,1.1111111111111107,-2.7222222222222223,0.0,-0.22222222222222227,1.2777777777777715,1,0,42025,DEN,MIN,0,1,0.30773630749195
-0.44285714285713595,0.005542857142857127,-0.022199999999999998,2.0142857142857125,-4.785714285714285,0.8428571428571416,-1.6428571428571423,1.614285714285714,0.0,0.07142857142857145,0.44285714285713595,1,1,42025,CLE,TOR,1,1,0.5568666005762543
17.444444444444443,0.07944444444444437,0.06861111111111112,7.611111111111107,3.277777777777775,-1.5555555555555554,1.4444444444444455,35.72222222222222,0.0,0.4444444444444445,-17.444444444444443,1,0,42025,NYK,ATL,1,0,0.8636975234505835
14.0,0.07602500000000006,0.08250000000000002,5.899999999999999,3.8500000000000014,0.7249999999999996,0.9000000000000004,25.525,0.0,0.55,-14.0,1,1,42025,SAS,POR,1,1,0.922606119693681
4.571428571428569,-0.007971428571428518,-0.006985714285714317,8.057142857142857,2.7142857142857153,-0.4571428571428573,0.02857142857142847,10.757142857142858,0.0,0.028571428571428525,-4.571428571428569,1,1,42025,BOS,PHI,0,0,0.4765124390760768
-0.6428571428571388,0.0743571428571429,-0.0124285714285714,-3.6785714285714306,1.0,-5.678571428571429,2.928571428571429,32.25,0.0,0.8571428571428571,0.6428571428571388,1,1,42025,OKC,PHX,1,1,0.9818117334958989
6.6857142857142975,0.048642857142857154,0.024228571428571433,4.028571428571432,1.7428571428571438,1.6571428571428584,-1.6857142857142868,9.314285714285713,0.0,0.17142857142857143,-6.6857142857142975,1,0,42025,DET,ORL,1,0,0.6789836573796166
-0.44285714285713595,0.005542857142857127,-0.022199999999999998,2.0142857142857125,-4.785714285714285,0.8428571428571416,-1.6428571428571423,1.614285714285714,0.0,0.07142857142857145,0.44285714285713595,1,1,42025,CLE,TOR,1,1,0.5568666005762543
-8.222222222222229,0.0738333333333333,0.09483333333333338,-5.833333333333336,0.5,2.277777777777777,-4.722222222222222,0.16666666666666652,0.0,0.1111111111111111,8.222222222222229,1,1,42025,LAL,HOU,1,1,0.701758675047525
17.444444444444443,0.07944444444444437,0.06861111111111112,7.611111111111107,3.277777777777775,-1.5555555555555554,1.4444444444444455,35.72222222222222,0.0,0.4444444444444445,-17.444444444444443,1,1,42025,NYK,ATL,1,1,0.8636975234505835
-1.2777777777777715,-0.01366666666666666,-0.031166666666666676,-9.0,0.3888888888888893,-1.8333333333333321,1.1111111111111107,-2.7222222222222223,0.0,-0.22222222222222227,1.2777777777777715,1,1,42025,DEN,MIN,0,0,0.30773630749195
